Date,SPY,QQQ,VIX,GLD,TLT
2010-02-03,0.8449167609214783,0.9907199144363403,0.5982416868209839,0.7932721376419067,2.908951759338379
2010-02-04,1.21393421292305,1.2548162341117859,0.7131630480289459,1.2118857502937317,2.599740147590637
2010-02-05,0.9620881279309591,0.992939958969752,0.86973637342453,0.9215784668922424,1.8076157867908478
2010-02-08,0.9629889875650406,0.9967329874634743,0.8598130941390991,0.905634731054306,1.4348604455590248
2010-02-09,0.9519752144813538,0.9761262238025665,0.9741878986358643,0.9237407684326172,1.6270921528339386
2010-02-10,0.9080150365829468,0.918326336145401,1.0918550491333008,0.8919094920158386,1.1063662827014924
2010-02-11,0.7842652320861816,0.8110684096813202,1.1806610703468323,0.8049938082695007,0.7836652100086212
2010-02-12,0.761967808008194,0.7732455015182496,1.1937959313392639,0.8157710671424866,0.852483606338501
2010-02-16,0.7668520271778106,0.7864329576492309,1.2841742753982544,0.941880464553833,0.894352400302887
2010-02-17,0.6138824462890625,0.6339108616113662,1.2656686544418334,0.7764842510223389,0.8098360180854798
2010-02-18,0.5236886888742447,0.521674457192421,1.296707320213318,0.6788241922855377,0.8089024543762207
2010-02-19,0.3792842209339142,0.35891734063625336,1.3219000101089478,0.4657591968774796,0.8368927478790283
2010-02-22,0.3586003750562668,0.33513893783092497,1.2899237394332885,0.4124628663063049,0.8816070556640625
2010-02-23,0.6594883650541306,0.6660073012113571,1.1909319043159485,0.6636913180351257,0.9866291284561157
2010-02-24,0.7109919995069504,1.0694724857807159,1.1706565737724304,0.6972388923168182,0.7367685198783874
2010-02-25,0.8330566465854645,1.1271949589252472,1.098618495464325,0.7396143674850464,0.8010965585708618
2010-02-26,0.9557965904474258,1.2294459104537965,1.0964505314826964,1.0374563127756118,0.7531806588172912
2010-03-01,1.1703649461269379,1.5159270763397217,1.1973134636878968,1.0454278379678725,0.696099603176117
2010-03-02,0.7045919120311737,0.9995983809232711,1.3600717782974243,0.9178688913583756,0.5587234735488892
2010-03-03,0.6656403988599777,0.6041859805583953,1.4265632629394531,0.8791317194700241,0.474310702085495
2010-03-04,0.5522661924362182,0.5559352844953537,1.4206932663917542,0.8407508194446563,0.3976400464773178
2010-03-05,0.8519892930984497,0.8983843773603439,1.445240318775177,0.5523264110088348,0.8236215800046921
2010-03-08,0.6145852565765381,0.6109611809253692,1.302481973171234,0.5521588116884232,0.7723390012979507
2010-03-09,0.6117725551128388,0.6188098579645157,1.2286020159721374,0.16510386765003204,0.8293140202760696
2010-03-10,0.5994402557611466,0.6196722358465194,1.0709543466567992,0.6564445644617081,0.8918794363737106
2010-03-11,0.58089150339365,0.6131248235702514,1.147510039806366,0.6920761406421662,0.9377485275268554
2010-03-12,0.13364237993955613,0.16294320225715636,1.2107972264289857,0.7273184299468994,0.49164740443229676
2010-03-15,0.12762873470783234,0.15499377846717835,1.2254437804222107,0.7741960644721985,0.524834793806076
2010-03-16,0.11675001531839371,0.14070791155099868,1.235923421382904,1.073899257183075,0.48115420937538145
2010-03-17,0.10556883513927459,0.12520593255758286,1.4391140937805176,0.6019160985946655,0.4262856662273407
2010-03-18,0.09786807298660279,0.11376612931489945,1.516349458694458,0.59654221534729,0.35698516964912413
2010-03-19,0.09164965599775314,0.10535972565412521,1.3481528878211975,0.9641560256481171,0.28217599987983705
2010-03-22,0.08919296115636825,0.10134054571390153,1.399083149433136,0.9435281932353974,0.219284026324749
2010-03-23,0.08748223036527633,0.09844045788049698,1.429157841205597,0.7429080665111542,0.1520281180739403
2010-03-24,0.08874263912439347,0.09961011111736298,1.278266394138336,1.0806600391864776,0.6937034830451012
2010-03-25,0.09014735519886016,0.0986929178237915,1.110126543045044,1.084898978471756,0.7147807672619819
2010-03-26,0.09093650579452514,0.09703414589166641,1.1643937468528747,0.8649237930774689,0.7830198243260383
2010-03-29,0.09175680875778199,0.09592081308364868,1.2379776120185852,0.9588037014007569,0.8632375985383988
2010-03-30,0.09130522012710571,0.09319230020046235,1.2657477259635925,0.960233211517334,0.9355216652154923
2010-03-31,0.08949187397956848,0.08949187397956848,1.3037766814231873,0.7114420533180237,0.41268005669116975
2010-04-01,0.08773507773876191,0.08773507773876191,1.3748679161071777,0.879284656047821,0.4528373062610626
2010-04-05,0.08620952069759369,0.08620952069759369,1.3886847019195556,0.7688971877098083,0.780340313911438
2010-04-06,0.08488240838050842,0.08488240838050842,1.3727153062820434,0.7124871611595154,0.7352367877960205
2010-04-07,0.08448375165462493,0.08448375165462493,1.2964714527130128,0.9192174792289733,0.8838643372058869
2010-04-08,0.0842686951160431,0.0842686951160431,1.304363489151001,0.8082387447357178,0.8679134309291839
2010-04-09,0.08423552364110946,0.08423552364110946,1.3302583694458008,0.5959945470094681,0.8607294738292695
2010-04-12,0.08442545682191849,0.08442545682191849,1.3843184471130372,0.5108726158738136,0.5170408606529235
2010-04-13,0.08442545682191849,0.08442545682191849,1.3125208616256714,0.4368226364254951,0.5214451611042022
2010-04-14,0.7518918097019196,0.7518918097019196,1.3175403833389283,0.11864234060049057,0.32852294743061067
2010-04-15,0.7532920241355896,0.7532920241355896,1.3100175380706787,0.11224481910467148,0.2887211352586746
2010-04-16,1.3263154372572898,1.3263154372572898,1.2137275695800782,0.6729383900761604,0.23599028587341309
2010-04-19,1.3583912014961244,1.3583912014961244,1.1656110048294068,0.70905582010746,0.18590381145477294
2010-04-20,1.3697115764021874,1.3697115764021874,1.2369395256042481,0.7643351227045059,0.14486927688121795
2010-04-21,0.724861066043377,0.724861066043377,1.280577039718628,0.8319707453250885,0.11743510216474533
2010-04-22,0.7368302196264267,0.7368302196264267,1.268209171295166,0.875829565525055,0.10428217500448227
2010-04-23,0.1734884947538376,0.1734884947538376,1.3227147102355956,0.7972269177436828,0.09500974118709564
2010-04-26,0.1494555801153183,0.1494555801153183,1.220870065689087,0.7635912626981736,0.08887597024440766
2010-04-27,0.6510050386190415,0.6510050386190415,1.1581384420394898,1.2610854417085648,0.7574218928813934
2010-04-28,0.6688426941633224,0.6688426941633224,1.2876260995864868,1.191828702390194,0.7566426679491997
2010-04-29,0.8801171272993088,0.8801171272993088,1.3170066833496095,1.1527450650930404,0.7561626359820366
2010-04-30,1.1250624269247056,1.1250624269247056,1.4465229988098145,0.6717822894454002,1.4064868479967116
2010-05-03,1.486856359243393,1.486856359243393,1.5715164184570312,0.6670513674616814,1.4088536649942398
2010-05-04,1.1835011422634125,1.1835011422634125,1.6789016485214234,0.11143835932016373,1.3605380445718764
2010-05-05,1.1995623350143432,1.1995623350143432,1.4699975490570067,0.1098632425069809,1.3612838834524155
2010-05-06,1.2726117849349976,1.2726117849349976,1.470834445953369,0.7526982113718986,1.9705786019563676
2010-05-07,1.3723170280456543,1.3723170280456543,1.4098549127578734,0.7474998727440834,1.8673638135194779
2010-05-10,1.2835658550262452,1.2835658550262452,1.3673966884613038,0.7463690727949143,2.223231217265129
2010-05-11,1.259790563583374,1.259790563583374,1.2289952754974365,1.3682889580726623,1.657659336924553
2010-05-12,1.3678075551986695,1.3678075551986695,1.233382487297058,1.3683454275131226,1.7411150217056275
2010-05-13,1.3183827638626098,1.3183827638626098,1.267530131340027,0.7234829470515252,1.238738465309143
2010-05-14,1.28610200881958,1.28610200881958,1.1517934441566466,0.7271190837025643,0.9489988803863525
2010-05-17,1.0898372054100036,1.0898372054100036,1.1642835974693297,0.7329581469297409,0.6230177193880081
2010-05-18,1.1792383551597596,1.1792383551597596,1.2651928305625915,0.11642340719699859,0.92138092815876
2010-05-19,1.1116429448127747,1.1116429448127747,1.2719866156578064,0.6379075467586517,0.852180939912796
2010-05-20,1.1326309084892272,1.1326309084892272,1.2146517157554626,0.6824810996651649,1.1599981129169463
2010-05-21,1.029847013950348,1.029847013950348,1.2550766706466674,0.694628793001175,0.9242797583341599
2010-05-24,1.178700852394104,1.163685417175293,1.1729361414909363,1.1249241590499879,0.9218722641468048
2010-05-25,1.0148293137550355,1.0988472938537597,1.0656920552253724,1.1269392758607863,0.5998151391744614
2010-05-26,1.1287740111351012,1.267481756210327,1.1338034272193909,0.6109543710947036,0.6105589628219604
2010-05-27,1.010397243499756,1.2623990774154663,1.114167535305023,0.5696266412734985,0.6445312738418579
2010-05-28,1.0281220436096192,1.2409972667694091,1.1548354506492615,0.5596567377448082,0.6944173961877823
2010-06-01,1.1208027124404907,1.2164471387863158,1.1494996786117553,0.1288591131567955,0.7688204437494278
2010-06-02,1.2442123293876648,1.1678011775016786,1.16545250415802,0.12480178326368332,0.8532841205596924
2010-06-03,1.2358777165412902,0.9846577703952789,1.0748058557510376,0.665611831843853,0.9367359340190887
2010-06-04,1.3498751640319824,0.999582725763321,1.1302450180053711,1.0781930163502693,0.7243315398693084
2010-06-07,1.4326764583587646,1.0998759329319001,1.0407195687294006,1.5059039622545243,0.6928738176822662
2010-06-08,1.351532506942749,0.9787717223167419,1.106319510936737,1.5253395050764085,0.6112304210662842
2010-06-09,1.3270533561706543,1.0067542791366577,1.059369397163391,1.5422315031290055,0.5070105880498886
2010-06-10,1.2753779411315918,1.0870604693889618,1.1051327466964722,1.485545387864113,0.9155219048261642
2010-06-11,1.179855215549469,0.9770675122737884,1.03821861743927,1.1092311769723893,1.0806929558515548
2010-06-14,1.0532060742378235,0.8539578855037689,1.0364716529846192,0.7978663474321366,1.0626140177249908
2010-06-15,0.9756012320518493,0.9623782515525818,1.0484708786010741,0.9860358327627182,1.092405903339386
2010-06-16,0.8071078956127167,0.8318041026592254,1.0539909839630126,1.0534598112106324,1.1214394003152848
2010-06-17,0.8016120254993438,0.7648297607898712,1.077351713180542,0.8607385396957398,0.6423447459936142
2010-06-18,0.7656933486461639,0.685995489358902,1.1706421852111817,0.8256578534841538,0.28620436489582063
2010-06-21,0.6841566979885101,0.5572509229183197,1.1814419269561767,1.2277243584394455,0.30955764651298523
2010-06-22,0.9284849345684052,0.41725258231163026,1.0930756211280823,1.0641584664583206,0.6368185579776764
2010-06-23,0.9505381345748901,0.40261718034744265,1.1757946014404297,1.0733891636133195,0.6113298952579498
2010-06-24,1.0824527859687805,0.7849801421165467,1.0784371137619018,0.8758908778429031,0.5799432039260864
2010-06-25,1.0174409031867981,0.7441549301147461,1.0427701711654662,1.108000820875168,0.541261175274849
2010-06-28,1.0907889008522034,0.7972804307937622,1.1920039534568787,1.0360600173473358,0.5001814439892769
2010-06-29,0.9427673935890197,1.0792281866073608,1.2454702377319335,1.0397614896297456,0.7345587328076363
2010-06-30,0.93895303606987,1.4135446310043336,1.2741331100463866,1.0811660706996917,0.7207248866558075
2010-07-01,0.8406230986118317,0.9969159066677094,1.563540244102478,1.2727852165699005,0.7167160764336586
2010-07-02,0.9479117810726165,1.1131129324436189,1.5578164339065552,1.416225653886795,0.7138714924454689
2010-07-06,0.9251835644245148,1.1687122762203217,1.5087824583053588,1.291015273332596,0.7127387061715126
2010-07-07,0.8516156494617462,1.020405250787735,1.5873348712921143,1.6073881387710571,0.6687693610787392
2010-07-08,0.8845132946968078,0.7411263048648834,1.6030999660491942,1.6421473383903504,0.7041150063276291
2010-07-09,0.8232189655303955,0.8084285736083985,1.4418952703475951,1.5183599591255188,0.7493547633290291
2010-07-12,0.7466289877891541,0.7688352823257446,1.4716854333877563,1.2878403544425965,0.7653826788067818
2010-07-13,0.866176176071167,0.8502944946289063,1.3771809220314026,1.101615273952484,0.7791186153888703
2010-07-14,0.6861360251903534,0.6954328894615174,1.2339520573616027,0.8784938216209411,0.7344033539295196
2010-07-15,0.5980514377355576,0.6086928248405457,1.211530077457428,0.8488516688346863,0.7069058388471603
2010-07-16,1.0393928617238999,1.0118819952011109,1.0709544181823731,0.9799154162406921,0.66411851644516
2010-07-19,0.9840027540922165,0.9307609438896179,1.0132715225219726,0.8817039012908936,0.6496107146143913
2010-07-20,0.8969639986753464,0.8930301785469055,1.079248344898224,0.8999425530433655,0.6391720101237297
2010-07-21,1.1261435061693192,1.108997118473053,1.1505366921424867,0.9020987033843995,0.7084067150950432
2010-07-22,1.5221647381782533,1.4837993741035462,1.115837776660919,0.9012709379196167,1.229933388531208
2010-07-23,1.121260392665863,1.1378015637397767,1.256874418258667,0.7452175855636597,1.5933404430747031
2010-07-26,1.2892653703689576,1.2438796877861023,1.3250534296035767,0.8337377548217774,1.6364046901464462
2010-07-27,1.1487238466739655,1.1926629304885865,1.2636470675468445,0.9704346060752869,1.7609154343605042
2010-07-28,0.9550673365592957,1.0873281359672546,1.2028110027313232,0.8624927580356598,1.2940427541732789
2010-07-29,0.5862009882926941,0.7839937090873719,1.2003166198730468,0.8659513175487519,0.9039140582084656
2010-07-30,0.45703301429748533,0.6340420007705688,1.18962664604187,0.9161583602428436,0.7251750826835632
2010-08-02,0.6665116786956787,0.9013189673423767,1.2286682367324828,0.8684095084667206,0.8845256209373474
2010-08-03,0.6267690658569336,0.7638581335544586,1.2617989659309388,0.6707431018352509,0.8086193621158599
2010-08-04,0.6019163936376571,1.1190242707729339,1.3410640954971313,0.6820464372634888,0.8389567792415619
2010-08-05,0.5855226576328277,1.0410191968083382,1.2209286093711853,0.5597186148166656,0.8443205177783966
2010-08-06,0.5703209787607193,1.0145260706543922,1.2012707591056824,0.3804118692874908,0.8471688330173492
2010-08-09,0.16411078870296478,0.6079893872141838,1.1319579005241394,0.2920255482196808,0.7145110011100769
2010-08-10,0.1634843409061432,0.6091890409588814,1.0810928463935852,0.19807072579860688,0.7489345610141754
2010-08-11,0.6894673734903336,0.6710556581616401,1.0329764842987061,0.14478469043970107,0.8480891764163971
2010-08-12,0.7216954529285431,0.7138845205307007,1.1515408396720885,0.7611954882740974,0.7243912518024445
2010-08-13,0.8037898153066635,0.794414895772934,1.2023446917533875,0.7489585533738137,0.8849742949008942
2010-08-16,0.8518251746892929,0.8350117117166519,0.9848255336284637,0.7409749358892441,1.4215100765228272
2010-08-17,1.1736782848834992,1.1606797516345977,1.1453517377376556,0.7353782132267952,1.343870121240616
2010-08-18,0.6475567013025284,0.6366164982318878,1.3153211414813994,0.7348395183682441,1.1023939549922943
2010-08-19,1.1371535807847977,1.1275492787361145,1.4438005268573761,0.0919390231370926,1.5956086337566375
2010-08-20,1.085936239361763,1.0877272665500641,1.4128752052783966,0.08829332888126373,1.2491818010807036
2010-08-23,1.0999750465154647,1.1277786076068879,1.503766906261444,0.08806192725896836,0.6508082836866379
2010-08-24,1.1077180951833725,1.142937308549881,1.348591673374176,0.08851416260004044,1.156047549843788
2010-08-25,1.1375095963478088,1.1740456163883208,1.2622676968574524,0.0895518496632576,1.1535004645586013
2010-08-26,0.7411005973815918,0.9409946024417877,1.2435491919517516,0.09037549495697021,0.6560353755950927
2010-08-27,0.8920681238174438,1.2307092308998109,1.2033056616783142,0.09097655564546585,1.108889639377594
2010-08-30,1.0546129941940308,1.4352980136871338,1.3752240180969237,0.0906579166650772,1.4989463061094284
2010-08-31,0.7659874618053436,1.1445120096206665,1.4215675354003907,0.08985433578491211,1.421530744433403
2010-09-01,0.8917888939380646,1.261667823791504,1.3445488452911376,0.08874286413192749,1.8238897293806076
2010-09-02,0.936376827955246,1.160250759124756,1.206809139251709,0.08767058104276657,2.069441032409668
2010-09-03,0.9262323319911957,1.0369775533676147,1.1639888763427735,0.0869567111134529,1.8610724449157714
2010-09-07,0.9128913104534149,0.8443974494934082,1.072786545753479,0.0868008092045784,1.7741623640060424
2010-09-08,0.9189058423042298,1.002655601501465,1.0689833164215088,0.08650195449590684,1.4570317268371582
2010-09-09,0.8992418766021728,0.8420664340257644,1.0992929935455322,0.08594397008419037,1.3244956493377686
2010-09-10,0.8584785461425781,0.6668174356222153,1.1410558462142943,0.08535544574260712,1.1604030847549438
2010-09-13,0.8704388618469239,0.8235427945852279,1.2043181657791138,0.08488240838050842,1.1086096525192262
2010-09-14,0.6760634571313858,0.7399260014295578,1.158653438091278,0.751950104534626,0.9818006753921509
2010-09-15,0.7205679684877395,0.5528373390436172,1.0916603684425354,0.7531352624297142,1.1338796138763427
2010-09-16,0.669279220700264,0.577946275472641,1.0958396077156067,0.7543779581785202,0.9347817420959472
2010-09-17,0.6153962403535843,0.5953884601593018,1.061183750629425,0.7558460876345634,1.0331478357315063
2010-09-20,0.7082101374864578,0.60232515335083,1.0444135785102844,0.7571386754512787,1.0245620727539062
2010-09-21,0.6862548232078552,0.6272344291210175,1.108831524848938,0.09078890532255172,0.995809268951416
2010-09-22,0.5982582896947861,0.641237986087799,1.1952861547470093,0.09050889164209366,0.8419930338859558
2010-09-23,0.5069248735904693,0.6501601099967956,1.1257025599479675,0.09036274701356888,0.9251100540161132
2010-09-24,0.9167883694171906,0.9799693584442138,1.1710169196128846,0.09026930183172226,1.0082230806350707
2010-09-27,0.635557010769844,0.651440006494522,1.2501058459281922,0.08978172391653061,1.1691523313522338
2010-09-28,0.6356008499860764,0.6389210760593415,1.2160873532295227,0.0894264116883278,1.1181212306022643
2010-09-29,0.628771623969078,0.6254497230052948,1.1396910071372985,0.08911888152360917,1.1588010787963867
2010-09-30,0.6233697563409806,0.6083901435136795,1.221534752845764,0.08854371756315231,1.149640154838562
2010-10-01,0.12796587496995926,0.2502179741859436,1.365876317024231,0.08787287771701813,1.011417806148529
2010-10-04,0.12417087256908417,0.7055735886096954,1.4077148675918578,0.08765902370214462,0.7855649352073669
2010-10-05,0.7275718480348587,1.0812148571014404,1.5356962919235229,0.7513927906751633,0.7566329061985015
2010-10-06,0.7210917621850967,1.0636962354183197,1.5998661756515502,0.7517795741558075,0.889193731546402
2010-10-07,0.7191332086920739,1.05158973634243,1.487914752960205,1.3199117377400398,0.7544999569654465
2010-10-08,0.720947515964508,1.046055045723915,1.3317294359207152,1.3538013577461243,0.6218354731798172
2010-10-11,0.7218950808048248,0.5506378710269928,1.185395312309265,1.3660192593932152,0.49996744394302367
2010-10-12,0.11312729120254517,0.1514879435300827,1.0127772569656373,0.7256874963641167,0.4235565409064293
2010-10-13,0.11399461477994918,0.1451617658138275,1.0453363180160522,1.2536684721708298,0.135684335231781
2010-10-14,0.1117933064699173,0.13522154837846756,1.0653315663337708,0.6973144352436066,0.6763803571462631
2010-10-15,0.1087723657488823,0.6988046929240227,1.092479407787323,0.667494049668312,1.042565217614174
2010-10-18,0.10616230815649033,0.6915546655654907,0.9980126738548278,0.6594915017485619,1.0824624717235565
2010-10-19,0.670495168864727,0.6852926045656205,0.9933449983596802,1.1847749516367911,1.2083259478211403
2010-10-20,0.7015540868043899,0.6791364490985871,1.0208417654037476,0.698563514649868,1.3450239300727844
2010-10-21,0.7158240973949432,0.6754380822181701,1.1338624119758607,1.0417317643761634,1.0923093199729919
2010-10-22,0.7400753155350686,0.10024145841598511,1.147923767566681,1.0895574554800986,0.7677164733409881
2010-10-25,0.7535868346691131,0.09658232927322388,1.2530842900276185,1.2341929018497466,0.8673510491847992
2010-10-26,0.19911826252937317,0.09368642568588256,1.263602578639984,0.8319509208202363,1.0460956633090972
2010-10-27,0.17553475201129914,0.09136835932731628,1.1593285918235778,1.100696051120758,0.9913604915142059
2010-10-28,0.1676590323448181,0.08917338252067566,1.049105954170227,1.0827987313270568,0.8522990882396698
2010-10-29,0.14546958953142167,0.08739023953676224,0.9324679017066956,1.2476449847221374,0.9623199105262756
2010-11-01,0.1365303173661232,0.08727908879518509,1.0836037516593933,1.254242479801178,0.9679754972457886
2010-11-02,0.1268016591668129,0.7399523869156838,1.3873468875885009,1.2437008023262024,0.8426683664321899
2010-11-03,0.11468198150396347,0.740750053524971,1.4730183601379394,1.0674541473388672,1.0935462236404419
2010-11-04,0.7699857369065285,1.3822362080216408,1.5872897267341615,0.9587985515594483,0.9798187851905823
2010-11-05,0.7668694168329239,1.3839324563741684,1.6798896074295044,0.7597428619861603,1.1333145022392273
2010-11-08,0.7590145513415336,1.3878125831484796,1.4110013008117677,1.0533225595951081,1.0559061646461487
2010-11-09,0.7544171184301376,0.7394962131977081,1.0988983631134033,1.4473076283931732,1.1769588112831115
2010-11-10,0.7541592419147491,0.7424374178051949,1.109550142288208,1.7348004877567291,0.9316271901130676
2010-11-11,0.08767190426588059,0.10464346706867218,0.9703219652175903,1.5396752953529358,1.0573234558105469
2010-11-12,0.6751589700579643,0.658916300535202,0.8651244044303894,1.9460141718387605,0.9184374570846557
2010-11-15,0.7057269394397736,0.6937783837318421,1.0290853142738343,1.5621202826499938,1.1445712804794312
2010-11-16,1.0821325436234475,1.1913948997855186,1.1704788327217102,1.3090649008750916,1.0692764043807983
2010-11-17,1.1321712836623192,1.2392524197697639,1.1330582261085511,0.9503576397895813,1.1433301210403441
2010-11-18,1.3204840540885925,1.4230324029922485,1.2418871760368346,1.0904265701770783,1.1286812663078307
2010-11-19,0.8149360299110413,0.9483644068241119,1.324252152442932,0.7520719349384308,1.1119175910949708
2010-11-22,0.8988354086875916,1.015697830915451,1.2843544960021973,0.8317106485366821,0.9678597211837768
2010-11-23,0.8710140585899353,0.871619576215744,1.1434101819992066,0.6913343787193298,0.884458577632904
2010-11-24,1.1783424735069274,1.1877293646335603,1.1538468599319458,0.7566959738731385,1.0287145972251892
2010-11-26,1.2032046675682069,1.1217016994953155,1.2080052375793457,0.6936511039733887,1.209691548347473
2010-11-29,1.1788764476776123,1.1701795697212218,1.2170594453811645,0.6913495182991027,1.171087634563446
2010-11-30,1.228348970413208,1.3881399512290955,1.2831573486328125,0.7784642577171326,1.1629543423652648
2010-12-01,1.0593847274780273,1.415264403820038,1.3645235776901246,0.6547344416379929,1.3239389419555665
2010-12-02,0.9298321723937988,1.2695361971855164,1.3867090940475464,0.5762586027383805,1.0655292928218842
2010-12-03,0.7797074317932129,1.2195147037506104,1.3772480249404908,0.8172853261232376,0.8822449386119843
2010-12-06,0.8154842019081116,1.2001492857933045,1.26718510389328,0.7382313191890717,0.9393893420696259
2010-12-07,0.7377694845199585,0.9665793657302857,1.2135247349739076,1.0442701756954194,0.9775957763195038
2010-12-08,0.6475684165954589,0.6898869037628174,1.2316061854362488,1.3602815598249436,0.7218282043933868
2010-12-09,0.4909387469291687,0.5656992793083191,1.25782071352005,1.3597403198480607,0.819280457496643
2010-12-10,0.4902310371398926,0.5774226784706116,1.173367965221405,1.1710686832666397,0.8010802507400513
2010-12-13,0.4422723054885864,0.534394109249115,1.2921789169311524,1.3191080927848815,0.7676408290863037
2010-12-14,0.37631136178970337,0.47743324637413026,1.277884268760681,0.9165455222129821,0.8772507190704346
2010-12-15,0.30229390859603883,0.40123540759086607,1.1806027054786683,0.9085038065910339,1.1871309876441956
2010-12-16,0.2390378639101982,0.31331807672977446,1.1243943572044373,0.9118851482868194,1.1001126050949097
2010-12-17,0.18385873287916182,0.23999038338661194,1.2364779829978942,0.8938541352748871,1.1180234909057618
2010-12-20,0.1373687818646431,0.1742365539073944,1.2403478741645813,0.9045770347118378,1.1441057801246644
2010-12-21,0.11931386739015579,0.1423139452934265,1.2307876944541931,0.9297757089138031,1.011861002445221
2010-12-22,0.10680190473794937,0.11240271925926208,1.346395206451416,0.7602906167507172,0.8187371253967285
2010-12-23,0.10219147056341171,0.10411070883274079,1.402756643295288,0.8518749713897705,0.9195175409317017
2010-12-27,0.09655684530735016,0.09421572834253311,1.2859803676605224,0.8470945715904236,0.9010096907615661
2010-12-28,0.09679583609104156,0.09267626851797103,1.1806743741035461,0.893607747554779,1.0462796688079834
2010-12-29,0.0962360605597496,0.09120147824287414,1.240489661693573,0.76624316573143,1.2466455698013306
2010-12-30,0.09460107535123825,0.08989517688751221,1.324065339565277,0.6703701555728913,1.2157353162765503
2010-12-31,0.09111817628145218,0.08742068856954574,1.220100748538971,0.8737242162227631,1.2494475841522217
2011-01-03,0.7572630316019058,0.7544492453336715,1.1026893556118011,0.7401083528995513,1.1787923216819762
2011-01-04,0.7564102128148079,0.7553756788372994,1.2395364344120026,1.0973384201526641,0.9598813772201538
2011-01-05,0.755800886452198,0.755800886452198,1.2244391739368439,1.1067890286445619,0.9541060209274292
2011-01-06,0.7556561544537544,0.7556561544537544,1.2167347490787506,1.1452722072601318,0.8645612716674804
2011-01-07,0.7571386754512787,0.7571386754512787,1.3499417364597321,0.8700998842716217,0.80717613697052
2011-01-10,0.09078890532255172,0.09078890532255172,1.604355025291443,0.9404022395610809,0.8689264059066772
2011-01-11,0.09050889164209366,0.09050889164209366,1.6418844938278199,0.4344869077205658,0.9063413977622986
2011-01-12,0.09036274701356888,0.09036274701356888,1.6210484981536866,0.4529640316963196,0.6747310757637024
2011-01-13,0.09026930183172226,0.09026930183172226,1.399679923057556,0.7221147656440735,0.7118012428283691
2011-01-14,0.08978172391653061,0.08978172391653061,1.3216228485107422,1.0342874109745026,0.6264761984348297
2011-01-18,0.0894264116883278,0.0894264116883278,1.257933783531189,1.0166943967342377,0.5275264143943786
2011-01-19,0.08911888152360917,0.6664004057645798,1.0976361751556396,1.1157977759838105,0.44405625462532045
2011-01-20,0.08854371756315231,0.6988933220505714,1.0327088713645936,1.3632294058799743,0.690040522813797
2011-01-21,0.08787287771701813,0.7171795681118965,1.1067382931709289,1.067784559726715,0.6417678654193878
2011-01-24,0.08765902370214462,1.147143618762493,1.1440716147422791,0.8466471076011658,0.701950216293335
2011-01-25,0.08729634433984756,1.1579133361577987,0.9975145816802978,0.9478667736053467,0.7850977599620819
2011-01-26,0.0869567111134529,0.5869297757744789,1.0874619722366332,0.9434750437736511,1.0468395471572876
2011-01-27,0.0868008092045784,0.5596845984458924,1.1550535321235658,0.9449572443962098,0.7151922583580017
2011-01-28,0.6730261981487274,1.0986548572778703,1.2546598315238953,1.1352606415748596,0.8062647819519043
2011-01-31,0.6997542634606362,0.7066389411687851,1.2346179127693175,1.0803757905960083,0.8187301278114318
2011-02-01,1.1529186934232711,0.9606929689645767,1.3962585210800171,1.0552123069763184,0.8131922245025635
2011-02-02,1.1628220841288566,1.0094962105154992,1.4150597333908081,1.021954560279846,0.6169129014015198
2011-02-03,1.1673011779785156,1.0568248808383942,1.4404218196868896,0.9176621675491333,0.6795164704322815
2011-02-04,0.5854262426495552,0.5508819043636322,1.4051579713821412,0.6863897949457168,0.9400167226791382
2011-02-07,0.5614806473255157,0.5596072852611542,1.3129239201545715,0.6235121101140976,0.8568856239318847
2011-02-08,0.1104078933596611,0.3313448965549469,1.2597514748573304,0.9167135804891586,0.8602708101272583
2011-02-09,0.10157688856124877,0.3073500722646713,1.1775668263435364,0.8039651393890381,0.8574416041374207
2011-02-10,0.09777941703796386,0.28806582987308504,1.0535158514976501,0.6041232019662857,1.1168999910354613
2011-02-11,0.09387512505054474,0.2565833628177643,1.0158681750297547,0.5846971154212952,1.0372258424758911
2011-02-14,0.09067255556583405,0.2299610048532486,1.0507977724075317,0.5428289651870728,1.110876774787903
2011-02-15,0.08828040659427643,0.2029670149087906,0.9831486463546752,0.11705407947301864,1.1177393317222595
2011-02-16,0.08662614077329636,0.1764661192893982,0.9630098462104797,0.11030880063772201,1.1206442356109618
2011-02-17,0.08506495952606201,0.1428900897502899,0.9872141599655151,0.10722714215517044,0.8743056654930115
2011-02-18,0.08360327035188675,0.12281138598918914,0.9561988353729248,0.10245987474918365,0.6632518410682678
2011-02-22,0.6827548176050187,0.6911183774471283,0.9155905961990356,0.1001088872551918,0.8447124004364014
2011-02-23,0.7115777060389519,0.7097107470035553,1.1743651151657104,0.09999365508556365,0.7361769258975983
2011-02-24,0.7833781257271767,0.7759841680526733,1.4576134085655212,0.09952159374952316,0.6319989651441574
2011-02-25,1.044555938243866,1.0358352184295654,1.5380057096481323,0.09878014773130417,0.5172795176506042
2011-02-28,1.0783713400363921,1.0682118952274322,1.5950568675994874,0.09933554232120514,0.42043516933918
2011-03-01,1.0177321016788483,1.0177321016788483,1.7672856092453002,0.7366443976759911,0.1217122033238411
2011-03-02,1.0255602538585662,1.0255602538585662,1.6193423509597777,0.7356900855898857,0.6853463783860206
2011-03-03,1.169639778137207,1.169639778137207,1.402800154685974,1.2894773423671722,0.7095533952116966
2011-03-04,0.9731883227825164,0.9731883227825164,1.4403645277023316,1.3229735970497132,0.8169828727841377
2011-03-07,1.0137525081634522,1.3104377806186676,1.3518683910369873,1.3298496782779694,0.9311016008257866
2011-03-08,0.5312710702419281,0.8224432706832886,1.2597075700759888,0.7104508072137833,1.0028701186180116
2011-03-09,0.5363118648529053,0.928651750087738,1.2906879901885986,0.7253250896930694,0.47695320248603823
2011-03-10,0.6978534936904908,1.0263925909996032,1.2425549268722533,0.6829375565052033,0.7486906111240387
2011-03-11,0.6776196300983429,1.0184670507907867,1.1850996971130372,0.6903095185756684,0.6635830342769623
2011-03-14,0.7231125116348267,0.808828490972519,1.315759015083313,0.8036696374416351,0.5537731364369393
2011-03-15,0.9954671919345855,1.0585006952285767,1.2659153461456298,1.118807253241539,1.0983618572354317
2011-03-16,1.3374170899391173,1.2994651556015016,1.2065393686294557,1.1588909029960632,1.6922633066773414
2011-03-17,1.2809730887413024,1.0688321352005006,1.2719081401824952,0.7998965740203857,1.3859486162662507
2011-03-18,1.4156368970870972,1.195966112613678,1.2567495346069335,0.9334015786647797,1.3675236269831657
2011-03-21,1.4715049505233764,1.1958398222923279,1.1731499195098878,0.9555436074733734,1.3681840598583221
2011-03-22,1.304379403591156,1.0737247586250305,1.1892613649368287,0.7562664926052094,0.756127855181694
2011-03-23,1.061808741092682,0.8588162064552307,1.184559988975525,0.823529314994812,0.10895537436008454
2011-03-24,0.8847639441490174,0.9501693248748779,1.17507803440094,0.7775812029838562,0.10937193781137466
2011-03-25,0.8383417725563049,0.8241932690143585,1.1490283966064454,0.6977721571922302,0.10754561722278595
2011-03-28,0.7691968083381653,0.7843070566654206,1.0797765851020813,0.6339778363704681,0.10498274117708206
2011-03-29,0.6922324776649476,0.7087185204029083,1.0834582209587098,0.5498609781265259,0.10300005376338958
2011-03-30,0.5942837119102478,0.6258728802204132,1.0885616183280944,0.43545769453048705,0.10350797027349472
2011-03-31,0.47614478766918183,0.5032852947711944,1.0477739214897155,0.3373419135808945,0.10468905568122863
2011-04-01,0.3528391271829605,0.4631188750267029,1.1055604100227356,0.2411956936120987,0.10573445558547974
2011-04-04,0.25355019271373747,0.3539775967597961,1.1608904361724854,0.15922889113426208,0.1080834448337555
2011-04-05,0.1721024438738823,0.2535108059644699,1.1985018491744994,0.7663289189338685,0.10940138697624206
2011-04-06,0.133257158100605,0.17109673619270324,1.2339533567428589,0.7603690549731255,0.6513916596770286
2011-04-07,0.11245548278093338,0.12379708290100097,1.1985735893249512,0.7500691756606102,0.6870677232742309
2011-04-08,0.10393908768892288,0.10710703432559968,1.103960120677948,0.749633114039898,0.7043690651655197
2011-04-11,0.09768656343221664,0.09582171738147735,1.1509044528007508,0.7501493394374847,0.7278240934014321
2011-04-12,0.09565262198448181,0.09473503679037094,1.1083502173423767,0.09171100705862045,1.1531725496053695
2011-04-13,0.0923727348446846,0.09207514226436615,1.0548892378807069,0.08987929224967957,0.6177745461463928
2011-04-14,0.08879605382680893,0.08929604887962342,1.1738208651542663,0.7352662593126297,0.5812171623110771
2011-04-15,0.08839805275201798,0.09041684567928314,1.3769298315048217,0.7362392842769623,1.1946365967392922
2011-04-18,0.68061533421278,0.09144486933946609,1.3425784826278686,0.7380373299121856,1.1707256376743316
2011-04-19,0.7058676674962043,0.09055593758821487,1.3706884622573852,0.7395920410752297,0.7424690574407578
2011-04-20,1.1913313299417496,0.7554638862609864,1.4795422315597535,0.7404202058911323,0.7338606745004654
2011-04-21,1.2004011064767837,0.754573754966259,1.516183042526245,0.09643508344888688,0.7316598936915397
2011-04-25,1.2052456855773925,0.7541074573993682,1.3574364900588989,0.09715643525123596,0.09749910086393357
2011-04-26,0.6173402860760688,0.7538720443844795,1.391661524772644,0.09707072973251343,0.09332667738199234
2011-04-27,0.5944765388965607,0.7549495756626129,1.4175815820693969,0.7370206713676453,0.6708671912550926
2011-04-28,0.1104078933596611,0.0900642678141594,1.4115185499191285,0.73643329590559,0.7067934349179268
2011-04-29,0.10157688856124877,0.09050889164209366,1.2344905257225036,1.3498263582587242,0.7767450466752053
2011-05-02,0.09777941703796386,0.09036274701356888,1.1877288222312927,1.904240420460701,0.8628694072365761
2011-05-03,0.09387512505054474,0.09026930183172226,1.1088525295257567,1.944585870206356,0.9258211016654968
2011-05-04,0.09067255556583405,0.08978172391653061,1.0225831747055054,1.8363157972693442,0.4154786169528961
2011-05-05,0.08828040659427643,0.0894264116883278,0.9111135244369507,2.1918000102043154,0.4319900691509247
2011-05-06,0.08662614077329636,0.08911888152360917,1.0881527066230774,1.9050726056098939,0.37276100516319277
2011-05-09,0.08506495952606201,0.08854371756315231,1.3594643950462342,1.5781593680381776,0.29322514235973357
2011-05-10,0.08360327035188675,0.08787287771701813,1.450916600227356,1.6395126819610595,0.23868976831436156
2011-05-11,0.6827548176050187,0.08765902370214462,1.631376028060913,1.2216120481491088,0.1762867048382759
2011-05-12,0.7115777060389519,0.08729634433984756,1.7483553886413574,0.9549097418785095,0.1242050513625145
2011-05-13,0.7833781257271767,0.6695662051439285,1.763953971862793,0.7250842928886414,0.11366643756628036
2011-05-16,0.8687714815139771,1.110583357512951,1.5400784969329835,0.6020641922950745,0.10763122439384461
2011-05-17,0.9312953233718873,1.1578776866197587,1.5749608516693114,0.5910487174987793,0.7679678529500962
2011-05-18,0.3476234406232834,1.2770430371165276,1.4346527576446533,0.5576556026935577,1.3071835473179818
2011-05-19,0.3355559080839157,1.3869061112403869,1.3181913375854493,0.5339869379997253,1.3353554412722588
2011-05-20,0.2710685580968857,0.9280279994010925,1.257216739654541,0.7240387797355652,1.4176942989230157
2011-05-23,0.7443307131528855,0.8290421366691589,1.2183773636817932,0.6237039342522621,1.4974503695964814
2011-05-24,0.719255456328392,0.8501187801361084,1.1732409596443176,0.5526678636670113,0.9089767813682557
2011-05-25,0.7990917205810547,0.8832740664482117,1.1422702431678773,0.49775507003068925,0.43232086300849915
2011-05-26,0.8776457071304321,0.9178109049797059,1.120495116710663,0.43888505846261977,0.41009415984153746
2011-05-27,0.9451401770114899,0.9267402529716492,1.046467363834381,0.162479929625988,0.33224267810583114
2011-05-31,0.6653756439685822,0.780789601802826,1.128451943397522,0.1620694488286972,0.2569638818502426
2011-06-01,0.9990579843521118,1.0259824752807618,1.086835551261902,0.14289657026529312,0.7751018434762955
2011-06-02,0.9446759998798371,0.927318561077118,1.1167506456375123,0.11814400553703308,1.1951191872358322
2011-06-03,0.9779268205165863,1.1005037784576417,1.0883363246917725,0.11236180812120437,1.2258151739835739
2011-06-06,1.2255132019519805,1.0313846945762635,1.032873547077179,0.10278807580471039,1.3008673653006553
2011-06-07,0.9951749920845032,0.9969042181968689,1.0209469199180603,0.09789009541273117,1.376012349128723
2011-06-08,0.7775632619857789,0.8468029379844666,1.071033275127411,0.09544427841901779,0.8547000586986542
2011-06-09,0.8854548037052155,0.9554699897766114,1.0870695948600768,0.09256885796785355,0.43869818449020387
2011-06-10,1.0761111438274384,0.935662031173706,1.2024835228919983,0.09053503721952438,0.4717490255832672
2011-06-13,0.811475545167923,0.9402534008026123,1.2210251688957214,0.08767058104276657,0.46268526911735536
2011-06-14,0.935673463344574,0.948304295539856,1.259371030330658,0.0869567111134529,0.7310424149036407
2011-06-15,0.9800369739532471,0.9777015686035156,1.3342310547828675,0.0868008092045784,1.0717965006828307
2011-06-16,0.8923064231872558,0.8755178987979889,1.3001882433891296,0.08650195449590684,1.1454451382160187
2011-06-17,0.7454629898071289,0.7496546447277069,1.3711905121803283,0.08594397008419037,1.1612384974956513
2011-06-20,0.8578205943107605,0.8498556911945343,1.432916021347046,0.08535544574260712,1.1644626021385194
2011-06-21,0.8601005554199219,0.8543707311153412,1.4161741971969604,0.08488240838050842,0.8834793150424958
2011-06-22,0.8250661730766297,0.8189717352390289,1.355329155921936,0.08448375165462493,0.5330927014350891
2011-06-23,0.9011494874954223,0.8948825240135193,1.4161091327667237,0.6734285160899163,0.44989563822746276
2011-06-24,1.0383207321166992,1.031295371055603,1.2254534125328065,1.1443666890263557,0.41380109786987307
2011-06-27,0.9247257173061371,1.2466118335723877,1.2458919167518616,1.1972904175519943,0.7278642773628234
2011-06-28,0.9295674860477448,1.3036563277244568,1.2139582276344298,1.33209617882967,0.694737297296524
2011-06-29,0.9201710641384124,1.265378212928772,1.1642006278038024,1.4624448001384736,0.737905740737915
2011-06-30,0.9119963824748993,1.3619978427886963,1.1446925282478333,0.9974893987178802,0.7771565854549408
2011-07-01,0.8179356515407562,1.5651933193206786,1.2236393451690675,0.6490511000156403,0.8009368181228638
2011-07-05,0.8095708549022674,1.193678432703018,1.1476088762283325,0.8069459795951843,0.4758420526981354
2011-07-06,0.6951412677764892,0.9814460724592209,1.0767319440841674,0.7085817217826843,0.49996825456619265
2011-07-07,0.9161444187164307,1.3185686320066452,1.0777730703353883,0.6240614056587219,0.4526080429553986
2011-07-08,0.7969079703092575,1.1078147262334823,1.0075016021728516,0.5279433846473693,0.668792051076889
2011-07-11,1.099179098010063,1.0373062938451767,0.9185912251472473,0.41468092799186707,1.167562073469162
2011-07-12,1.1014902681112289,1.0895791083574295,0.9080314755439758,0.20989811420440674,1.114020001888275
2011-07-13,1.1150305598974228,1.131533718109131,0.9697523474693298,0.1766977548599243,1.0597908198833466
2011-07-14,0.8189961820840835,1.0680293560028076,0.9130646109580993,0.13162973821163176,1.5646466732025146
2011-07-15,0.855695241689682,1.4073700308799744,1.0433426260948182,0.10371645390987397,1.2843556880950928
2011-07-18,0.37094686925411224,1.027114588022232,1.247593069076538,0.09463347196578979,0.773023247718811
2011-07-19,0.7282264977693558,1.171691709756851,1.3742503643035888,0.6830743849277496,1.0543899059295654
2011-07-20,0.6586314857006073,1.1565410554409028,1.263173222541809,0.7122878789901733,1.4148457765579223
2011-07-21,1.0845667958259582,0.8284718453884125,1.350458598136902,0.8316695362329483,0.8924164652824402
2011-07-22,1.0468683689832687,0.7395718276500702,1.1581266403198243,0.9476658374071121,0.9864074468612671
2011-07-25,1.0249868214130402,0.7255694389343261,0.9627176284790039,1.0134565889835359,1.2295557737350464
2011-07-26,0.6299214392900467,0.5673971533775329,0.8584063172340393,0.4336642920970917,0.9889729201793671
2011-07-27,1.1341517627239228,0.946323812007904,0.9783201336860656,0.4135617226362228,0.7847991287708282
2011-07-28,0.6784351348876954,0.9546671152114868,1.0697949290275575,0.30439609885215757,0.8963061153888703
2011-07-29,0.7174043864011764,0.7736478447914124,1.3109912514686584,0.19441813677549363,0.9458514869213104
2011-08-01,0.7662217050790787,0.8245829820632935,1.3878305554389954,0.1365303173661232,0.9086895406246185
2011-08-02,1.1520524680614472,1.1262912631034852,1.528725552558899,0.7313935771584511,1.2289556503295898
2011-08-03,0.6836588382720947,0.7560284018516541,1.5491357326507569,0.7228800758719445,1.0810891658067703
2011-08-04,0.9483511626720429,0.9728311777114869,1.5389267206192017,0.7125572070479393,1.2831483751535415
2011-08-05,0.9544422209262848,0.9382026016712188,1.4700977563858033,0.7067262038588524,1.5718497663736344
2011-08-08,1.1903241276741028,1.1160626590251923,1.5234598159790038,1.3661968603730201,1.7106437116861344
2011-08-09,1.0584832549095153,1.0740970075130463,1.4302688837051392,0.7590941712260246,1.3579054921865463
2011-08-10,1.2718920767307282,1.2806497991085053,1.5209049463272095,1.4065767750144005,1.6861004531383514
2011-08-11,1.241693526506424,1.3023939073085784,1.4012717485427857,1.9511789813637734,1.7531550586223603
2011-08-12,1.3413411140441895,1.3844496250152587,1.3099903821945191,1.9902787655591965,1.6749880969524384
2011-08-15,1.2125677704811095,1.276256787776947,1.2141164779663085,1.677965447306633,1.6686789214611053
2011-08-16,1.0216422498226165,1.0473647356033324,1.2601219415664673,2.1849855482578278,2.0095868349075316
2011-08-17,0.9081660091876984,0.9345114707946778,1.1599812269210816,1.5426782488822937,1.9635561943054198
2011-08-18,0.9439929544925689,0.929347825050354,1.1965237855911255,1.5084010004997253,1.8797959804534912
2011-08-19,1.1328841507434846,1.121308183670044,1.2634361267089844,2.0196523010730743,1.5687544524669648
2011-08-22,1.0292980134487153,1.0171139121055603,1.3064380645751954,2.1964416325092317,1.2595695078372955
2011-08-23,1.1140828847885131,1.0953989386558534,1.2119233012199402,2.1456593334674836,1.2187404215335846
2011-08-24,1.1719972014427185,1.1150587916374206,1.1816460013389587,2.434277081489563,1.1292136251926421
2011-08-25,1.1422250390052795,1.0901689410209656,1.145530092716217,2.0001294195652006,1.0636357605457305
2011-08-26,1.170743453502655,1.1127605080604552,1.1055683732032775,1.7011638700962066,1.1848946928977966
2011-08-29,1.274448037147522,1.229894185066223,1.1108517527580262,1.529020744562149,1.3496001720428468
2011-08-30,1.1897165536880494,1.2319348812103272,1.1182533740997314,1.4195875942707061,1.3312954902648926
2011-08-31,1.1554763436317443,1.2420743823051452,1.1387494564056397,1.197081345319748,1.3917669773101806
2011-09-01,1.1627638697624207,1.1303237915039062,1.1025519132614137,1.2501858830451966,1.4094867706298828
2011-09-02,1.0487487196922303,1.0629791975021363,1.0361860275268555,1.1932085394859313,1.3959619998931885
2011-09-06,0.9742541074752807,0.9576618552207947,0.9629383683204651,0.9288794040679932,1.386133861541748
2011-09-07,1.053328514099121,0.9698094010353089,1.0120693564414978,0.9039946079254151,1.3551158666610719
2011-09-08,1.2097208619117736,0.8365224957466125,1.1022476553916931,1.1457420706748962,1.2186378955841064
2011-09-09,1.169579303264618,0.9922890186309814,1.1039652705192566,1.131559145450592,1.0818270444869995
2011-09-12,0.9991782665252685,1.0960474491119385,1.0930198192596436,1.2293195605278016,0.9965675830841064
2011-09-13,1.116369938850403,1.3566202163696288,1.1880513310432435,1.445316219329834,1.0221392631530761
2011-09-14,1.1169396042823792,1.564228069782257,1.2042309880256652,1.2223320603370667,0.8767720818519592
2011-09-15,0.954792594909668,1.9946537494659424,1.1724763989448548,1.1764752507209777,1.0052655577659606
2011-09-16,0.8537996888160706,1.706831055879593,1.2811883091926575,1.171253263950348,0.9354634881019592
2011-09-19,1.0166292905807495,1.3562517642974854,1.391019582748413,1.1343787550926208,0.9903376221656799
2011-09-20,0.9050757169723511,1.0673117220401764,1.3867990255355835,1.1670380234718323,0.8761044025421143
2011-09-21,1.0069781064987182,1.0891364634037017,1.2796423435211182,1.328894305229187,0.9102123737335205
2011-09-22,1.1294371485710144,0.8847229540348053,1.176492691040039,1.3396306037902832,0.9921646595001221
2011-09-23,1.0600505471229553,1.2003979921340941,1.029747688770294,1.5177337408065796,1.2227608919143678
2011-09-26,0.962302303314209,1.4561640083789826,1.0247676014900207,1.5522534132003785,1.299382734298706
2011-09-27,1.0533450365066528,1.7570158243179321,0.9969562649726867,1.41629798412323,1.3677621960639954
2011-09-28,1.0617542028427125,1.7361884832382202,1.148828136920929,1.3900156259536742,1.3241639137268066
2011-09-29,0.8515346348285675,1.7236350774765015,1.2347360253334045,1.232948362827301,1.2107112407684326
2011-09-30,1.0239074409008027,1.6060323476791383,1.3980157852172852,1.1617985844612122,1.0362041592597961
2011-10-03,1.1762156307697296,1.5391979694366456,1.3378734230995177,1.021979534626007,1.000672709941864
2011-10-04,1.2732459366321565,1.453327226638794,1.4353783965110778,1.0555336594581604,1.1558226227760315
2011-10-05,1.175196224451065,1.23223979473114,1.385684311389923,1.082087790966034,1.1175861835479737
2011-10-06,1.2787662029266358,1.1492738604545594,1.3716981053352355,1.1468607902526855,1.1572115898132325
2011-10-07,1.1406577944755554,1.0907280802726746,1.1803791642189025,1.1176571130752564,1.0937495470046996
2011-10-10,1.0053749918937682,1.0101659297943115,1.2510290384292602,1.1276986837387084,1.1516302108764649
2011-10-11,0.7578081071376801,0.8532604694366455,1.0585910558700562,0.9704758524894714,0.8557318329811097
2011-10-12,0.7399065434932709,0.8637152910232544,1.0525567293167115,0.8774485468864441,1.0343220710754395
2011-10-13,0.688738876581192,0.8386730790138245,1.0808482408523559,0.8597059369087219,0.8691072225570678
2011-10-14,0.8101481616497039,0.8596712470054626,1.234972929954529,0.8298280477523804,1.044798457622528
2011-10-17,1.08334578871727,1.1116458177566528,1.1511931777000428,0.8227163791656494,1.0079518914222718
2011-10-18,1.425648820400238,1.3792670011520385,1.2476061940193177,0.8722103476524353,1.1453027725219727
2011-10-19,1.6251425385475158,1.546798586845398,1.1797295212745667,1.0232460141181945,1.1017868518829346
2011-10-20,1.602333128452301,1.5123512029647828,1.1406794667243958,1.1729466557502746,1.1938018321990966
2011-10-21,1.522583293914795,1.4681557059288024,1.1494153141975403,1.394931697845459,1.216642189025879
2011-10-24,1.4404474735260009,1.4442486882209777,1.2991348505020142,1.365083432197571,1.0765632510185241
2011-10-25,1.3613449573516845,1.4055058121681214,1.261864423751831,1.4196832418441772,1.0143709540367127
2011-10-26,1.3749598503112792,1.162725293636322,1.3232728958129882,1.3579037666320801,1.073366892337799
2011-10-27,1.6069263339042663,1.220426869392395,1.412820863723755,1.5071897029876709,1.214043176174164
2011-10-28,1.5335109949111938,1.1439295709133148,1.4521151304244995,1.1450816601514817,1.19390629529953
2011-10-31,1.500464963912964,1.0974561870098114,1.3058932542800903,1.4887295454740523,1.3018670320510863
2011-11-01,1.4031402111053466,0.9804905593395233,1.2614595413208007,1.3587444812059402,1.3666472911834717
2011-11-02,1.3527328729629517,0.9949794352054596,1.2626185655593871,1.1631138056516648,1.3927408933639527
2011-11-03,1.2756640672683717,0.9739512145519257,1.2745032072067262,0.9438220232725143,1.3539880990982056
2011-11-04,1.2754263639450074,0.9826432228088379,1.286478090286255,0.9422618478536606,1.1694370687007904
2011-11-07,1.0827370285987854,0.8297770500183106,1.4164578914642334,0.8554895728826523,1.1840182960033416
2011-11-08,1.0723558068275452,0.7889128565788269,1.562833046913147,0.8106810241937638,1.2249702632427215
2011-11-09,1.0616891026496886,1.0939422845840454,1.4862061500549317,0.7700986176729202,1.262403529882431
2011-11-10,0.9219109296798706,1.0305948734283448,1.3847627878189086,0.5481223136186599,1.252088063955307
2011-11-11,0.9907391905784607,1.1012925386428833,1.3423098802566529,0.8765667140483856,1.2612158179283142
2011-11-14,0.946133553981781,0.983450835943222,1.2167909383773803,0.5246818840503693,1.213525378704071
2011-11-15,0.9063846826553345,0.9857039749622345,1.1641164541244506,0.554211574792862,1.119114637374878
2011-11-16,0.9146950960159301,0.9916638672351837,1.1542742371559143,0.9247180461883545,0.9834909677505493
2011-11-17,1.015873873233795,1.1614296972751617,1.0837276339530946,1.1383459091186523,0.8995080709457397
2011-11-18,0.9764866232872009,1.0932495415210723,1.0435474991798401,0.8882383108139038,1.0168872714042663
2011-11-21,1.1407222986221313,1.2998936772346497,1.1581990361213683,1.1493886590003968,1.0538941264152526
2011-11-22,1.0744364261627197,1.1943563401699067,1.1629171967506409,1.4504150867462158,1.055868685245514
2011-11-23,1.0242965698242188,1.0412253558635711,1.3153559923171998,1.1529078006744384,0.8745232433080673
2011-11-25,0.8906640529632568,0.8632783055305481,1.3294744968414307,1.0689969778060913,1.009886059165001
2011-11-28,0.9285588383674621,0.9282840132713318,1.3852026224136353,1.1542227268218994,0.8839351862668992
2011-11-29,0.8784775853157043,0.8634765028953553,1.3341373205184937,0.958477008342743,0.8535963863134384
2011-11-30,0.9491153717041015,0.9551271140575409,1.3491482257843017,0.827470314502716,0.9642257660627365
2011-12-01,0.7785082936286927,0.7711391270160675,1.3164859294891358,0.7480048656463623,1.003809493780136
2011-12-02,0.8550893425941467,0.8601023316383362,1.2812496542930603,0.6297592341899871,0.8466298282146454
2011-12-05,0.8867362380027771,0.8847143173217773,1.128606653213501,0.9119835555553436,0.9173458397388459
2011-12-06,0.6998515278100967,0.7022166907787323,1.0447537302970886,0.8787246346473694,0.9045192778110505
2011-12-07,0.6402649432420731,0.6647395670413971,0.9491021990776062,0.795635712146759,0.75504350066185
2011-12-08,1.0124816089868545,0.9598745048046112,0.8659083724021912,1.096452522277832,0.936885142326355
2011-12-09,1.2529535442590714,1.182696098089218,0.9803945779800415,1.1146493792533874,1.0974930763244628
2011-12-12,1.4391184717416763,1.4694518506526948,1.0289977192878723,0.9317956805229187,1.3611648797988891
2011-12-13,1.4844321012496948,1.7492044687271118,1.071471619606018,1.2271327316761016,1.2632128715515136
2011-12-14,1.6502649664878846,1.9279925107955933,1.1772900104522706,1.456678134202957,1.3695127606391906
2011-12-15,1.2590869963169098,1.633111584186554,1.2148314714431763,1.2712174952030182,1.1555712640285491
2011-12-16,1.0440169870853424,1.4408137679100037,1.1832282066345214,1.3701969742774964,1.210099881887436
2011-12-19,0.9434325516223907,1.170182478427887,1.247103214263916,1.2790834546089171,1.3527414739131927
2011-12-20,1.2294902980327607,1.037678563594818,1.273085069656372,1.0865695834159852,1.754893857240677
2011-12-21,1.1262187063694,1.0177303910255433,1.2492257118225099,0.8491227269172669,1.8028725683689117
2011-12-22,1.235594379901886,1.0062811374664307,1.2674530267715454,0.8885202765464782,1.8454445838928222
2011-12-23,1.22140691280365,0.9999837875366211,1.3020363330841065,0.8941494464874268,1.7330440521240233
2011-12-27,1.1101351618766784,0.9917381763458252,1.2073755502700805,0.8533550262451172,1.2472855687141418
2011-12-28,1.0455448031425476,1.102588963508606,1.127660870552063,1.0053375482559204,0.9643177151679992
2011-12-29,1.2416078805923463,0.890558522939682,1.0974557876586915,0.9363055348396301,0.755357813835144
2011-12-30,1.1906488537788391,0.9988457024097442,1.0673934936523437,0.939059829711914,0.8398939728736877
2012-01-03,1.1967356204986572,0.9697026193141938,1.0280633926391602,1.0382428884506225,0.8785850167274475
2012-01-04,1.081401777267456,0.8949041306972504,1.1015950441360474,0.9825123310089111,1.0967597007751464
2012-01-05,0.9236927628517151,0.7771208226680756,1.2187241792678833,0.7859990119934082,1.0112509965896606
2012-01-06,0.6936543583869934,0.861510968208313,1.2778124809265137,0.8584147810935974,1.1445451617240905
2012-01-09,0.678807282447815,0.8370472908020019,1.2369134068489074,0.8022687792778015,1.2080006361007691
2012-01-10,0.5813713788986206,0.8147252321243286,1.251547062397003,0.8060731530189514,1.0952905893325806
2012-01-11,0.5687800496816635,0.8004563450813293,1.1986902356147766,0.726264813542366,0.9704110503196717
2012-01-12,0.4761327773332596,0.7189910590648652,1.170205557346344,0.6228622376918793,1.002233636379242
2012-01-13,0.36435348987579347,0.6057334423065186,1.1029272675514221,0.5101922810077667,0.9654674410820008
2012-01-17,0.2540376797318459,0.46180727779865266,1.080937421321869,0.4053381413221359,0.9167250990867615
2012-01-18,0.7787127152085305,0.8695675998926162,1.0798088908195496,0.15017613470554353,0.9966222643852234
2012-01-19,0.7487185642123222,0.775007788836956,1.1786884427070619,0.1446615219116211,1.1966875791549683
2012-01-20,0.7195240899920463,0.7009146243333817,1.228844678401947,0.13471155911684035,1.4709867477416991
2012-01-23,0.7053067639470101,0.6569944307208061,1.2310080885887147,0.12465268969535828,1.3769156694412232
2012-01-24,0.704105943441391,0.6432744771242142,1.2327184200286865,0.11371964812278748,1.3852574586868287
2012-01-25,0.09821795672178268,0.74949109852314,1.2260507583618163,0.7309753656387329,1.2689772248268127
2012-01-26,0.09774572551250457,0.7485581666231156,1.2151372194290162,0.7278471156954766,1.0789605259895325
2012-01-27,0.09707904011011123,0.7485550612211227,1.1525781393051147,1.3217080771923064,0.8337692737579345
2012-01-30,0.0986666738986969,0.7520935669541359,1.0955987453460694,1.3243386894464493,0.9261642813682556
2012-01-31,0.09774636626243591,0.755253466963768,1.1078125357627868,1.330604875087738,1.0528847098350524
2012-02-01,0.09651227742433548,0.10145066082477569,1.130021369457245,0.7076286658644676,1.2191070556640624
2012-02-02,0.09470150619745255,0.10189815014600753,1.108633291721344,0.7090314984321594,1.1043778121471406
2012-02-03,0.7545492321252822,0.7403748691082,1.1305268168449403,0.6551865220069886,1.2708411037921905
2012-02-06,0.7524456024169922,0.7382582306861878,1.2651623368263245,0.6913177832961083,1.1586729109287262
2012-02-07,0.7533219516277313,0.7389338091015816,1.3258787155151368,1.1752847775816917,1.1449372828006745
2012-02-08,0.7544269368052483,0.7400949001312256,1.230201208591461,1.1811231523752213,0.8727068185806275
2012-02-09,0.7559360340237617,0.742228838801384,1.1838629364967346,1.1852666109800338,0.9957087695598602
2012-02-10,0.094999860227108,0.10533198267221451,1.2217155337333678,0.6493081212043762,0.8464917123317719
2012-02-13,0.09542180001735687,0.10707719773054122,1.2440756678581237,0.6157410353422165,0.9752984583377838
2012-02-14,0.09478429406881332,0.10681783258914948,1.3625606656074525,0.13150059580802917,0.8706281244754791
2012-02-15,0.09397485256195068,0.10581969171762466,1.5118104457855224,0.12746596038341523,0.9900288224220276
2012-02-16,0.753081725537777,0.7444576755166054,1.5856319189071655,0.12668122351169586,0.9877332448959351
2012-02-17,0.752484242618084,0.7418682560324669,1.5083750009536743,0.12475591003894806,0.9700692296028137
2012-02-21,0.7531657576560974,0.7416194409132004,1.5064462900161744,0.7040804624557495,1.1156006693840026
2012-02-22,0.7539045691490174,0.7410348698496818,1.2933310747146607,1.3189381867647172,1.3170809626579285
2012-02-23,0.7549119740724564,0.7406799003481865,1.242595410346985,1.315603245794773,1.2025520980358124
2012-02-24,0.09588740915060043,0.09961116313934326,1.2837860822677611,1.3119936898350715,1.1761628925800323
2012-02-27,0.09644310623407364,0.09969926923513413,1.3111730337142944,1.3087609961628914,1.177816241979599
2012-02-28,0.09622222632169723,0.7366661697626113,1.2762199878692626,1.345969744026661,0.9697229206562042
2012-02-29,0.09625915139913559,0.7351195976138115,1.46332106590271,1.2682203963398933,0.7167612969875335
2012-03-01,0.09556543231010436,0.7359056547284126,1.455631923675537,1.6996674090623856,0.7528873443603515
2012-03-02,0.09463223069906235,0.7373025044798851,1.3026441097259522,1.7122547149658203,0.681570166349411
2012-03-05,0.09364840984344483,1.2950013026595115,1.2203680753707886,1.7275463849306107,0.5995190143585205
2012-03-06,0.6729784861207009,0.6936479911208153,1.1677259922027587,1.620227125287056,0.9320886969566345
2012-03-07,0.7036851346492767,0.7061933681368828,1.0738949060440064,1.1269652456045152,0.8074993461370468
2012-03-08,0.7187722459435463,1.1837528750300408,1.0111562848091125,0.9431691974401474,1.2673760622739791
2012-03-09,0.7459439978003501,1.1918814927339554,1.040767991542816,0.9611720502376556,1.226889541745186
2012-03-12,0.7622909516096115,0.6406399756669998,1.1104184985160828,0.9925186276435852,1.2116167277097702
2012-03-13,0.6947291344404221,1.1531991511583328,1.1252893567085267,0.9296846508979797,1.1316576689481734
2012-03-14,0.6697043508291245,1.1441026851534843,1.112912690639496,1.1849895775318147,1.5188390851020812
2012-03-15,0.6585867494344712,0.6699565023183822,1.1975066423416139,1.0097576379776,1.0047387778759003
2012-03-16,0.63426443785429,0.6656641408801078,1.2462779521942138,1.1587044179439545,1.1238191425800323
2012-03-19,0.6180272355675698,0.6621987879276275,1.265706729888916,1.2914866864681245,1.375339537858963
2012-03-20,0.10500885248184204,0.11471197456121444,1.1867261290550233,1.0098828494548797,1.0578225314617158
2012-03-21,0.09727192670106888,0.11345357447862625,1.2120668292045593,0.8609667122364044,0.8377110421657562
2012-03-22,0.09197410494089127,0.11052927374839783,1.2253108620643616,0.9427576661109924,0.9428538799285888
2012-03-23,0.08780306279659271,0.10645606368780136,1.2246475100517273,0.942707097530365,0.9541407585144043
2012-03-26,0.7555407404899597,0.7299918979406357,1.243276298046112,1.047257125377655,0.8120656490325928
2012-03-27,0.7562630936503411,0.7275987654924393,1.3490996599197387,0.9017834186553955,0.8996999621391296
2012-03-28,0.7567055076360703,0.7256302490830422,1.3381213903427125,1.1079617381095885,0.8693078994750977
2012-03-29,0.7570475563406944,0.7234674617648125,1.2790153264999389,1.002583235502243,0.8366918087005615
2012-03-30,0.7576440781354904,0.7225192546844482,1.2526075839996338,0.9486386716365814,0.9959918260574341
2012-04-02,0.08948564380407334,0.7098442077636719,1.2102880239486695,0.792892450094223,0.886549586057663
2012-04-03,0.08857901245355607,0.7110585987567901,1.1532347440719604,1.0759761869907378,1.035015720129013
2012-04-04,0.09009669423103332,1.2415028005838393,1.081330907344818,1.0591996729373931,1.1662578642368318
2012-04-05,0.09185908436775207,1.2821537941694259,1.1464589476585387,1.0629952609539033,1.1855457365512847
2012-04-09,0.663171012699604,1.2906838193535806,1.408172070980072,1.1092248618602754,1.034811121225357
2012-04-10,1.0733211576938628,1.185357166826725,1.6813197255134582,1.1432638943195343,1.2670734524726868
2012-04-11,1.1153304398059845,1.2252301424741745,1.787222421169281,1.0162728130817413,1.2431812644004823
2012-04-12,1.2912549093365668,0.8982893198728561,1.8640193223953248,0.8552143394947052,1.023251861333847
2012-04-13,1.5558365285396576,1.132324954867363,1.945556092262268,1.0390311121940612,1.0772768080234527
2012-04-16,1.0470196306705475,1.4698575615882874,1.5373742997646331,0.9251284241676331,0.9858151137828827
2012-04-17,0.8027192413806915,1.2749472737312317,1.388713353872299,0.9232828140258789,0.787658280134201
2012-04-18,0.8945018887519837,1.3961430668830872,1.175754052400589,0.8985924482345581,0.5536977350711823
2012-04-19,0.8639499306678772,1.4797665238380433,1.2110542356967926,0.8650151252746582,0.5350902080535889
2012-04-20,0.7242525339126586,1.2732001960277557,1.1127951681613921,0.7704588532447815,0.376673686504364
2012-04-23,0.7704520583152771,1.101248449087143,1.3776974558830262,0.855882978439331,0.3347314178943634
2012-04-24,0.6977070808410645,0.9592320263385773,1.352695071697235,0.820522141456604,0.29088523983955383
2012-04-25,0.8408019423484803,0.9587747275829315,1.532018256187439,0.7887752532958985,0.2821625828742981
2012-04-26,0.7106525748968124,0.8093047082424164,1.5422019481658935,0.7511616468429565,0.31169840693473816
2012-04-27,0.5933981657028198,0.8976343393325805,1.4101111888885498,0.6929540753364563,0.3294310986995697
2012-04-30,0.49509241580963137,0.8807967066764831,1.2192671179771424,0.6334404349327087,0.32333954572677615
2012-05-01,0.40845571011304854,0.8564519286155701,1.132987368106842,0.5826086223125457,0.30390149652957915
2012-05-02,0.13826179653406143,0.8244027018547058,1.0783522009849549,0.5265487611293793,0.293413844704628
2012-05-03,0.12636910378932953,1.0004301905632018,0.9545598149299621,0.8465333402156829,0.23823035955429078
2012-05-04,0.6723112642765046,1.1807061195373536,0.9904946088790894,0.7918403804302215,0.18487094789743425
2012-05-07,0.703847074508667,1.0778876721858979,1.1306323409080505,0.7807876288890838,0.15048325508832933
2012-05-08,0.8019337728619576,1.1043002665042878,0.9872552275657653,1.0607702374458312,0.12984726279973985
2012-05-09,0.8576561853289604,1.1389242708683014,0.9249197483062744,1.0265078127384186,0.1050159603357315
2012-05-10,0.9110733807086945,0.9888022363185882,1.093021845817566,0.7161522448062897,0.09369055926799774
2012-05-11,0.4088821172714233,0.8140519559383392,1.2820934891700744,0.8094546496868134,0.08829953670501708
2012-05-14,0.8759101927280426,0.9057047605514527,1.2025938153266906,1.0910322725772859,0.7519615024328232
2012-05-15,0.807794725894928,0.8544400215148926,1.2074921011924744,1.1707233726978301,0.7525959923863411
2012-05-16,0.8601116359233856,0.8093819141387939,1.218921172618866,1.2296485781669617,0.7544111296534538
2012-05-17,1.141778790950775,0.9710814595222473,1.3056815028190614,1.267183744907379,1.4101507857441902
2012-05-18,1.1417035043239594,1.2247540593147277,1.3389685988426208,1.4184470891952514,1.4122215285897255
2012-05-21,0.8213016450405121,1.3627390384674072,1.3686480402946473,1.1579768896102904,0.7477924153208733
2012-05-22,0.9023676872253418,1.3609439492225648,1.6282417178153992,1.0482787609100341,1.303808829188347
2012-05-23,0.9014311075210572,1.3698865532875062,1.5825500011444091,1.0096373319625855,1.3404220655560493
2012-05-24,0.6729076266288757,1.174163568019867,1.4567001342773438,1.0034222602844238,0.695314173400402
2012-05-25,0.7092035055160523,0.8885530352592468,1.3663540363311768,0.8770760536193848,0.710774478316307
2012-05-29,0.7833356142044068,0.8030766367912292,1.331451416015625,1.086145567893982,0.7197794824838638
2012-05-30,1.0891011118888856,0.7233987748622894,1.2786712884902953,0.8155597567558288,0.7261202245950699
2012-05-31,1.0200351476669312,0.640166050195694,1.3440056085586547,0.9359814167022705,1.2825379699468613
2012-06-01,1.2109919428825378,0.9184547960758209,1.2315455198287963,0.9443195462226868,1.883276116847992
2012-06-04,1.16952423453331,0.8273314952850341,1.1449636220932007,0.9657092928886414,1.8728950396180153
2012-06-05,1.0591378390789032,0.7431589722633362,1.1425869703292846,0.8155302166938782,2.3761954590678216
2012-06-06,0.8190440356731414,0.9156490504741669,1.0483890533447267,0.9141276359558106,2.1451385781168937
2012-06-07,0.9579314410686492,0.9315047681331634,1.0524021863937378,1.0320973515510559,1.6114692077040673
2012-06-08,0.8003072917461396,0.5958327233791352,1.088635230064392,0.922852736711502,1.13255106061697
2012-06-11,1.0410783529281615,0.9213638305664062,1.087573504447937,0.9164102017879486,1.2532053649425507
2012-06-12,1.2709364414215087,1.2107971549034118,1.1075897455215453,0.9223882853984833,0.8489565074443817
2012-06-13,1.2716033458709717,1.1325554490089416,1.123824906349182,0.9138410031795502,0.6275162994861603
2012-06-14,1.281477117538452,1.2079533219337464,1.1453133583068849,0.7444266617298126,0.6873728632926941
2012-06-15,1.4568140029907226,1.346366250514984,1.1858531475067138,0.8192923903465271,0.678264033794403
2012-06-18,1.181963747739792,1.0070539712905884,1.236220622062683,0.7575788497924805,0.6780573129653931
2012-06-19,0.8333066165447235,1.0358364820480346,1.1999024868011474,0.6899620532989502,0.8717711925506592
2012-06-20,0.6791126489639282,0.9099007695913315,1.2400092601776123,0.6248305559158325,0.8134257972240448
2012-06-21,0.9696186780929565,1.2924494475126267,1.2004679203033448,0.8677576661109925,0.8385988771915436
2012-06-22,0.711035966873169,1.4921449631452561,1.185302996635437,0.7706011056900024,1.0104069054126739
2012-06-25,0.998142272233963,1.9431584447622299,1.1068275928497315,0.7802384495735168,1.2364083349704742
2012-06-26,1.0333216667175293,1.5670190185308457,1.1652172088623047,0.794088089466095,1.0676158726215363
2012-06-27,1.1764956176280976,1.6908756136894225,1.2172235012054444,0.783608490228653,1.1796816825866698
2012-06-28,0.8502882421016693,1.4714775919914245,1.2271872997283935,0.7873490393161774,1.187155306339264
2012-06-29,0.9792878329753876,1.445813500881195,1.2362697124481201,1.1309281647205354,1.2018671870231628
2012-07-02,0.7249472320079804,1.0429804623126984,1.358308696746826,1.1385630428791047,1.1828917860984802
2012-07-03,0.766614294052124,1.136935645341873,1.288384234905243,1.240909606218338,1.1874289751052856
2012-07-05,0.7061102151870727,1.1506860315799714,1.1244030952453614,1.4376829743385315,1.1505187034606934
2012-07-06,0.6377011656761169,1.148849254846573,1.1723959684371947,1.4397210478782654,1.106040370464325
2012-07-09,0.547406017780304,0.8282079994678497,1.1633347749710083,1.1239417910575866,0.8949281215667725
2012-07-10,0.5753141641616821,0.9352692246437073,1.016462004184723,1.304900598526001,0.6489913940429688
2012-07-11,0.4967445403337479,0.9552665829658509,1.0910284280776978,1.16672226190567,0.5852747142314911
2012-07-12,0.40509454905986786,0.9726513028144836,1.2512909054756165,1.0735415697097779,0.5274906158447266
2012-07-13,0.7588222354650498,0.8566651701927185,1.254265344142914,0.862135362625122,0.47959728837013244
2012-07-16,0.6604591742157936,0.8314753592014312,1.343428647518158,0.9769032835960388,0.42948967814445493
2012-07-17,0.5860837578773499,0.7873320877552032,1.4299628973007201,0.8438241839408874,0.38321422338485717
2012-07-18,0.5543260782957077,0.8310403406620026,1.4395740985870362,0.9354337930679322,0.3363526493310928
2012-07-19,0.5338673517107964,1.2468475520610809,1.3917205095291139,0.9231635212898255,0.2705204427242279
2012-07-20,0.09078262597322465,1.5606880128383636,1.405906891822815,0.9179934859275818,0.8505904078483582
2012-07-23,0.6730226069688797,1.8280083656311035,1.2391915440559387,0.8830432295799255,0.8048834338784218
2012-07-24,0.7052412644028664,1.74696604013443,1.1542651176452636,0.8400920391082763,0.7641012340784072
2012-07-25,0.7196485385298729,1.6711481094360352,1.1523078203201294,0.9021193027496338,0.7347921043634414
2012-07-26,1.1777678936719895,1.2825531721115113,1.1169179439544679,0.7495326817035675,0.7310399830341339
2012-07-27,1.7494620859622956,1.0640160322189331,1.0850183963775635,0.63605295419693,0.6778624355792999
2012-07-30,1.1714487999677659,0.7802809536457062,1.1893089175224305,0.5227527856826782,0.7048999831080437
2012-07-31,1.1440067827701568,0.7829162657260895,1.1815281748771667,0.40431907773017883,0.7202569812536239
2012-08-01,1.1343539953231812,0.7017579913139343,1.1510122179985047,0.18508898019790648,0.7395525455474854
2012-08-02,0.6806991130113602,0.5645690023899078,1.1633978486061096,0.1783129245042801,0.7560237228870392
2012-08-03,0.7009124785661698,0.5993886530399323,1.164772093296051,0.13422585129737855,0.6697567284107209
2012-08-06,0.6991304159164429,0.5951781898736954,1.1714688181877135,0.10729633122682572,0.683793044090271
2012-08-07,0.7011877745389938,0.5637849986553192,1.2449273824691773,0.09986020177602768,1.001340138912201
2012-08-08,0.7025249108672142,0.5333066642284393,1.2697844982147217,0.0933397963643074,1.0434681594371795
2012-08-09,0.7030224323272705,0.5054426610469818,1.1503280997276306,0.09050037413835525,1.182044768333435
2012-08-10,0.11556935161352158,0.22014053761959076,1.1750903010368348,0.090670146048069,0.8349663972854614
2012-08-13,0.11355008780956269,0.21876977980136872,1.1900776982307435,0.0902208223938942,0.9380573213100434
2012-08-14,0.1086735725402832,0.20980232954025269,1.1744577765464783,0.08975624144077302,0.92198948264122
2012-08-15,0.10492967069149017,0.19589281380176543,1.150140154361725,0.08845053166151047,1.2845691800117494
2012-08-16,0.10138893574476242,0.7460859149694443,1.3026332616806031,0.08733673095703125,1.2150277972221375
2012-08-17,0.09882484823465347,0.7219830855727196,1.323691487312317,0.0868008092045784,1.2133610606193543
2012-08-20,0.09996921569108963,0.7089015930891037,1.222689187526703,0.08650195449590684,1.2105011224746705
2012-08-21,0.10214482098817826,0.6970262423157692,1.1607964873313903,0.08594397008419037,1.0409072637557983
2012-08-22,0.10322677940130234,0.6885874718427658,1.1688730120658875,0.753067760169506,0.7964530825614929
2012-08-23,0.10430217385292054,0.11618518680334092,1.0581071972846985,0.7539949372410775,0.785629951953888
2012-08-24,0.10239693522453308,0.11474159359931946,1.0545334935188293,0.7548721477389335,0.7506446719169617
2012-08-27,0.09859692454338073,0.11109178960323333,1.2020601749420166,0.7559352874755859,0.6941861748695374
2012-08-28,0.09403090327978134,0.10580260157585145,1.1984131932258606,0.7571947038173675,0.6301893830299378
2012-08-29,0.09005383104085922,0.10051141977310181,1.1348564624786377,0.09078890532255172,0.507039362192154
2012-08-30,0.08650331497192383,0.6694294080138207,1.2505261659622193,0.09050889164209366,0.4821886241436005
2012-08-31,0.08535544574260712,0.6967078313231468,1.4230953931808472,0.7480364859104156,0.7710863530635834
2012-09-04,0.08488240838050842,0.7132949352264404,1.4684013605117798,0.7485274091362953,0.6911604657769204
2012-09-05,0.08448375165462493,0.7412891045212746,1.7136240363121034,0.749846562743187,0.6094468921422959
2012-09-06,0.7517350479960442,1.2304301053285598,1.7917315244674683,0.7513985499739647,1.1373664647340775
2012-09-07,0.7531020909547805,0.6672726333141327,1.7659571409225463,1.3897679507732392,1.1249177783727646
2012-09-10,0.7545678913593292,1.1798467099666596,1.6362895011901855,0.7333161011338234,0.8411220282316207
2012-09-11,0.7558460876345634,1.2039773106575011,1.4891026020050049,0.7362678214907646,0.9539981737732888
2012-09-12,0.7571386754512787,1.2585004895925522,1.3342111349105834,0.7388339400291443,1.2742536127567292
2012-09-13,0.7479317128658295,1.0082827657461166,1.3212255239486694,1.3491955161094666,0.729956841468811
2012-09-14,0.7483215749263763,1.0451869070529938,1.3465001344680787,0.713198347389698,1.026087325811386
2012-09-17,0.7500594437122345,0.5546970248222352,1.2740060567855835,0.718415592610836,1.2288781464099885
2012-09-18,0.7519771978259087,0.5563576519489288,1.2980748653411864,0.7214350417256356,1.2330524027347565
2012-09-19,0.7534323632717133,0.5206398725509643,1.29779052734375,0.7236538052558898,1.0515635073184968
2012-09-20,0.09775536358356476,0.311773544549942,1.31302752494812,0.11681113988161088,1.141153907775879
2012-09-21,0.09866617769002914,0.28620157539844515,1.2951876401901246,0.11833254098892212,0.9496358275413513
2012-09-24,0.0981147900223732,0.25592965483665464,1.207618808746338,0.11575706601142884,0.7601842761039734
2012-09-25,0.6570575386285782,0.6437830984592438,1.139834725856781,0.11325853168964387,0.7599236726760864
2012-09-26,0.6938183292746544,0.6307758033275604,1.1432913899421693,0.1108161985874176,0.8592634201049805
2012-09-27,0.7098436400294303,0.8282728075981141,1.2861463665962218,0.7191567525267601,0.7496057689189911
2012-09-28,0.730959577858448,0.8922019153833389,1.3925047993659974,0.7181792080402374,0.6514220476150513
2012-10-01,0.749387189745903,0.9217256486415863,1.5232397437095642,0.719063115119934,0.5468998342752457
2012-10-02,0.2010345369577408,0.5345508754253387,1.735061764717102,0.7183588430285454,0.42576933801174166
2012-10-03,0.17327189743518828,0.5480613946914673,1.7331770420074464,0.7176117435097694,0.18992530852556228
2012-10-04,0.1678503394126892,0.3678053915500641,1.5851976871490479,0.10674832612276078,0.7385535135865211
2012-10-05,0.15159502625465393,0.32046871185302733,1.4651882648468018,0.10631795674562454,1.0840045645833016
2012-10-08,0.13817687034606935,0.29017494320869447,1.4815662622451782,0.1027853712439537,1.099577085673809
2012-10-09,0.12805600166320802,0.8101363718509674,1.2468013405799865,0.1003336101770401,1.2543317660689355
2012-10-10,0.1195629045367241,0.7961495995521546,1.2185509085655213,0.0975905939936638,1.4000693917274476
2012-10-11,0.10836381763219834,0.8140025913715363,1.2153311848640442,0.09501937478780746,0.967921769618988
2012-10-12,0.10055294632911682,0.8552107095718384,1.2748804688453674,0.09222612529993057,0.7096425533294678
2012-10-15,0.09240600168704986,0.9041077315807342,1.2439838528633118,0.671595287322998,0.7666835427284241
2012-10-16,0.7595950096845627,0.6412750661373139,1.2384049415588378,0.7026949688792229,0.9485934495925903
2012-10-17,0.7584794610738754,0.6409370005130768,1.2835595846176147,0.7180205330252647,0.8524481415748596
2012-10-18,0.7565018698573113,0.9392411291599274,1.286150622367859,0.7455697610974312,0.8639317750930786
2012-10-19,1.3448092192411423,1.2502653658390046,1.1391803860664367,1.2406078904867173,0.9222553133964538
2012-10-22,1.3754592150449754,1.2259552717208861,1.2010096669197083,0.703871551156044,0.9011351108551026
2012-10-23,1.0705705374479293,1.0674987316131592,1.376792562007904,1.0161092966794967,0.7863948106765747
2012-10-24,1.1165821954607964,1.1706869065761567,1.4251745820045472,1.0564599245786668,0.7568906247615814
2012-10-25,1.251558354496956,0.9349862396717071,1.4520729899406433,1.1587875843048097,0.6399977624416351
2012-10-26,0.798433855175972,0.6869015395641327,1.5755468606948853,0.8118019819259643,0.9757187068462372
2012-10-31,0.8988012075424194,0.780656361579895,1.512609839439392,0.9083969056606293,0.90094955265522
2012-11-01,0.7393265008926392,0.8336105108261108,1.409285569190979,0.7005749762058258,0.6799238577485085
2012-11-02,0.760871970653534,0.9102062940597534,1.3811822175979613,0.9861641764640808,0.6591986536979675
2012-11-05,0.7135421872138977,0.8322504162788391,1.2794017791748047,0.9203891038894654,0.632672069966793
2012-11-06,0.6479049384593963,0.8417635440826416,1.2886883974075318,0.9543682694435119,0.1106755331158638
2012-11-07,0.89921835064888,1.0002418756484985,1.3389529466629029,0.8902833580970764,0.7193451508879661
2012-11-08,1.0696717560291291,1.1867840051651002,1.4155118942260743,0.8646854877471923,1.3602670907974244
2012-11-09,1.0542191505432128,1.0381094932556152,1.2326796054840088,0.6387786626815796,1.3600389033555984
2012-11-12,1.121036171913147,1.1630171418190003,1.316924023628235,0.669486141204834,1.363394795358181
2012-11-13,1.202921324968338,1.1831343650817872,1.1344719648361206,0.5724335312843323,1.3684925064444542
2012-11-14,1.1244462311267853,1.172687792778015,0.9770350575447082,0.5430321037769318,0.762500424683094
2012-11-15,0.8084901928901672,0.8734645843505859,0.8453471422195434,0.45663537085056305,0.12906453460454942
2012-11-16,0.9208736717700958,0.9861575841903687,1.007736611366272,0.3538031727075577,0.13851753771305084
2012-11-19,0.9331835687160492,0.9715016961097718,1.0292256116867065,0.7658048182725906,0.14543332457542418
2012-11-20,0.924207478761673,0.9421863794326782,1.2089865922927856,0.6886402994394303,0.6385981529951096
2012-11-21,0.7687710106372834,0.8095220804214478,1.2671866059303283,0.6420469641685486,0.6777559161186218
2012-11-23,0.9105873107910156,0.9133399486541748,1.322643256187439,1.2652988463640213,0.6894909173250199
2012-11-26,0.8001115620136261,0.7964859664440155,1.2906721830368042,1.2534612998366357,0.7006524711847305
2012-11-27,0.6956788301467896,0.7305142462253571,1.1798631072044372,0.7482971295714378,0.707398971915245
2012-11-28,0.5931568622589112,0.6583533108234405,1.1421786189079284,1.3089475616812707,0.22239540815353392
2012-11-29,0.4673298388719559,0.54814453125,1.17779198884964,1.346279527246952,0.1865108549594879
2012-11-30,0.2796714276075363,0.390035018324852,1.2281298518180848,0.7491230204701423,0.17734845876693725
2012-12-03,0.22828095257282258,0.3384746015071869,1.1672930479049684,0.8004293024539948,0.16523133516311644
2012-12-04,0.16981090903282164,0.2465733915567398,1.1970118641853333,1.3177054703235627,0.15582327246665956
2012-12-05,0.13307980298995972,0.7444106966257096,1.2876460671424865,0.7922788262367249,0.14801851511001587
2012-12-06,0.11477544456720352,0.7384680777788162,1.1354869723320007,0.8789093434810639,0.14248512983322142
2012-12-07,0.10062822848558425,0.822799664735794,1.1110262513160705,0.9590567827224732,0.12996599078178406
2012-12-10,0.0963424265384674,0.8928638666868209,1.0353150844573975,1.013810747861862,0.11685090214014053
2012-12-11,0.09256069213151932,1.177289640903473,1.09671311378479,0.6011659681797028,0.10340121537446975
2012-12-12,0.09008363783359527,0.6385575443506241,1.0777302265167237,0.6490515351295472,0.6932216271758079
2012-12-13,0.08756490349769593,0.6285843908786773,1.1549726724624634,0.6084652543067932,0.7106903955340386
2012-12-14,0.08813177049160004,0.5213866427540779,1.089120578765869,0.5497795701026916,0.7942111358046532
2012-12-17,0.7334608420729637,1.0182093873620033,1.3091060400009156,0.5130761086940765,1.1695512324571609
2012-12-18,1.3779043316841126,1.3425480142235755,1.278679084777832,0.7997744619846344,1.6440987467765809
2012-12-19,1.379113419353962,1.314383889734745,1.269752311706543,0.7449629843235016,1.1146686851978302
2012-12-20,1.3818311095237732,1.291112546622753,1.278906512260437,0.9866678059101105,1.2460449039936066
2012-12-21,1.3836662590503692,1.8343647748231888,1.2406254887580872,0.9642311573028565,1.3267808258533478
2012-12-24,0.741030466556549,1.300249734520912,1.1566710591316223,1.0262270152568818,1.0654233992099762
2012-12-26,0.09952534139156341,0.7315258175134659,1.1008323192596436,0.7753939926624298,0.7347592175006866
2012-12-27,0.10092917382717133,0.781776076555252,0.8540068686008453,0.8701195538043975,0.7984674453735352
2012-12-28,0.6518693178892135,0.8294975161552429,0.8632040321826935,0.6731440007686615,0.7570728421211242
2012-12-31,1.0586782097816467,0.612593924999237,0.9778552234172821,0.7403339862823486,0.9639685750007629
2013-01-02,1.6195299446582794,1.096297836303711,0.9646329343318939,0.7118375778198243,1.255060613155365
2013-01-03,1.6268579214811325,1.0629310697317123,0.9051745355129241,0.9256172060966492,1.5306989789009093
2013-01-04,1.6343473434448241,1.0226714998483657,1.096419370174408,0.8395178735256195,1.4867681026458741
2013-01-07,1.091661411523819,0.9839069575071335,1.0028378009796142,0.8327661216259002,1.5399363040924072
2013-01-08,0.6932398974895477,0.6647494256496429,0.9859961748123169,0.8318147957324982,1.3381565451622008
2013-01-09,0.14082359075546264,0.15181465446949005,1.0836982727050781,0.8271387994289399,1.104503083229065
2013-01-10,0.14250743091106416,0.15539223849773406,1.2298220992088318,0.5763916790485382,0.8597256183624268
2013-01-11,0.14626676738262176,0.15412223637104033,1.100619661808014,0.6259561777114868,0.9410576581954956
2013-01-14,0.14635299742221833,0.1496465265750885,1.1482945919036864,0.5909757256507874,0.9264626979827881
2013-01-15,0.1435016006231308,0.14318161308765412,1.083020520210266,0.5360852658748627,0.9063337683677674
2013-01-16,0.1394146889448166,0.13502590209245682,0.988179063796997,0.4928324341773987,0.8793457388877869
2013-01-17,0.12995723634958267,0.12290199995040893,0.9014983415603638,0.4243308365345001,1.0253969788551331
2013-01-18,0.11590390950441361,0.11115590184926986,1.233185386657715,0.33745652437210083,0.9084299981594086
2013-01-22,0.10406111925840378,0.10137728899717331,1.1689024448394776,0.2554951533675194,0.8914998829364776
2013-01-23,0.0952339619398117,0.09420039504766464,1.1762334108352661,0.19317049980163575,0.8698395788669586
2013-01-24,0.08776117414236069,0.6558424443006515,1.1356856107711792,0.7367489397525787,0.838839989900589
2013-01-25,0.08560799211263656,0.6914599433541297,1.2814746618270874,0.7262095153331757,0.8551002562046051
2013-01-28,0.0857982411980629,0.7136557579040528,1.2741926431655883,0.7959107756614685,0.8586061894893646
2013-01-29,0.08633961677551269,0.7424687594175339,1.6439069509506226,0.8802416816353797,0.8729125320911407
2013-01-30,0.08765286356210708,0.7682276278734207,1.8409764289855957,0.9476020157337188,0.8892747342586518
2013-01-31,0.08742068856954574,0.21884697675704956,1.7045371413230896,0.4223194420337677,0.8988743722438812
2013-02-01,0.7544492453336715,0.7260051131248474,1.7940043091773987,0.4554071366786957,0.8981085479259491
2013-02-04,1.3185275316238403,1.194843801856041,1.718328869342804,0.3846685767173767,1.1551695108413695
2013-02-05,1.7461974546313286,1.559551540017128,1.616061794757843,0.2982813686132431,1.1134356617927552
2013-02-06,1.756977091729641,1.5968440562486648,1.4763384938240052,0.23384830057621003,1.0892443180084228
2013-02-07,1.7649269804358483,1.6518937289714812,1.5395268678665162,0.1600688025355339,1.0646485090255737
2013-02-08,1.1039442241191864,1.4212591350078583,1.403283667564392,0.09998512715101242,0.8248782873153686
2013-02-11,0.5449150383472443,0.9596938461065292,1.1282721400260924,0.6814679369330406,0.5953938603401184
2013-02-12,0.12161492854356766,0.5843007087707519,1.0447754740715027,0.7075936689972877,0.5543939292430877
2013-02-13,0.11361856609582902,0.5314930707216263,1.0994142651557923,0.7778540566563606,0.47215896248817446
2013-02-14,0.1100474551320076,0.46817868053913114,1.2505996823310852,0.8550809681415558,0.3990101218223572
2013-02-15,0.1077321246266365,0.1659989148378372,1.237368094921112,1.2510935306549071,0.323364794254303
2013-02-19,0.10567594319581985,0.14750631749629975,1.4126163721084595,0.7036711990833282,0.24060783088207244
2013-02-20,0.6591952264308929,0.6534980475902558,1.33861300945282,1.0041073381900787,0.17322733551263808
2013-02-21,0.6949860036373139,1.004504105448723,1.1884060978889466,0.9945461571216583,0.13476194441318512
2013-02-22,0.7673487558960914,1.3893687218427657,1.1629697680473328,1.0549273550510407,0.1102528989315033
2013-02-25,1.1338132321834564,1.652574822306633,1.160197627544403,0.8075475990772247,0.749875420331955
2013-02-26,1.1738540410995484,1.7034926652908324,1.127633798122406,0.9463188886642456,0.7493399739265442
2013-02-27,0.8192449092864991,1.356875479221344,1.2494643092155457,0.851042914390564,0.7478777959942817
2013-02-28,0.9070523500442504,1.0994304418563843,1.3356891870498657,1.1893385410308839,0.7475960344076157
2013-03-01,0.9488082349300384,0.8560962677001953,1.3276326417922975,1.1315159440040587,0.7476210117340087
2013-03-04,0.6935958325862884,0.7288668870925903,1.3425880432128907,1.1492409825325012,0.08857758343219757
2013-03-05,0.7536157846450806,0.8725050687789917,1.4156985998153686,1.1278359770774842,0.08834571689367295
2013-03-06,0.6042854964733124,0.7117709249258042,1.2335273981094361,1.0521133303642274,0.08892737030982971
2013-03-07,0.5011251419782639,0.6641687661409378,1.2581011056900024,0.8120345950126648,0.0893529236316681
2013-03-08,0.3949183225631714,0.5552930325269699,1.3536472558975219,0.8867518424987793,0.6671150863170624
2013-03-11,0.28450899571180344,0.4295283406972885,1.3855911016464233,0.8779041409492493,0.6992567300796508
2013-03-12,0.18261906057596206,0.23528316915035247,1.2469253897666932,0.8633145213127136,0.7131277754902839
2013-03-13,0.12933429181575776,0.22427401393651963,1.345417606830597,0.8354774236679077,0.7419752836227417
2013-03-14,0.1056373655796051,0.17205455601215364,1.3701065182685852,0.7956794857978821,0.7610258251428604
2013-03-15,0.09407262206077575,0.13427806943655013,1.2357153177261353,0.7602850794792175,0.19571592211723327
2013-03-18,0.08913526237010956,0.11672902703285218,1.089581799507141,0.6954755783081055,0.17604545950889589
2013-03-19,0.0877959281206131,0.11061600297689438,1.0705537438392638,0.6125807881355285,0.17158880233764648
2013-03-20,0.08662814646959305,0.11137467175722122,1.0764376521110535,0.5232228875160218,0.6710935056209564
2013-03-21,0.08504541516304016,0.6785018652677536,1.0459489464759826,0.41473698914051055,0.6869121193885803
2013-03-22,0.08393920063972474,0.7083656504750252,1.1079920530319214,0.30261890292167665,0.7614295214414597
2013-03-25,0.08332627713680267,0.7566507756710052,1.244431471824646,0.21472829282283784,0.8346893668174744
2013-03-26,0.08306125700473785,0.7770055815577507,1.3306032419204712,0.15742479413747787,0.8986941933631897
2013-03-27,0.08252353817224503,0.7887357860803604,1.4038052320480348,0.11574795991182327,0.4428559899330139
2013-03-28,0.08315912932157517,0.2309828668832779,1.3989745140075684,0.10163605809211732,0.4670717418193817
2013-04-01,0.08372942507266998,0.20692066252231597,1.4666813850402831,0.0930490180850029,0.4297023355960846
2013-04-02,0.0842686951160431,0.1663440138101578,1.4148059844970704,0.6771664157509804,0.3838486671447754
2013-04-03,0.6733953446149826,0.15010859668254853,1.4911929368972778,1.1442946791648865,0.34023905694484713
2013-04-04,0.6998226508498192,0.1340361088514328,1.4253477573394775,1.1964886873960494,0.7864197343587875
2013-04-05,0.7159110635519028,0.12149787992238999,1.289674735069275,1.3807094052433968,1.374659577012062
2013-04-08,0.7436544343829155,0.11082369536161422,1.2178051471710205,1.4405609309673308,1.3308858573436737
2013-04-09,0.7578591853380203,0.0985507220029831,1.222718858718872,0.9605675160884857,1.2920152187347411
2013-04-10,0.691763499379158,0.7580108404159546,1.1401166200637818,0.8405066430568695,1.8315243989229202
2013-04-11,0.6746297746896743,0.7577495202422142,1.0557396292686463,0.8435954988002777,1.3487956017255782
2013-04-12,0.6613167122006416,0.7563734292984009,1.1821317791938781,0.9767968595027924,0.9999573200941085
2013-04-15,1.2014952644705772,1.3453251779079438,1.13283029794693,1.318894499540329,1.0299572050571442
2013-04-16,1.582464538514614,1.7824825122952461,1.112117302417755,1.4194895207881928,1.0598164588212966
2013-04-17,1.3495350942015647,1.4433078601956368,1.0768991351127624,1.2311785399913788,0.5191519618034363
2013-04-18,1.3908500477671624,1.82157202064991,1.0729050397872926,1.3384739875793457,0.5084040820598602
2013-04-19,1.5362167835235596,2.1643435955047607,1.0647408723831178,1.1569185733795166,0.21622866541147232
2013-04-22,1.1118693113327027,1.8121196031570435,1.1658440828323364,0.9321894526481629,0.1870802566409111
2013-04-23,0.9089137792587281,1.5254384517669677,1.2337486505508424,0.7929878473281861,0.1634148821234703
2013-04-24,0.7563713908195495,1.338878333568573,1.1768425345420837,0.8344947814941406,0.14105722606182097
2013-04-25,0.810940396785736,1.069532537460327,1.2431842684745789,1.2696813821792603,0.12121693342924118
2013-04-26,0.7700636982917786,0.8437156558036805,1.2275631070137023,1.145561322569847,0.12022873759269714
2013-04-29,0.724626648426056,0.7138927936553955,1.147084653377533,0.9878471791744232,0.12102859616279601
2013-04-30,0.6247107028961182,0.6474225878715515,1.1335023760795593,0.9418877750635147,0.11903532445430756
2013-05-01,0.5655603170394897,0.5715361058712005,1.2106260299682616,1.206320396065712,0.7054636493325234
2013-05-02,0.4872265964746475,0.7615046799182892,1.2256656169891358,0.6797014385461807,0.7018879756331444
2013-05-03,0.9043039828538895,1.2640287816524505,1.3621628999710083,0.7911812245845795,1.2780075684189796
2013-05-06,0.8112253278493882,1.1658613562583924,1.4831060886383056,0.9077637404203415,1.3030287459492684
2013-05-07,0.7249334111809731,1.0984449148178101,1.3937212228775024,1.1685044884681701,1.361483557522297
2013-05-08,0.6527630001306534,1.0514177680015564,1.4068362236022949,1.0797028183937072,0.8319472327828408
2013-05-09,0.6282360956072808,0.7646707832813263,1.386454176902771,1.3604190468788147,0.8431047707796097
2013-05-10,0.10691599249839782,0.16734133064746856,1.2639490604400634,1.3192011654376983,0.7733824521303176
2013-05-13,0.10469447672367097,0.1814558684825897,1.0500868320465089,1.3703973114490509,0.7838696479797364
2013-05-14,0.7310085400938988,0.17848505079746246,1.0194785118103027,1.2461739480495453,1.0543045341968535
2013-05-15,0.7270070746541023,0.1668910264968872,0.9858197212219239,1.1562091767787934,1.0501406848430634
2013-05-16,0.729217067360878,0.15848533660173417,0.926467502117157,0.8773857593536377,1.2077581286430359
2013-05-17,0.7303098648786545,0.14290286749601364,0.9648683190345764,1.074792355298996,0.9028423666954041
2013-05-20,0.7314363718032837,0.12320765107870102,1.2043391823768617,1.1895611226558684,0.921782624721527
2013-05-21,0.10221373736858368,0.11147662103176117,1.2697471976280212,1.295675164461136,0.7555203795433044
2013-05-22,0.10229318737983703,0.1048308327794075,1.4425689578056335,1.080569326877594,0.9945783913135529
2013-05-23,0.10048224776983261,0.10067423731088639,1.7302030563354491,1.1730174958705901,0.8936006128787994
2013-05-24,0.09872012436389924,0.09589909762144089,1.5077301800251006,1.0456673681735993,0.8604570686817169
2013-05-28,0.09687073081731797,0.09501262605190278,1.447200208902359,0.9120506346225739,1.0922414064407349
2013-05-29,0.09587178379297256,0.09531082361936569,1.6303056299686431,0.813541179895401,1.1761579513549805
2013-05-30,0.0953532800078392,0.09507306665182114,1.493753582239151,0.9180867910385132,1.035174512863159
2013-05-31,0.6700058162212372,0.09450173676013947,1.3956783592700959,1.1008872866630555,1.129137361049652
2013-06-03,0.6987081289291381,0.09229938834905624,1.4764567494392395,1.33431236743927,1.1161172986030579
2013-06-04,0.713383524119854,0.08979667872190475,1.2960751175880432,1.2820071458816529,0.9765857934951783
2013-06-05,1.1766570255160331,0.6767034664750099,1.1365127205848693,1.2707216620445252,0.9067057728767395
2013-06-06,1.2222951114177705,0.701055645942688,1.1061403632164002,1.2410638213157654,0.7860027492046356
2013-06-07,0.8508458793163299,1.1861916303634643,0.9489965081214905,1.1931272387504577,0.966108113527298
2013-06-10,0.8849810659885406,1.1967579916119575,1.124700164794922,0.8668517172336578,0.8590358197689056
2013-06-11,1.22954763174057,1.2016357421875,1.2501572847366333,0.9131743609905243,0.8938772022724152
2013-06-12,0.8097671627998352,1.1617874145507812,1.2496721506118775,0.9228553116321564,0.9905715644359588
2013-06-13,0.9391057074069977,1.5123771369457244,1.2496854066848755,0.9349346101284027,1.3471032738685609
2013-06-14,0.863062733411789,1.0945915639400483,1.3497824907302856,0.7788829624652862,1.1232280135154724
2013-06-17,0.9256291151046753,1.1728272497653962,1.2349555969238282,0.8644167900085449,1.2283437728881836
2013-06-18,0.6729887127876282,1.2375091910362244,1.1681124091148376,1.0224681973457337,1.1786108613014221
2013-06-19,0.979504382610321,1.0810704112052918,1.1038057923316955,1.2149875044822693,1.1999889016151428
2013-06-20,1.171763813495636,1.0830198168754577,1.045054292678833,1.4184515714645385,1.1281289935112
2013-06-21,1.1005033135414124,1.0729037761688232,1.0244864225387573,1.5735777497291565,1.3400715947151185
2013-06-24,1.2700016975402832,1.1461027979850769,1.1406598567962647,1.5970347046852111,1.2470645964145661
2013-06-25,1.233495843410492,1.2335910081863404,1.236641037464142,1.4438164114952088,1.2911946475505829
2013-06-26,1.064029371738434,0.9959258675575257,1.2812532305717468,1.3716998934745788,1.1649727284908296
2013-06-27,0.878311550617218,0.771015727519989,1.3646557092666627,1.3865665793418884,1.005750161409378
2013-06-28,1.0006255865097047,0.8660459518432617,1.2408490300178527,1.3178421139717102,0.8327328264713287
2013-07-01,0.8740058779716492,0.8559800028800965,1.1832786202430725,1.3633786678314208,0.9397349953651428
2013-07-02,0.9716184616088868,0.8473331809043885,1.0710329294204712,1.315538513660431,0.9303370118141174
2013-07-03,0.9490880489349365,0.8299787282943726,1.0942490816116333,1.180282461643219,0.9195297241210938
2013-07-05,0.9526492357254028,0.7926178932189941,1.133779263496399,1.1041431069374084,1.0435350060462951
2013-07-08,0.8400746822357178,0.7465032696723938,1.1863118052482604,1.221935760974884,0.9393043994903565
2013-07-09,0.7699807405471801,0.6554478526115417,1.1943612933158874,1.1391714811325073,0.9274969458580017
2013-07-10,0.676820057630539,0.5575746536254883,1.2210147380828857,1.1816867113113403,0.9121481299400329
2013-07-11,0.8859453618526458,0.8213075399398804,1.2495037078857423,1.208792018890381,0.9366218566894531
2013-07-12,0.7055416017770767,0.7090821608901023,1.2861128807067872,0.9637355089187623,0.7443100690841675
2013-07-15,0.6400489747524262,0.6022572815418243,1.261109960079193,0.7655111432075501,0.8057691097259522
2013-07-16,0.5420919805765152,0.5420634135603905,1.1563627958297729,0.7816066026687623,0.7508310914039612
2013-07-17,0.46787718683481216,0.4918481856584549,1.2228209495544433,0.9274735569953918,0.6869414448738098
2013-07-18,0.10282277166843415,0.09077657163143157,1.0919307589530944,0.8143977344036102,0.8712906956672668
2013-07-19,0.09752539545297623,0.6758185133337975,1.0759169936180115,0.9156066834926605,1.1961437821388246
2013-07-22,0.09603393971920013,0.7079912185668945,1.2479975461959838,0.9592112362384796,1.190923035144806
2013-07-23,0.0946979507803917,0.7202894523739815,1.265013539791107,0.8428977727890015,1.1378816425800324
2013-07-24,0.09436060786247254,0.7466357856988907,1.1649001479148864,0.8731747150421143,1.4544598162174225
2013-07-25,0.09239887297153473,0.7630607515573502,1.271873164176941,0.8666108071804046,1.1260327517986297
2013-07-26,0.09324936121702194,0.18529550433158876,1.3560136556625366,0.8501608312129975,0.8230317652225494
2013-07-29,0.09405565112829209,0.16580107510089875,1.2103420972824097,0.7876208841800689,0.847314041852951
2013-07-30,0.09483507722616195,0.16511492431163788,1.264205002784729,0.8780099391937256,0.9263935685157776
2013-07-31,0.09451523274183274,0.14546041190624237,1.318070149421692,0.6463103890419006,0.633083975315094
2013-08-01,0.7423000156879425,0.711265841126442,1.3474451303482056,0.9052444338798523,0.8989941835403442
2013-08-02,0.7422160252928733,0.7064285531640053,1.321720051765442,0.8090132117271424,1.1722366690635682
2013-08-05,0.7423267900943756,0.6953186973929405,1.4685897827148438,0.8100384950637818,1.1720322251319886
2013-08-06,0.7422229513525963,0.684819070994854,1.438631296157837,1.008002483844757,1.1684417247772216
2013-08-07,0.7420931980013847,0.6795104682445526,1.3950981855392457,0.9526065707206726,1.1658901572227478
2013-08-08,0.09330334216356277,0.09764393866062164,1.3536921977996825,0.8160274386405945,0.9605441331863404
2013-08-09,0.0924477681517601,0.09091706722974777,1.303861427307129,0.9377801656723023,0.6741278290748596
2013-08-12,0.09147917032241822,0.08838968127965927,1.20784432888031,0.993383264541626,0.6357855916023254
2013-08-13,0.09073935747146607,0.08649392127990722,1.3012561321258544,0.876181960105896,0.8623831868171692
2013-08-14,0.089884153008461,0.08440977185964585,1.3938864469528198,0.8778731763362885,0.788545697927475
2013-08-15,0.6674442172050477,0.6791141882538796,1.3240320563316346,0.8850393712520599,0.9845401346683502
2013-08-16,0.6988815560936927,0.7075688228011131,1.2653554320335387,0.8369414865970611,0.9261295437812805
2013-08-19,0.7167227268218994,0.726750661432743,1.3303792357444764,0.7716034471988678,0.9705230951309204
2013-08-20,0.7460108995437622,0.7575109869241714,1.315673792362213,0.6812086760997772,0.762151300907135
2013-08-21,0.762235701084137,0.7749290764331818,1.3848341584205628,0.7325378298759461,1.030108493566513
2013-08-22,0.1979511022567749,0.19384087920188903,1.4663516759872437,0.6211955130100251,1.02533900141716
2013-08-23,0.17774563133716584,0.17774563133716584,1.4764692068099976,0.7817120373249054,1.2198771238327026
2013-08-26,0.1697510600090027,0.1697510600090027,1.4508839845657349,0.6730214834213257,1.2309645533561706
2013-08-27,0.6801771253347397,0.6801771253347397,1.347122848033905,0.5778046011924743,1.2873136281967164
2013-08-28,0.6969667196273803,0.6969667196273803,1.2696966528892517,0.5054135620594025,1.0379501700401306
2013-08-29,0.7664192318916321,0.7664192318916321,1.3279008746147156,0.45355678498744967,0.814391303062439
2013-08-30,0.849474623799324,0.849474623799324,1.2523276448249816,0.18233574330806732,0.6079108059406281
2013-09-03,0.91319699883461,0.91319699883461,1.1948357224464417,0.6887804418802261,1.0093699276447297
2013-09-04,0.44594174027442934,0.6507080852985382,1.211826002597809,1.2034557968378068,0.8554615378379822
2013-09-05,0.4723919928073883,0.6442152976989746,1.113124704360962,1.498340055346489,1.1087661504745483
2013-09-06,0.43860045075416565,0.5944205224514008,1.0529823780059815,1.8776273012161255,1.0915573179721831
2013-09-09,0.3838486671447754,0.9954539000988006,1.117958378791809,1.9298183083534242,1.2280425786972047
2013-09-10,0.34023905694484713,0.9310404270887375,1.1260060310363769,1.7418393254280091,0.8493944883346558
2013-09-11,0.2833790808916092,0.6558432728052139,1.1797141194343568,1.264923131465912,0.9709018409252167
2013-09-12,0.23135094940662385,0.6305785655975342,1.24729585647583,1.2499039769172668,0.8149243295192719
2013-09-13,0.1871001735329628,0.598194406926632,1.2591437339782714,0.9069909036159516,0.9159571528434753
2013-09-16,0.1461951404809952,0.10331416726112366,1.1679255366325378,1.132601362466812,0.8829187750816345
2013-09-17,0.11443091332912445,0.09421031773090363,1.0986939311027526,0.8827491700649261,0.8251445651054382
2013-09-18,0.7685013443231583,0.7445366710424424,1.1241679549217225,0.9860134184360504,0.8747264266014099
2013-09-19,0.762397076189518,0.7447772726416588,1.157170593738556,0.835837334394455,0.7427976250648498
2013-09-20,0.7565018698573113,0.7453461021184922,1.0058874130249023,1.055291759967804,0.6219088077545166
2013-09-23,0.7568531766533851,0.7464370578527451,1.0083979487419128,0.8398987054824829,0.5054074347019195
2013-09-24,0.7576045334339142,0.7483401373028755,1.1053775668144226,0.9485769867897034,0.953255420923233
2013-09-25,0.08677819520235061,0.09771457463502883,0.9395601987838745,0.9785287380218506,0.7348893582820892
2013-09-26,0.08576113730669022,0.10022327750921249,0.909709358215332,0.9949520826339722,0.7098789528012276
2013-09-27,0.08688139468431473,0.10319917052984237,0.9594631671905518,0.88589026927948,0.6757552698254585
2013-09-30,0.08796419501304627,0.10501647889614105,1.0121843576431275,0.9830371022224427,0.6570421785116196
2013-10-01,0.08869298845529557,0.7180635198950768,1.0532289743423462,1.0832789540290833,0.09225897490978241
2013-10-02,0.0894264116883278,0.7192093729972839,1.3228070616722107,1.19903222322464,0.09048782140016556
2013-10-03,0.08911888152360917,1.267754040658474,1.3341042637825011,1.144727349281311,0.09071897715330124
2013-10-04,0.08854371756315231,1.302058543264866,1.549349069595337,1.121656310558319,0.0921741932630539
2013-10-07,0.08787287771701813,1.3113774850964546,1.6955293655395507,1.0957253694534301,0.09290772825479507
2013-10-08,0.6684609651565552,1.187169225513935,1.6863573789596558,0.9456171512603759,0.09395875930786132
2013-10-09,0.7000454887747765,1.2320733606815337,1.5776979446411132,0.9573236227035522,0.09483373016119004
2013-10-10,1.1867355346679687,0.895269113779068,1.560571312904358,1.2055686235427856,0.09539237469434739
2013-10-11,1.1979698523879052,0.9274151146411895,1.410827350616455,1.4440569281578064,0.09483507722616195
2013-10-14,1.2046800568699836,0.99849893450737,1.3560494899749755,1.3690199613571168,0.09451523274183274
2013-10-15,0.6311005085706711,0.5711113750934601,1.219371998310089,1.3946338772773743,0.09362677186727524
2013-10-16,1.1787341803312301,0.8304430186748505,1.239798867702484,1.2425593972206115,0.7405431404709816
2013-10-17,0.6968493655323982,0.6569244205951691,1.2495479464530945,1.0430964469909667,0.7396298483014107
2013-10-18,0.687141765654087,1.0121223211288453,1.2509167790412903,0.8074775099754333,0.739400751888752
2013-10-21,0.6818911671638489,0.9398824334144592,1.1259508848190307,0.8917073607444763,0.7392730623483658
2013-10-22,0.6762859493494033,0.8835834920406341,1.104767918586731,0.91330406665802,1.3895469054579734
2013-10-23,0.09764402210712433,0.5838407397270202,1.0555550098419189,0.8387446522712707,0.7423439964652061
2013-10-24,0.09331953525543213,0.5481309130787849,1.0716062307357788,0.7786023139953613,0.7442882388830185
2013-10-25,0.0924527183175087,0.12848360538482667,1.0011828899383546,0.6966104209423065,0.7456272333860398
2013-10-28,0.09143480360507965,0.12381851077079772,0.9783358097076416,0.6070186018943786,0.7471888288855553
2013-10-29,0.0897312268614769,0.12144444733858109,1.0541778206825256,0.4581656873226166,0.09821984469890595
2013-10-30,0.08887398391962051,0.11699167639017105,0.980316960811615,0.38791678845882416,0.09906958639621735
2013-10-31,0.08781236857175827,0.11360558420419693,0.8468033075332642,0.8472471803426742,0.0988253727555275
2013-11-01,0.08688303828239441,0.10915883779525756,0.9550966501235962,0.8191476315259933,0.6574425369501113
2013-11-04,0.08645065724849701,0.10481270551681518,1.077492892742157,0.8990493208169937,0.6942371010780335
2013-11-05,0.0866460457444191,0.10218333005905152,1.1954177260398864,1.0072198241949082,1.1796646252274514
2013-11-06,0.08750137388706207,0.10204144567251205,1.2844768404960631,1.1268503725528718,1.2302392199635506
2013-11-07,0.6647093579173088,0.6528421312570571,1.5175581693649292,0.6699196994304657,1.3633078455924987
2013-11-08,1.0838909134268762,1.058919322490692,1.536413550376892,1.0173601388931275,1.1249820113182067
2013-11-11,1.0930569350719452,1.067028310894966,1.5317515134811401,0.9193199574947357,1.14672030210495
2013-11-12,1.1062381610274314,1.0810382172465325,1.4858019828796387,1.1191968142986297,0.810646903514862
2013-11-13,1.1148967683315276,1.595534735918045,1.4744640827178954,1.0344563663005828,0.9004928469657898
2013-11-14,0.541762824356556,1.0473798632621765,1.4245564222335816,1.1155336201190948,0.914533531665802
2013-11-15,0.1260460838675499,0.6433442786335946,1.4367441177368163,0.84506396651268,0.7336807489395142
2013-11-18,0.11850832104682922,0.6338177159428596,1.4148030519485473,1.1269667744636536,0.8008413314819336
2013-11-19,0.10607705265283585,0.6187884137034416,1.2816239833831786,0.829714423418045,0.7612317800521851
2013-11-20,0.09706206172704697,0.10232513695955277,1.265779185295105,1.0937304317951202,0.9896001696586609
2013-11-21,0.0936127945780754,0.7421062245965004,1.2289534330368042,0.9711031496524811,0.8913596332073211
2013-11-22,0.09000198394060135,0.7399568051099777,1.2022831201553346,1.0146731674671172,0.8791645586490631
2013-11-25,0.08793180137872696,0.7412835076451302,1.20286967754364,0.8489743649959565,0.8753693401813507
2013-11-26,0.08622111082077026,0.7419544458389282,1.2671836614608765,0.9556213855743408,0.8828257977962494
2013-11-27,0.08474137485027314,0.7428113430738449,1.2069397568702698,0.8009978175163269,0.6351565301418305
2013-11-29,0.08340515196323395,0.0994654193520546,1.1455268740653992,0.9092089295387268,0.7017779588699341
2013-12-02,0.0825572818517685,0.09909563064575196,1.105480921268463,0.9902865171432496,0.6723340511322021
2013-12-03,0.08175939619541168,0.09834404438734054,1.1877031445503234,0.8848532795906067,0.6140023529529571
2013-12-04,0.08136313706636429,0.09870414435863495,1.3776450037956238,0.9034482121467591,0.5473481059074402
2013-12-05,0.08117497116327285,0.09808700233697891,1.657069730758667,0.9684166193008423,0.44038923382759093
2013-12-06,0.7483834981918335,0.0982559934258461,1.7428927421569824,0.8471714913845062,0.3303662657737732
2013-12-09,0.7497678115963936,0.09989785999059678,1.728247833251953,0.7763804137706757,0.23533307164907455
2013-12-10,0.7517602667212486,0.09867499321699143,1.7473324298858643,0.8982333719730378,0.1682933211326599
2013-12-11,1.3260911256074905,0.6720223560929298,1.6466749906539917,0.8745947301387786,0.11443091332912445
2013-12-12,1.3585002720355988,0.7006773591041565,1.3249888300895691,0.9517110288143158,0.09702361226081849
2013-12-13,0.7061556488275528,0.7157569214701652,1.2937138676643372,0.9502397179603577,0.08797736316919327
2013-12-16,0.7270683631300926,0.7383247137069702,1.3710482954978942,0.9486250519752503,0.08123839944601059
2013-12-17,0.7389942914247513,0.7547858923673629,1.3031782984733582,0.9395605087280273,0.08071180731058121
2013-12-18,0.734278991818428,0.7042012423276901,1.1955732941627502,0.9424850583076477,0.08063741624355317
2013-12-19,0.7147708028554917,0.6824229091405869,1.3888772964477538,0.9312365174293518,0.08045923262834549
2013-12-20,0.705086287856102,1.247572910785675,1.3166303873062133,0.9288366258144378,0.7487303078174591
2013-12-23,0.6874150052666664,1.879786056280136,1.1936018466949463,0.9190119087696076,0.7509648144245148
2013-12-24,0.6784108743071556,1.86609877794981,1.0905279517173767,0.9091103374958038,0.7530166298151016
2013-12-26,0.11316972076892853,1.3447766318917274,1.0661421537399292,0.9122416198253631,0.7550443574786186
2013-12-27,0.10378925502300262,1.3402575492858886,0.9896283626556397,0.7789602458477021,0.7571386754512787
2013-12-30,0.10144177824258804,0.7613444477319717,0.9788122177124023,1.003998041152954,0.09078890532255172
2013-12-31,0.10009165108203888,0.10697554349899292,0.98326016664505,0.894941782951355,0.09050889164209366
2014-01-02,0.09743149429559708,0.10677383989095687,0.9925271153450013,0.9158013343811036,0.09036274701356888
2014-01-03,0.09480077624320984,0.10625482052564621,1.024862003326416,1.0152739882469177,0.09026930183172226
2014-01-06,0.09265950322151184,0.10555187165737152,0.9787455916404724,0.9517175078392028,0.08978172391653061
2014-01-07,0.0905412957072258,0.10419492721557617,1.008476483821869,0.7591594815254211,0.0894264116883278
2014-01-08,0.0873520776629448,0.10297004878520966,1.017251229286194,0.7877297580242157,0.08911888152360917
2014-01-09,0.08526202887296677,0.10263060629367829,1.0971750617027283,0.6654112100601196,0.08854371756315231
2014-01-10,0.08364969491958618,0.10197580307722091,1.1288826584815979,0.9370962858200074,0.7511094227433205
2014-01-13,0.6660416692495346,0.6372380837798118,1.2020901203155518,0.8500222802162171,0.751711568236351
2014-01-14,1.08527429997921,1.0300427958369256,1.2384170770645142,0.7642370015382767,0.7530274972319603
2014-01-15,1.0955858796834945,1.044668309390545,1.188431942462921,0.6855059802532196,0.754523578286171
2014-01-16,1.110019789636135,1.0685783609747888,1.074043071269989,0.6302660867571831,0.7562312394380569
2014-01-17,1.120539516210556,1.084587287902832,1.0543197989463806,0.10366518646478654,0.09434648454189301
2014-01-21,0.541762824356556,0.5569362699985504,0.9517134070396424,0.6657892122864724,0.09461377561092377
2014-01-22,0.1260460838675499,0.1734217494726181,0.8857769966125488,0.7077962502837181,0.09382696449756622
2014-01-23,0.11850832104682922,0.16121936440467835,0.9220829725265502,1.0288333907723426,0.7498587608337403
2014-01-24,0.6764930337667465,0.7053874552249908,1.1626585960388183,1.052076268196106,0.7492778539657593
2014-01-27,0.7062351077795028,0.7256031513214112,1.2522005081176757,1.5072357088327408,0.7499615550041199
2014-01-28,0.7905159190297126,0.8026929676532746,1.31669282913208,0.9860409289598465,0.7510198831558228
2014-01-29,0.8794245287775994,1.1546643763780593,1.5011216521263122,1.1679291397333145,0.7521842896938324
2014-01-30,1.1587910294532775,1.4813928604125977,1.4088336169719695,1.3221182733774186,0.09614369869232178
2014-01-31,0.63261678814888,1.0487640857696534,1.184749859571457,1.356117582321167,0.09691986441612244
2014-02-03,0.9814675748348236,1.3295127511024476,1.206589812040329,1.1001174926757813,0.7380687236785889
2014-02-04,0.9349116683006287,1.2941323101520539,1.3360743701457978,1.1778255581855774,1.2961413636803627
2014-02-05,0.9680434703826905,1.0857724010944367,1.3605781495571136,1.075869333744049,1.3356362268328668
2014-02-06,0.8943126201629639,0.9357502400875092,1.6233879327774048,0.6882685422897339,1.344635958969593
2014-02-07,1.1617738068103791,1.0429995238780976,1.6931892871856689,0.7140758156776428,1.3553805232048035
2014-02-10,0.8249592363834382,0.8472326457500458,1.4834938406944276,0.5914350152015686,0.7255443334579468
2014-02-11,1.0972548246383667,1.0358898758888244,1.3861685156822205,0.7224702000617981,0.17412653863430022
2014-02-12,0.9792927041649818,0.8900131523609162,1.2579314827919006,0.6216179937124252,0.1397634595632553
2014-02-13,0.7794225797057152,0.7210773527622223,1.1571824669837951,0.5649434596300125,0.1352664902806282
2014-02-14,0.4753529950976372,0.48737764060497285,1.1605010628700256,0.8637802392244339,0.12862125635147095
2014-02-18,0.43285683542490005,0.37448473572731017,1.2377208471298218,0.7908810034394265,0.12234186083078384
2014-02-19,0.1291547790169716,0.1455696076154709,1.1318506479263306,0.5443816527724266,0.11749200224876404
2014-02-20,0.1303105026483536,0.14691590666770935,1.1161128044128419,1.0426615610718728,0.1149199828505516
2014-02-21,0.1329183667898178,0.15206955671310424,1.0365054607391357,1.0159815907478333,0.11390033662319184
2014-02-24,0.13413425981998445,0.15947778522968292,1.043911051750183,1.1844096302986145,0.11031959652900696
2014-02-25,0.13403615057468415,0.15576470494270325,1.1244838953018188,1.185635858774185,0.10470533967018128
2014-02-26,0.13047706037759782,0.15209777653217316,1.1635205149650574,1.1858879655599595,0.10186092853546143
2014-02-27,0.12908225357532502,0.15225043892860413,1.16628338098526,0.6770180016756058,0.0972890853881836
2014-02-28,0.12439126223325729,0.13951846808195115,1.1600575685501098,0.6799794480204582,0.09126931428909302
2014-03-03,0.11711667031049729,0.12234810441732406,1.0648464918136598,0.6733698651194573,0.08787567764520646
2014-03-04,0.7086406067013741,0.714938186109066,1.0251867532730103,1.1820686101913451,0.6817907214164733
2014-03-05,0.7065474301576614,0.7106288120150566,1.1766584277153016,1.2255428910255433,0.7030993655323983
2014-03-06,0.706275849044323,0.706275849044323,1.1538118243217468,1.234469747543335,0.7187450617551804
2014-03-07,0.707390981912613,0.707390981912613,1.2411866664886475,1.2499217212200164,0.7467251300811768
2014-03-10,0.7075268417596817,0.7075268417596817,1.3051963806152345,0.7268989235162735,0.7613474488258362
2014-03-11,0.10843664109706878,0.10843664109706878,1.2178781390190125,0.233731147646904,0.17826638221740723
2014-03-12,0.10474411398172379,0.10474411398172379,1.1278411030769349,0.6364317029714585,0.16585809886455535
2014-03-13,0.6717053726315498,0.6717053726315498,1.2566440224647522,0.6241960376501083,0.7219344109296799
2014-03-14,0.6975397422909737,0.6975397422909737,1.2302496075630187,0.6125963598489761,0.7010684221982956
2014-03-17,0.7112069323658943,0.7112069323658943,1.4132190823554993,1.1024957120418548,0.6883373066782952
2014-03-18,0.7359539285302162,1.145501972734928,1.5046640396118165,1.1301384687423706,0.6767634823918343
2014-03-19,0.7498893350362777,1.1560923039913178,1.5967114925384522,1.0745274305343628,0.6667514890432358
2014-03-20,0.19026876986026764,0.5888317421078682,1.5242295503616332,1.1171906411647796,0.09501898586750031
2014-03-21,0.17150545120239258,1.0951245442032813,1.6518012523651122,1.238830852508545,0.7572952926158905
2014-03-24,0.16468954384326934,1.123120592534542,1.4413103580474853,1.0463186264038087,0.7580077305436135
2014-03-25,0.14625834971666335,0.7897202000021935,1.4390175580978393,1.0502718269824982,0.7581903383135795
2014-03-26,0.13877691924571992,1.1236954405903816,1.4235915899276734,0.8074775636196136,0.7586303532123566
2014-03-27,0.1286523461341858,1.168476754426956,1.4583307743072509,0.9137525260448456,0.7591026335954666
2014-03-28,0.11719613671302795,0.7695175468921661,1.3621704578399658,0.9358188927173614,0.09094006717205047
2014-03-31,0.10918846726417542,0.8600014686584473,1.4119531154632567,0.7740788638591767,0.08966798335313797
2014-04-01,0.10352562665939331,0.9593572854995728,1.4198302268981933,0.8650965213775634,0.08937665522098541
2014-04-02,0.09511702805757523,0.7472554683685303,1.2580143451690673,0.8469971418380737,0.09101077914237976
2014-04-03,0.08995978981256485,0.8143322110176087,1.1038672566413879,0.8177515983581543,0.09204002171754837
2014-04-04,0.6905343815684318,0.9968833565711975,1.0195614218711853,0.8887560606002808,0.09316757917404175
2014-04-07,1.1661282107234001,0.9106651604175567,0.9471653461456299,0.7571606189012527,0.09450374096632004
2014-04-08,1.2123052775859833,0.8554564893245697,0.9490902185440063,0.665122988820076,0.09493907392024994
2014-04-09,1.4008863478899003,0.9152495324611664,1.037066388130188,0.5611763268709182,0.09364104121923447
2014-04-10,1.641469371318817,1.0272309601306915,1.1753252148628235,0.43637741953134535,0.0928582176566124
2014-04-11,1.10336674451828,1.0557329475879669,1.189829671382904,0.21224721372127534,0.09113812893629074
2014-04-14,0.7914614319801331,1.0640597581863402,1.282032036781311,0.18763698637485504,0.08936101496219635
2014-04-15,0.9048334121704101,1.0867654800415039,1.2798664569854736,0.7245191961526871,0.0882044866681099
2014-04-16,0.8871760368347168,1.0619020581245422,1.28456609249115,0.7190936386585236,0.08706171959638595
2014-04-17,0.7589334368705749,1.0193017363548278,1.2813496589660645,0.7915074840188027,0.6754331588745117
2014-04-21,0.8171515464782715,0.8357654571533203,1.2474485993385316,0.8784011662006378,0.6992099568247795
2014-04-22,0.7516948461532593,0.9303807497024537,1.224763238430023,0.9423464685678482,0.7148253321647644
2014-04-23,0.6665989041328431,0.9110738396644592,1.2112266421318054,0.36590251624584197,0.7421700462698937
2014-04-24,0.5536561489105225,0.8788467288017273,1.1907185673713685,0.3479424923658371,0.7561597406864167
2014-04-25,0.47130641937255857,1.0397830128669738,1.0617019414901734,0.28073271811008454,0.179439777135849
2014-04-28,0.370153421163559,0.9250035345554352,1.147965133190155,0.19740448743104935,0.16585809886455535
2014-04-29,0.28473529815673826,0.9225412786006928,1.1616254448890686,0.13877691924571992,0.1569739133119583
2014-04-30,0.22196256816387178,0.9198611199855804,1.1920363545417785,0.1286523461341858,0.13307891190052032
2014-05-01,0.1713616818189621,0.9216448485851287,1.235065186023712,0.11719613671302795,0.7489543825387954
2014-05-02,0.1467647820711136,0.7105907499790192,1.377008843421936,0.7518895447254181,0.7415159672498703
2014-05-05,0.13042250722646714,0.7940985441207886,1.3386725544929505,0.7464621931314468,0.7315623864531517
2014-05-06,0.11671989560127258,0.960992980003357,1.2506801247596742,0.7389644086360931,0.7249433502554894
2014-05-07,0.10302812457084656,0.858841747045517,1.2198224425315858,1.320086833834648,0.7214525431394577
2014-05-08,0.09662017822265626,0.8700039803981781,1.0412771940231322,1.348274302482605,0.0913745790719986
2014-05-09,0.09144694209098816,0.8732093036174774,1.021465277671814,0.7898054838180542,0.08600327968597413
2014-05-12,0.0860869437456131,0.9628542125225067,1.1882376313209533,0.8715277537703514,0.08515220433473587
2014-05-13,0.08518670201301574,0.6994464039802551,1.1735368490219116,0.9502331435680389,0.0842796117067337
2014-05-14,0.08496631979942322,0.7136599123477936,1.1489832401275635,0.4283518373966217,0.7530532792210579
2014-05-15,0.08447941988706589,0.6090343177318573,1.2069512248039245,0.4090423136949539,0.7551460683345794
2014-05-16,0.08488240838050842,0.4823962837457657,1.1832317471504212,0.33250623047351835,0.7563273772597313
2014-05-19,0.08448375165462493,0.26700866520404815,0.9261053085327149,0.2544087484478951,0.7589801520109176
2014-05-20,0.0842686951160431,0.22069382965564727,0.9409072160720825,0.18375065177679062,0.7616639003157616
2014-05-21,0.08423552364110946,0.1627058908343315,0.9898242712020874,0.12547966688871384,0.09493674635887146
2014-05-22,0.08442545682191849,0.11977076232433319,1.1361899614334106,0.11752218455076217,0.09501242786645889
2014-05-23,0.08442545682191849,0.10635618418455124,1.1448649406433105,0.1107044279575348,0.09622222632169723
2014-05-27,0.08442545682191849,0.7651977106928826,1.3568174958229064,0.659077824652195,0.09625915139913559
2014-05-28,0.08442545682191849,0.7602366790175438,1.3747769832611083,0.6817354813218117,0.7410850837826729
2014-05-29,0.08442545682191849,0.7594381853938103,1.2483487844467163,0.7474236145615578,0.7405364409089088
2014-05-30,0.08442545682191849,0.7582769885659217,1.205018663406372,0.8261147901415825,0.7414149731397629
2014-06-02,0.08442545682191849,0.757797920703888,1.3050007820129395,0.9013155549764633,0.7414730131626129
2014-06-03,0.08442545682191849,0.08899067342281342,1.27854585647583,0.4168765038251877,1.3025305196642876
2014-06-04,0.08442545682191849,0.08837854266166686,1.4532942056655884,0.45464221835136415,0.694030188024044
2014-06-05,0.08442545682191849,0.09007496833801269,1.6806164503097534,0.43486247062683103,0.7063671171665191
2014-06-06,0.08442545682191849,0.09149090051651002,1.6674538373947143,0.35653534829616546,0.7224974527955055
2014-06-09,0.08442545682191849,0.0921418160200119,1.6524808168411256,0.28112985789775846,0.733867210149765
2014-06-10,0.08442545682191849,0.09258149862289429,1.6754785776138306,0.21266705840826033,0.18157985508441926
2014-06-11,0.08442545682191849,0.09222612529993057,1.6431908369064332,0.1441931113600731,0.15453470647335052
2014-06-12,0.08442545682191849,0.09043598026037217,1.4953849077224732,0.7590609773993492,0.15161291658878326
2014-06-13,0.08442545682191849,0.08886417001485825,1.4778984785079956,0.7582877412438392,0.14041579514741898
2014-06-16,0.08442545682191849,0.08799115121364594,1.4482470273971557,0.7558455049991608,0.13537902683019637
2014-06-17,0.08442545682191849,0.08729634433984756,1.3800374507904052,0.7544171184301376,0.12863043695688248
2014-06-18,0.08442545682191849,0.0869567111134529,1.2461883544921875,0.7541592419147491,0.12100193053483962
2014-06-19,0.08442545682191849,0.0868008092045784,1.1961904883384704,0.7545484364032745,0.6690861389040947
2014-06-20,0.08442545682191849,0.08650195449590684,1.1111255764961243,0.7537577718496322,0.6933660477399826
2014-06-23,0.08442545682191849,0.08594397008419037,0.9754345655441284,0.7549335390329361,0.7567042350769043
2014-06-24,0.08442545682191849,0.08535544574260712,0.9427761793136596,0.7564548537135124,1.0184499025344849
2014-06-25,0.08442545682191849,0.08488240838050842,0.9912929773330689,0.759228092432022,1.0570536255836487
2014-06-26,0.08442545682191849,0.08448375165462493,0.9662491202354431,0.09514121115207672,0.5611904442310334
2014-06-27,0.08442545682191849,0.0842686951160431,1.0542234778404236,0.09555763304233551,0.5764660596847534
2014-06-30,0.08442545682191849,0.08423552364110946,1.1697354078292848,0.735715089738369,0.5468490779399872
2014-07-01,0.08442545682191849,0.7518918097019196,1.2286708116531373,0.7364941224455833,0.30027528405189513
2014-07-02,0.08442545682191849,0.7532920241355896,1.2166770696640015,0.7382570967078209,0.8324816465377808
2014-07-03,0.08442545682191849,0.7545678913593292,1.313342523574829,0.7400949001312256,0.8076146960258483
2014-07-07,0.08442545682191849,0.7558460876345634,1.34514582157135,0.742228838801384,0.8360340297222137
2014-07-08,0.08442545682191849,1.3282745987176896,1.2099781155586242,0.10533198267221451,1.0416509687900544
2014-07-09,0.08442545682191849,0.6935847461223602,1.185574233531952,0.10707719773054122,1.0684031188488006
2014-07-10,0.08442545682191849,0.7058764949440957,1.238904869556427,0.10681783258914948,0.5341037809848785
2014-07-11,0.08442545682191849,0.7258355170488358,1.2440944075584413,0.10581969171762466,0.5441752314567566
2014-07-14,0.08442545682191849,0.7369279503822327,1.2213367581367494,0.6685689464211464,0.5195724725723266
2014-07-15,0.08442545682191849,0.17716807425022124,1.3221566200256347,0.7021924167871475,0.31837003827095034
2014-07-16,0.08442545682191849,0.1558412343263626,1.30860333442688,0.7127993673086166,0.3022470325231552
2014-07-17,0.6735852777957916,0.662870180606842,1.2978199958801269,1.1371015369892121,0.7553871124982834
2014-07-18,1.1041930243372917,1.0193315893411636,1.2873270750045775,1.1440245807170868,0.713845606148243
2014-07-21,1.1136591523885726,1.0942522227764129,1.309287929534912,0.5830578580498695,0.6651342183351516
2014-07-22,1.1239657714962958,1.1686527758836747,1.2860636711120605,0.5509738951921463,0.62107405513525
2014-07-23,1.1285618931055068,1.2345453739166259,1.3243745803833007,0.5410262137651444,0.5929795354604721
2014-07-24,0.5437079116702079,0.775408273935318,1.2949706315994263,0.6674360781908035,0.10003882646560669
2014-07-25,0.11685010939836502,0.4577568292617798,1.2246509671211243,1.0623496353626252,0.7478470578789711
2014-07-28,0.10953546166419983,0.41675643920898436,1.1894364476203918,1.1045655652880668,0.7475122332572937
2014-07-29,0.1006789430975914,0.37157825827598573,1.2475723624229431,1.152040460705757,0.7472466602921486
2014-07-30,0.09706206172704697,0.320509135723114,1.2128708958625793,1.2033462047576904,1.3132163047790528
2014-07-31,0.6687648266553878,0.7721825420856476,1.1316962957382202,1.0369876384735108,1.3494628578424455
2014-08-01,0.701236116886139,0.7446437001228332,1.1227343320846557,0.6758380711078644,0.7075706928968429
2014-08-04,0.7715017154812813,0.8063555479049682,1.1418179512023925,0.7572894215583801,0.7235583156347275
2014-08-05,0.85664122402668,0.8705853521823883,1.1876933574676514,0.833028393983841,0.7360135972499847
2014-08-06,0.9260684013366699,0.914718633890152,1.2745933771133422,0.9888313472270965,0.17740464210510254
2014-08-07,0.41117866039276124,0.46258028149604796,1.4563860535621642,0.7239862263202668,0.15132843255996703
2014-08-08,0.674977570772171,0.4980669617652893,1.597774338722229,0.7793794631958008,0.14779950082302093
2014-08-11,0.6317703574895859,0.4582176089286804,1.5739532947540282,0.7285204708576203,0.13691673725843428
2014-08-12,0.5826931148767471,0.4076043009757996,1.3695632815361023,0.6344381332397461,0.1295793831348419
2014-08-13,0.5455680400133133,0.6928843557834625,1.2972376227378846,0.4584457278251648,0.12630113661289216
2014-08-14,0.5033588200807572,0.6510998338460923,1.2053424715995789,0.3553692102432251,0.12040531933307648
2014-08-15,0.20513157546520233,0.584787629544735,1.1581545233726502,0.27016505002975466,0.7547035694122315
2014-08-18,0.1763284146785736,0.517219452559948,1.1572586178779602,0.19684224873781203,0.7524144813418389
2014-08-19,0.13898121565580368,0.4620695114135742,1.1613375902175904,0.1653319329023361,0.7461262047290802
2014-08-20,0.10566452592611313,0.10638529658317566,1.1643130302429199,0.13100305050611497,0.7410359665751457
2014-08-21,0.08646311312913894,0.08704363703727722,1.067844521999359,0.6803507372736931,0.7367963641881943
2014-08-22,0.08420835286378861,0.08515220433473587,1.0760117173194885,0.6959022596478462,0.0936196893453598
2014-08-25,0.083255435526371,0.0842796117067337,1.0472309947013856,0.7773199379444122,0.08840699195861816
2014-08-26,0.0824910968542099,0.08353377133607864,1.1478208899497986,0.8568311676383018,0.08687717169523239
2014-08-27,0.08195142447948456,0.08316545188426971,1.0611532211303711,0.9336800664663315,0.0856820747256279
2014-08-28,0.08184799998998642,0.08292771279811859,1.1000032305717469,0.42342073619365694,0.08569374978542328
2014-08-29,0.08270845115184784,0.08369321674108506,0.9725171566009522,0.4063870131969452,0.08579171746969223
2014-09-02,0.08372770100831986,0.08449452966451645,0.9482333183288574,0.8471679151058197,0.6639744773507118
2014-09-03,0.0847255289554596,0.0854739636182785,0.7413012206554412,0.7987475693225861,0.69771249294281
2014-09-04,0.0855156049132347,0.08623861670494079,0.7828909933567048,0.8110374689102173,1.183037243783474
2014-09-05,0.08594397008419037,0.0869567111134529,1.0861756145954131,0.8538960576057434,1.233617974817753
2014-09-08,0.08535544574260712,0.0868008092045784,1.345877116918564,1.223926568031311,1.3670993089675902
2014-09-09,0.08488240838050842,0.08650195449590684,1.5586281955242156,0.746330201625824,0.9210936069488526
2014-09-10,0.08448375165462493,0.08594397008419037,1.8925750494003295,0.8436024427413941,1.0073748886585236
2014-09-11,0.0842686951160431,0.08535544574260712,1.7936562299728394,0.87957204580307,0.6312470138072968
2014-09-12,0.08423552364110946,0.08488240838050842,1.5025924444198608,0.8931171774864197,0.9313436627388001
2014-09-15,0.08442545682191849,0.08448375165462493,1.4733160257339477,0.6255807638168335,0.844514113664627
2014-09-16,0.08442545682191849,0.0842686951160431,1.3996840000152588,0.6868391275405884,0.8533474504947662
2014-09-17,0.08442545682191849,0.08423552364110946,1.140646481513977,0.9139024138450622,0.8645105540752411
2014-09-18,0.08442545682191849,0.08442545682191849,1.3507987022399903,0.8311303317546844,0.8735476076602936
2014-09-19,0.08442545682191849,0.08442545682191849,1.2735802769660949,0.8421959817409516,0.7322777569293976
2014-09-22,0.08442545682191849,0.08442545682191849,1.0786095142364502,0.8418339788913727,0.725222396850586
2014-09-23,0.08442545682191849,0.08442545682191849,1.031626558303833,0.8303082764148713,0.6476428508758545
2014-09-24,0.08442545682191849,0.7518918097019196,1.1874914646148682,0.5779889285564422,0.5541060328483581
2014-09-25,0.6735852777957916,1.3164438769221305,1.1850905895233155,0.6358582973480225,0.8875609993934631
2014-09-26,0.6998226508498192,1.7449644595384597,1.3327370047569276,0.5887134194374084,0.687594884634018
2014-09-29,0.7159110635519028,1.75716702491045,1.489633059501648,0.5387026190757751,0.6516245245933533
2014-09-30,0.7436544343829155,1.7649269804358483,1.4698439598083497,0.48700175285339353,0.5921315118670464
2014-10-01,1.2660777479410172,1.640455649793148,1.4917185306549072,0.40214262902736664,1.2020534202456474
2014-10-02,0.7228927165269852,1.1230313703417778,1.4231997728347778,0.30602975338697436,0.7538155227899551
2014-10-03,0.8954627484083175,0.8007394716143608,1.3520617723464965,0.7515168353915215,0.7466881141066551
2014-10-06,0.941594997048378,0.9004355296492577,1.3335959911346436,1.105559603869915,0.7456329479813576
2014-10-07,1.2811703979969025,1.242628675699234,1.3179251909255982,1.0884277567267417,1.3644748777151108
2014-10-08,1.0930679142475128,1.0574733316898346,1.2997739553451537,1.126592393219471,0.7205856591463089
2014-10-09,1.2507505118846893,1.2215193867683412,1.3614156007766725,1.169955998659134,0.7229529976844787
2014-10-10,1.423598474264145,1.4629098773002625,1.3860580444335937,0.7046537697315216,0.7262517869472503
2014-10-13,1.7369782209396363,1.7024052143096924,1.3374449491500855,0.3329619288444519,0.731488186120987
2014-10-14,1.4660129070281982,1.4420646905899048,1.3365632534027099,0.344280868768692,0.11739930510520935
2014-10-15,1.3165643692016602,1.2758643627166748,1.3758020877838135,0.30092803239822385,0.12202796936035157
2014-10-16,1.296258544921875,1.255183720588684,1.2691860437393188,0.2527902275323868,0.12420551180839538
2014-10-17,1.0831925749778748,1.0662587761878968,1.2882229089736938,0.19336590617895127,0.125259068608284
2014-10-20,0.8784166574478149,0.9061716437339783,1.1997427582740783,0.14621685594320297,0.12164479047060013
2014-10-21,0.949290668964386,1.030765998363495,1.152172076702118,0.10337420403957367,0.11752613931894303
2014-10-22,0.8918538093566895,0.8817433774471283,1.1138318657875061,0.08622111082077026,0.11337295025587082
2014-10-23,0.894779634475708,0.8963830649852753,1.122439682483673,0.08474137485027314,0.10889673680067062
2014-10-24,0.769401490688324,0.7469450324773789,1.0674360632896422,0.08340515196323395,0.10345377773046494
2014-10-27,0.6862305998802185,0.5772582978010178,1.0994027614593507,0.0825572818517685,0.1002894550561905
2014-10-28,0.81576087474823,0.7637112587690353,1.1626797199249268,0.08175939619541168,0.09714141041040421
2014-10-29,0.6976676255464553,0.7378528773784637,1.1142032861709594,0.6835482001304627,0.09443015158176422
2014-10-30,0.5358996868133545,0.5573614418506623,1.1225699663162232,1.1436616837978364,0.09130522012710571
2014-10-31,0.9181629896163941,0.9449859648942948,1.1694297075271607,1.59242295473814,0.08949187397956848
2014-11-03,0.8476326316595078,0.9600395828485488,1.1675944566726684,1.658942537009716,0.08773507773876191
2014-11-04,0.5767539918422699,0.6052974849939347,1.0787319183349608,1.8185149788856507,0.08620952069759369
2014-11-05,0.5929476231336593,0.6365435302257538,1.0849072456359863,1.546389067173004,0.08488240838050842
2014-11-06,0.5862783670425415,0.6454602360725403,1.129442310333252,1.2016718983650208,0.08448375165462493
2014-11-07,0.1861610382795334,0.27853184938430786,1.1791417598724365,0.908762001991272,0.7517350479960442
2014-11-10,0.1835816890001297,0.26951985657215116,1.2839583158493042,1.0971408843994142,0.7531020909547805
2014-11-11,0.17407920062541962,0.251269257068634,1.312335741519928,1.1553432583808898,0.7545678913593292
2014-11-12,0.165391805768013,0.2345697283744812,1.3237062096595764,0.960504949092865,0.7558460876345634
2014-11-13,0.16441121101379394,0.23217191994190217,1.2161816239356995,1.004252851009369,0.7571386754512787
2014-11-14,0.16286808550357817,0.22622702717781068,1.1680679202079773,1.0227696180343628,0.09078890532255172
2014-11-17,0.15877510607242584,0.214294895529747,1.1256959795951844,0.8342280268669129,0.09050889164209366
2014-11-18,0.14931435734033585,0.19354356676340104,1.1660523414611816,0.7386108279228211,0.09036274701356888
2014-11-19,0.13697171658277513,0.1667444810271263,1.1455860614776612,0.9681694149971009,0.09026930183172226
2014-11-20,0.12437973916530609,0.13985175192356109,1.258186936378479,1.1835035681724548,0.08978172391653061
2014-11-21,0.11213134527206421,0.11741001904010773,1.319897723197937,1.1603727102279664,0.0894264116883278
2014-11-24,0.10342259705066681,0.10342259705066681,1.3721486568450927,1.255725133419037,0.08911888152360917
2014-11-25,0.09802033901214599,0.09802033901214599,1.451541781425476,1.299890923500061,0.08854371756315231
2014-11-26,0.09372961670160293,0.09372961670160293,1.5292696714401246,1.0997644662857056,0.08787287771701813
2014-11-28,0.08949516713619232,0.08949516713619232,1.4404858708381654,1.0062179803848266,0.08765902370214462
2014-12-01,0.08773952573537827,0.680699223279953,1.2951528072357177,1.2597521185874938,0.08729634433984756
2014-12-02,0.08599736094474793,0.7051944315433503,1.2182929039001464,1.4732478737831116,0.0869567111134529
2014-12-03,0.08448375165462493,0.7197692349553109,1.2312649726867675,1.70116446018219,0.0868008092045784
2014-12-04,0.0842686951160431,0.7472975492477417,1.0868812084197998,1.621224284172058,0.08650195449590684
2014-12-05,0.08423552364110946,0.761469128727913,1.1743478894233703,1.647433376312256,0.08594397008419037
2014-12-08,0.08442545682191849,0.18150176107883453,1.2162398815155029,1.6204536437988282,0.753067760169506
2014-12-09,0.08442545682191849,0.16585809886455535,1.1439263105392456,1.4895098209381104,0.7539949372410775
2014-12-10,0.6735852777957916,0.692633005976677,1.0052728652954102,1.131658571958542,0.7548721477389335
2014-12-11,0.6998226508498192,0.7032566905021668,1.0636995077133178,1.1539795458316804,0.7559352874755859
2014-12-12,1.2110802978277206,1.0506510972976684,1.0828106880187989,0.9373468577861785,1.4131853252649307
2014-12-15,1.2624154642224312,1.4857337832450868,1.3298853874206542,0.9257875621318817,0.7474361687898636
2014-12-16,1.3888658225536346,1.9103055238723754,1.5423966646194458,0.7425815224647522,1.382287259399891
2014-12-17,0.987854665517807,1.5549221754074096,1.7630300045013427,0.8696482598781585,1.3835728004574777
2014-12-18,1.4110865712165832,1.7296982765197755,1.8104417085647584,0.9251754701137542,1.919279618561268
2014-12-19,0.9428288280963898,1.495385217666626,1.7772164583206176,0.9779008567333222,1.6767389252781868
2014-12-22,0.9378620564937592,1.1971633434295654,1.5759977340698241,0.9135282933712006,1.685662354528904
2014-12-23,0.8387759685516357,0.9026997566223145,1.4420666456222535,0.9120073914527893,1.5806936636567115
2014-12-24,0.6622576951980591,0.8540823817253113,1.2849782705307007,0.9198867201805114,1.6353852510452271
2014-12-26,0.21813904345035554,0.7660722851753234,1.2207709074020385,0.9323795199394226,1.1797635436058045
2014-12-29,0.1777427926659584,0.759601378440857,1.1071278214454652,1.1077500581741333,0.85352703332901
2014-12-30,0.13276862800121308,0.71718989610672,1.012309741973877,1.1872142791748046,0.9287297427654266
2014-12-31,0.10611493736505509,0.9639118790626526,0.9254857778549195,1.433316457271576,0.4616838753223419
2015-01-02,0.09518645703792572,0.8751464545726776,0.9206319093704224,1.325100940465927,0.709825599193573
2015-01-05,0.6806093156337738,1.053348582983017,1.0091696500778198,1.3264080822467803,1.142435336112976
2015-01-06,0.7150321319699288,1.3331510841846466,1.0428950548171998,1.2252033293247222,1.6008580207824707
2015-01-07,0.9347395658493042,1.4649601399898529,1.1400665879249572,0.892008638381958,1.5298641592264175
2015-01-08,1.300422240793705,1.2721293151378632,1.1946182131767273,0.6886123538017273,1.952543666958809
2015-01-09,1.336720359325409,1.379363775253296,1.2494063258171082,0.8482625782489777,2.049611523747444
2015-01-12,0.764720293879509,1.3557138919830323,1.142568790912628,1.1484273970127106,1.5584393590688705
2015-01-13,0.7444628298282623,1.017775571346283,1.1702988386154174,0.9477183759212494,1.0655879527330399
2015-01-14,0.5338493406772613,0.9503590345382691,1.1632104158401488,0.9224623560905456,1.0991024374961853
2015-01-15,0.17701485753059387,1.0434278011322022,1.2969086170196533,1.2681798458099365,0.9614774584770203
2015-01-16,0.6860603213310241,1.2284412145614625,1.3218313455581665,1.5623977899551391,1.0196455359458922
2015-01-20,0.6705479219555854,1.073105251789093,1.3536256074905395,1.5768069982528687,1.3987944900989533
2015-01-21,0.6573900014162064,1.174203085899353,1.3574393033981322,1.607461893558502,1.7977266669273377
2015-01-22,1.2693729192018508,1.1778950333595275,1.31188862323761,1.6345103085041046,1.8172941327095031
2015-01-23,1.262794490158558,1.0277620434761048,1.2371562719345093,1.2378243148326873,1.6572847723960877
2015-01-26,0.722576704621315,0.8255049586296082,1.1328795194625854,1.0735581815242767,1.2425699591636659
2015-01-27,1.2657158479094506,1.0081408023834229,1.1721809387207032,0.9291963994503021,0.9277167439460754
2015-01-28,1.6135516524314881,0.9070245623588562,1.1328475832939149,0.9632731974124908,0.7172187447547913
2015-01-29,1.0459131300449371,0.906428599357605,1.1433684468269347,1.2631035566329956,0.7002095878124237
2015-01-30,1.3463646307587624,0.9404973268508912,1.1425846695899964,1.5614624857902526,0.7978186547756195
2015-02-02,1.7053955972194672,0.9583389639854432,1.147032082080841,1.2885801553726197,0.8019661068916321
2015-02-03,1.3938065946102143,0.806510055065155,1.086631953716278,1.2972019910812378,1.1336849093437196
2015-02-04,1.0905130326747894,0.8838770389556885,1.1744923353195191,1.3187981367111206,0.9654892325401306
2015-02-05,1.237298560142517,0.8254965305328369,1.1842572689056396,1.121098268032074,1.2484239995479585
2015-02-06,0.9599233627319336,0.7427580952644348,1.1645416498184205,1.061674964427948,1.241642040014267
2015-02-09,0.6842264652252197,0.6831809520721436,1.1060920238494873,1.0834221482276916,1.272369885444641
2015-02-10,0.7059772491455079,0.7963605880737304,1.1507567405700683,0.9185243248939514,1.0408959627151488
2015-02-11,0.6740376085042954,0.6687289893627166,1.1160065412521363,1.086867880821228,1.1541975021362305
2015-02-12,0.5037023574113846,1.0723743498325349,1.1442308187484742,1.021212136745453,1.0099448204040526
2015-02-13,0.509220615029335,0.989747941493988,1.162863516807556,0.9299464583396911,0.9937231540679932
2015-02-17,0.4486191928386688,0.8966011017560959,1.201223611831665,1.1083246231079102,1.2388453960418702
2015-02-18,0.2100691467523575,0.6312058284878731,1.19293053150177,1.0008937239646911,1.137209963798523
2015-02-19,0.21633304059505462,0.6214906513690949,1.2280163049697876,0.9174018740653992,1.1415547847747802
2015-02-20,0.21197288632392883,0.1040344312787056,1.2283240795135497,1.0090417981147766,1.1385544300079347
2015-02-23,0.19928950369358062,0.09925415366888046,1.1421874523162843,0.9848914265632629,1.0381593704223633
2015-02-24,0.1877705931663513,0.09527532607316971,1.1684890747070313,0.8805927395820617,0.9335205554962158
2015-02-25,0.2013675570487976,0.09386047422885894,1.1365730524063111,0.9544620633125305,0.9290121138095856
2015-02-26,0.1882532149553299,0.09364435374736786,1.143574070930481,0.9115740656852722,1.0415148079395293
2015-02-27,0.16891513913869857,0.09322717934846877,1.1582688093185425,0.8737229704856873,0.9122432410717011
2015-03-02,0.15846894234418868,0.09401510953903199,1.2689532041549683,0.8154985070228576,1.0409906566143037
2015-03-03,0.15073933750391005,0.09487612545490265,1.2422204494476319,0.7282560348510743,0.8849378407001496
2015-03-04,0.12259209305047988,0.09515372663736343,1.2118332624435424,0.6419405043125153,0.9888001441955566
2015-03-05,0.11497101932764053,0.09493620246648789,1.1933059215545654,0.5201572060585022,0.8630178570747375
2015-03-06,0.6833546191453934,0.6619461879134179,1.2050685644149781,0.8581226706504822,1.088319993019104
2015-03-09,0.703824308514595,0.6952993303537369,1.134483027458191,0.7764117896556855,0.8572447240352631
2015-03-10,1.19102583527565,1.1767618358135223,1.097614300251007,0.7925576627254486,0.9599672973155975
2015-03-11,1.2273209601640702,1.215913636982441,1.132151186466217,0.8322636961936951,0.9550990998744965
2015-03-12,1.4172821372747422,1.3273956418037414,1.2412790179252624,0.9061467230319977,0.9465884149074555
2015-03-13,0.9106578201055526,0.8681573033332824,1.3331582427024842,0.49853515028953554,0.8332842290401459
2015-03-16,1.1056911170482635,1.0326177299022674,1.4704325079917908,0.5330943167209625,0.9362911462783814
2015-03-17,0.6511155068874359,0.6079344272613525,1.4256996273994447,0.48065405488014223,0.921288251876831
2015-03-18,0.9913533210754395,0.6474329888820648,1.477227771282196,0.9879574477672577,0.9689645290374755
2015-03-19,0.8137094646692276,0.5956955313682556,1.2422994256019593,0.8972216427326203,0.8253918468952179
2015-03-20,0.7496221542358399,0.5181180268526078,1.1278729081153869,1.4907876908779145,0.7039278447628021
2015-03-23,0.530058778822422,0.3369109988212585,1.0859938740730286,1.4256015181541444,0.5922184228897095
2015-03-24,0.4919926688075066,0.28542095720767974,1.1410439491271973,1.3761420160531999,0.45127636194229126
2015-03-25,0.6831654831767082,0.7622608572244645,1.1167190790176391,0.7610465943813324,0.22846139669418336
2015-03-26,0.7170130923390389,0.7380943804979324,1.2766006469726563,0.7568525284528732,0.7741038024425506
2015-03-27,0.8050760373473167,0.8168803095817566,1.2950916528701781,0.09465183764696121,1.1544351398944854
2015-03-30,1.0297955483198167,1.018906643986702,1.1814728736877442,0.6680640056729317,1.1718909859657287
2015-03-31,1.0721350371837617,1.2539837300777434,1.3134177684783936,0.7035218104720116,1.224533063173294
2015-04-01,0.5728513479232789,0.7418882787227631,1.3596839904785156,1.0197003200650214,1.584539395570755
2015-04-02,0.6069831311702728,0.8576355457305909,1.3010068893432618,1.0556002244353295,1.4669534504413604
2015-04-06,0.5769038498401642,0.8908086657524109,1.1839000940322877,1.423783791065216,1.0826896667480468
2015-04-07,0.37424794435501096,0.8032275557518005,1.22998046875,0.8561005830764771,1.075231772661209
2015-04-08,0.34928285181522367,0.6765116214752197,1.1808293104171752,0.8280706822872161,1.0686444878578185
2015-04-09,0.29067268073558805,0.7026007354259491,1.1795361042022705,0.5203501731157303,1.0834048867225647
2015-04-10,0.21844302415847777,0.6121080815792084,1.2504852294921875,1.022190436720848,0.6816457271575928
2015-04-13,0.16092953234910964,0.5292471289634705,1.298907995223999,0.6602526530623436,0.7754347383975982
2015-04-14,0.1394629403948784,0.4547149956226349,1.276388692855835,0.6637593671679497,0.846143615245819
2015-04-15,0.11921855211257934,0.3748617947101593,1.309138560295105,0.6675169512629509,0.9175882339477539
2015-04-16,0.10656337141990661,0.33917675614356996,1.3113634586334229,0.6681739196181298,0.6584979295730591
2015-04-17,0.6963645249605179,0.7092472612857819,1.198550009727478,0.13547665774822235,0.821760642528534
2015-04-20,0.7201772853732109,1.0624433517456056,1.2259884595870971,0.1333189159631729,0.7889584898948669
2015-04-21,0.7908098593354225,1.10912144780159,1.1886761665344239,0.1238173708319664,0.7623305439949035
2015-04-22,0.8755323439836502,1.176834100484848,1.170029640197754,0.6767489656805992,0.9802737236022949
2015-04-23,0.9381726652383804,1.2289526104927062,1.2060956478118896,0.7076815620064736,0.909516566991806
2015-04-24,0.3510021150112152,1.1179064393043519,1.3460140466690063,1.101499190926552,0.8427992641925812
2015-04-27,0.33577907681465147,0.7346091777086258,1.285374939441681,1.4813490822911262,0.859829169511795
2015-04-28,0.27441236674785613,0.6651481360197067,1.3487120032310487,1.557922077178955,1.0743237793445588
2015-04-29,0.192536598443985,0.5679464519023896,1.2612048149108888,1.0965936660766602,1.1095854818820954
2015-04-30,0.6968286037445068,1.0498701632022858,1.1101927638053894,1.4328779518604278,1.1188267111778258
2015-05-01,1.0659796208143235,1.1264772474765778,1.0501993775367737,1.0858240246772766,1.2666857242584229
2015-05-04,1.0930435538291932,1.1319053500890732,1.1304209232330322,0.8393131136894226,1.228090488910675
2015-05-05,1.465581437945366,1.5144796282052995,1.047700297832489,0.9111107051372528,1.0770925879478455
2015-05-06,1.5072537004947661,1.559151327610016,1.0465648412704467,0.9449983179569245,0.9886754155158997
2015-05-07,1.0752581775188446,1.121767520904541,1.051682960987091,0.6932938754558563,1.139599335193634
2015-05-08,0.8863085448741913,0.9212623596191406,1.0684711575508117,0.7563132762908935,1.0094988584518432
2015-05-11,0.9727942049503326,0.9895058333873749,1.1869715094566344,0.730868148803711,1.2288591265678406
2015-05-12,0.7015578806400299,0.6653263390064239,1.1501688480377197,0.6711232900619507,1.1438477039337158
2015-05-13,0.7537453532218933,0.6984011888504028,1.1847336053848267,0.8030233263969422,1.0199465155601501
2015-05-14,0.8705587148666382,0.8269673228263855,1.2865947484970093,0.6999518364667893,0.9708745360374451
2015-05-15,0.7190942525863647,0.6472200572490692,1.2636462450027466,0.615594083070755,0.9764597415924072
2015-05-18,0.5999784797430039,0.5588969439268112,1.251308512687683,0.5203308969736099,0.946529769897461
2015-05-19,0.4911678984761238,0.47769230604171753,1.292668604850769,0.9210563212633133,0.9241147100925445
2015-05-20,0.398400616645813,0.40378397405147554,1.3164181470870973,0.6895404130220413,0.9291207373142243
2015-05-21,0.14969906210899353,0.15293335020542145,1.2991899490356444,0.771580046415329,0.9376166641712189
2015-05-22,0.11214403063058853,0.14363569319248198,1.1759541988372804,0.8474156469106674,0.8785370290279388
2015-05-26,0.6732771202921868,0.6968478679656982,0.9855951428413391,1.2048367738723755,0.783565205335617
2015-05-27,0.7074967861175537,1.1140718191862107,1.1259334206581115,0.752773892879486,0.7951822757720948
2015-05-28,0.8128079012036323,1.156587117910385,1.011227262020111,0.8547325968742371,0.7160884976387024
2015-05-29,0.9251055732369423,1.238759660720825,0.9313902378082275,0.8829642534255981,0.6167015314102173
2015-06-01,0.9788350939750672,1.26573548913002,0.92089684009552,0.8956983923912049,0.9241933226585388
2015-06-02,0.4744453489780426,0.7349022626876831,0.9309283852577209,0.6323257803916931,1.0752080798149108
2015-06-03,0.4876078307628632,0.3374938428401947,1.0775489449501037,0.6863410353660584,1.3253261685371398
2015-06-04,0.3871437907218933,0.2919636979699135,1.3429042458534242,0.6390745162963867,1.5798123955726624
2015-06-05,0.27986388504505155,0.20593006461858748,1.563998031616211,0.578047102689743,1.7983473539352417
2015-06-08,0.2322389453649521,0.7200500831007958,1.831227684020996,0.5183202445507049,1.4435983419418335
2015-06-09,0.17127898931503296,0.7222448512911797,2.0571754455566404,0.4459536910057068,1.2963329076766967
2015-06-10,0.7554018676280976,0.9744605287909508,1.8861502408981323,0.3865468442440033,1.1504635095596314
2015-06-11,0.7485773220658303,1.0097442418336868,1.7876747846603394,0.31636935770511626,0.9671257853507995
2015-06-12,0.7414629086852074,1.057213121652603,1.711562943458557,0.2487713262438774,0.8164060473442077
2015-06-15,0.731924657523632,0.5534082651138306,1.5016990184783936,0.18854245394468308,0.9219398617744445
2015-06-16,0.727550221979618,0.5513857781887055,1.438360619544983,0.1501613214612007,0.9009651660919189
2015-06-17,0.08914502710103989,0.31810101866722107,1.4244617223739624,0.11562533676624298,0.8698803186416626
2015-06-18,0.7529528945684433,0.6659655094146728,1.4051066637039185,0.7597277104854584,0.8419602036476135
2015-06-19,0.7536270096898079,0.6252908885478974,1.3506472826004028,0.7570664539933205,0.9262942194938659
2015-06-22,0.7548595875501632,0.5857480153441429,1.4151811599731445,1.3428919449448586,1.2709791302680968
2015-06-23,0.7560612455010414,0.553063927590847,1.3267319202423096,1.3696684911847115,1.1655090153217316
2015-06-24,0.7589064583182334,0.5035442322492599,1.2601691961288453,1.380373877286911,1.1697899162769319
2015-06-25,0.09478759169578552,0.11430246382951736,1.1484410047531128,0.735359525680542,1.1816667139530181
2015-06-26,0.09494039416313171,0.10226904153823853,1.1422728776931763,0.7465111583471298,1.2472868740558625
2015-06-29,0.6570195063948632,0.6778175845742226,1.0674110174179077,0.16963374316692353,1.1066408932209015
2015-06-30,0.6949947237968445,0.7074222341179848,1.0802093982696532,0.1494555801153183,1.2187805414199828
2015-07-01,0.7104939639568328,0.7820957392454148,1.138548493385315,0.14779390692710875,1.3639428615570068
2015-07-02,0.7324063763022423,0.8557289585471153,1.2720641851425172,0.13202925622463227,1.2629123687744142
2015-07-06,0.7474819779396057,0.9217668235301971,1.1977352023124694,0.12505940049886705,1.1667617797851562
2015-07-07,0.19696528017520903,0.39316807985305785,1.3011077761650085,0.6507269844412804,0.9187832355499268
2015-07-08,0.6673276335000992,0.8667235553264618,1.3789271235466003,0.6785742715001106,0.8771729469299316
2015-07-09,0.6864597648382187,0.8269713342189788,1.305583393573761,0.7553284987807274,0.9355271339416504
2015-07-10,0.8740780681371689,0.9643954932689667,1.3274956345558167,0.8448879614472389,1.2257716417312623
2015-07-13,1.2356288522481917,1.2765052795410157,1.3677018642425538,0.9181777715682984,1.0976790904998779
2015-07-14,1.2663536667823792,1.2663536667823792,1.3386210203170776,0.45535297989845275,1.1464273095130921
2015-07-15,0.7924997687339783,0.7924997687339783,1.2518194437026977,0.4906645953655243,1.1895797967910766
2015-07-16,0.7863812476396561,1.1672617018222808,1.299883770942688,0.48183908462524416,0.9940808653831482
2015-07-17,0.6023249983787536,1.5603820145130158,1.2250441074371339,0.7668514728546143,0.8223787069320678
2015-07-20,0.22820384800434113,1.1875967711210251,1.2027769327163695,1.15979665517807,0.9255787611007691
2015-07-21,0.1872239515185356,1.149773655831814,1.255079698562622,1.1360254287719727,0.9072585344314575
2015-07-22,0.1532600000500679,1.6575296744704247,1.2692582845687865,1.2045763373374938,0.8771425962448121
2015-07-23,0.12312367260456085,1.2947933420538902,1.170406198501587,1.2612078487873077,0.9314006209373474
2015-07-24,0.6766069114208222,0.7712379619479179,1.0995973587036132,1.0105380237102508,0.7863022953271865
2015-07-27,0.707894018292427,0.852774740755558,1.0919443249702454,0.6675941050052643,0.6981076031923295
2015-07-28,0.9467919901013374,0.9208021938800812,1.0996133923530578,0.7386922955513,0.5774130374193192
2015-07-29,0.9797599300742149,0.4112911343574524,1.0925513625144958,0.7116056323051453,0.4483903497457504
2015-07-30,1.0254750728607178,0.39956640601158144,1.1996774077415466,0.6743169307708741,0.24203629195690154
2015-07-31,0.4863468110561371,0.35550619959831237,1.162074041366577,0.6268539071083069,0.22182850688695907
2015-08-03,0.4832563459873199,0.2979696989059448,1.1327176213264465,0.5642344415187835,0.750450287759304
2015-08-04,0.2786124885082245,0.2655740320682526,1.01598562002182,0.4919127583503723,0.7163120105862617
2015-08-05,0.2660342246294022,0.2632579326629639,1.047539269924164,0.3911419928073883,0.7085522547364235
2015-08-06,0.22770839631557466,0.7164797127246857,1.1325651049613952,0.2983629062771797,0.7041011765599251
2015-08-07,0.19151097387075425,0.7293991446495056,1.2497323036193848,0.21696993112564086,1.3198372632265092
2015-08-10,0.8008319362998009,0.9650628626346588,1.359136700630188,0.7872098863124848,1.2683709889650345
2015-08-11,0.7665852993726731,1.2633681774139405,1.4809084415435791,0.7447754859924316,1.6915646731853484
2015-08-12,0.7454076007008552,1.2767898380756377,1.423261046409607,1.3879070699214935,1.699302178621292
2015-08-13,0.7379182621836662,0.9144370019435882,1.3375737190246582,1.3880728766322137,1.706902027130127
2015-08-14,0.732441495358944,0.9934765040874481,1.33716139793396,1.387713623046875,1.0994231462478639
2015-08-17,0.09071241468191146,0.8598527133464813,1.3901210069656371,0.7521269425749779,0.5563551187515259
2015-08-18,0.08846263289451599,0.6480212509632111,1.2754826307296754,0.7501809686422348,0.1406712055206299
2015-08-19,0.0880916029214859,0.717293894290924,1.3000240087509156,0.7310581773519516,0.14150056838989258
2015-08-20,0.6713894903659821,0.9506031036376953,1.3481197118759156,1.377905187010765,0.674631941318512
2015-08-21,1.0910901710391046,1.2242512702941895,1.4685493230819702,1.3799771875143052,0.6708405911922455
2015-08-24,1.483251266181469,1.5070712327957154,1.5557310342788697,1.3862856864929198,0.6659000009298325
2015-08-25,1.8791698321700097,1.4645502686500549,1.6519501209259033,1.904911495745182,1.191255983710289
2015-08-26,2.064347171783447,1.5134867191314698,1.6102522611618042,1.6199127927422523,1.5225161761045456
2015-08-27,1.6794262647628784,1.3649429082870483,1.5218565225601197,1.0288924649357796,1.0372279435396194
2015-08-28,1.4024454832077027,1.1099047422409059,1.300534987449646,1.1443266108632089,1.170272895693779
2015-08-31,1.1849899411201477,0.9964432954788208,1.0465377211570739,1.2594433844089508,1.2978549301624298
2015-09-01,1.084910500049591,1.2610962867736817,1.016288959980011,0.833185464143753,0.8927185356616973
2015-09-02,1.2069689631462097,1.4028871536254883,1.0757049202919007,0.5746987402439118,0.6793695747852325
2015-09-03,1.1230520486831665,1.359075915813446,1.0745681405067444,0.5927139818668365,0.7472421884536743
2015-09-04,1.279429268836975,1.4970874428749084,1.2375506043434144,0.5492437005043029,0.7304880976676941
2015-09-08,1.4525567889213562,1.528103530406952,1.3466970443725585,0.49413110613822936,0.907560122013092
2015-09-09,1.429393756389618,1.4257311701774598,1.3840377807617188,0.7776234567165374,0.8205728173255921
2015-09-10,1.1903775334358215,1.4369476914405823,1.3713409423828125,0.7317041695117951,0.8365047335624695
2015-09-11,1.2620204210281372,1.4389063715934753,1.363338589668274,0.8011599063873291,0.8528082251548768
2015-09-14,1.1481268405914307,1.339574134349823,1.2966222047805787,0.8704192221164704,0.8605472087860108
2015-09-15,0.9627356886863708,1.1714864134788514,1.2517564058303834,0.9406590461730957,0.8674634456634521
2015-09-16,0.8474627137184143,1.0307777643203735,1.1677117586135863,0.7666804790496826,0.8744675934314727
2015-09-17,0.963248097896576,0.8979778528213501,1.1022375583648683,1.0930673718452453,0.9130208432674408
2015-09-18,1.0432724833488465,0.9928015828132629,1.0446200489997863,0.9682673275470733,1.0941343247890472
2015-09-21,0.9277894973754883,0.8843161880970001,1.0336469769477845,0.8400732845067977,1.253973239660263
2015-09-22,1.0258180022239685,0.976827722787857,1.0757434010505675,0.7106249272823334,1.3087145268917084
2015-09-23,0.9391352951526641,0.9548220217227936,1.1035844683647156,0.5126726746559143,1.4157151341438294
2015-09-24,0.9445590078830719,0.9758487522602082,1.1894313216209411,0.7813451170921326,1.3636946439743043
2015-09-25,0.8516127526760101,0.8972688019275665,1.2801565647125244,0.7617360562086105,1.1386644959449768
2015-09-28,1.0649164974689485,1.0891552567481995,1.2072943449020386,1.3008249580860138,1.1166650652885437
2015-09-29,0.8671368718147278,0.9002252876758575,1.225325632095337,1.335625782608986,0.7859543025493622
2015-09-30,0.9601198613643647,0.9788982927799225,1.2569202661514283,1.7538648813962936,0.6630595624446869
2015-10-01,0.9196749746799469,0.9143894016742706,1.261331820487976,1.1620625346899032,0.5695618569850922
2015-10-02,0.9220337569713593,0.903821986913681,1.3112565755844117,1.3455440700054169,0.49710477590560914
2015-10-05,0.8837041795253754,0.8778006732463837,1.435297679901123,0.9045885503292084,0.6918605208396912
2015-10-06,0.854062306880951,0.829536446928978,1.3298394083976746,0.9837463736534119,0.7004294276237488
2015-10-07,0.7516709625720978,0.7488156586885453,1.3241202235221863,0.6649093747138977,0.7697760939598084
2015-10-08,0.6262186139822006,0.6432024747133255,1.3309210181236266,0.6737557709217071,0.8537715911865235
2015-10-09,0.46802893579006194,0.48443876802921293,1.325521171092987,0.7949741184711456,0.9362135827541351
2015-10-12,0.23576460480690004,0.2533609986305237,1.3208233714103699,0.6927287817001343,0.568954199552536
2015-10-13,0.21305308043956755,0.24450659155845642,1.3121070623397828,0.5935175627470016,0.605437958240509
2015-10-14,0.1568142965435982,0.1670776054263115,1.2061957836151123,0.9452934712171555,0.5614405393600463
2015-10-15,0.6650295421481133,0.6650295421481133,1.1564660549163819,0.8920459687709809,0.4863023102283478
2015-10-16,0.6545032128691674,0.6545032128691674,1.170898938179016,0.5900918170809746,0.4254822969436646
2015-10-19,0.6461863934993743,0.6461863934993743,1.0672913908958435,0.5843263611197471,0.36947138905525206
2015-10-20,0.6411901026964187,0.6411901026964187,1.0631480455398559,0.5663913667201996,0.2861384153366089
2015-10-21,0.6408462941646575,0.6408462941646575,1.0745591402053833,0.11510957181453704,0.22736946642398834
2015-10-22,0.6937689244747162,0.6937689244747162,1.0902501821517945,0.11564702987670898,0.18319319784641266
2015-10-23,1.2955932855606078,1.2955932855606078,0.8993231296539307,0.11355888694524766,0.13598236292600632
2015-10-26,1.29927249699831,1.29927249699831,0.8811269879341126,0.11061177104711532,0.09521600157022476
2015-10-27,1.309592093527317,1.309592093527317,0.9440629720687866,0.10830658525228501,0.08923781812191009
2015-10-28,1.8359229505062102,1.3193694680929184,1.0626309871673585,0.1043869525194168,0.08633302599191665
2015-10-29,1.2594070851802825,0.744557335972786,1.1213096857070923,0.10289031863212586,0.6874213650822639
2015-10-30,0.66233129799366,0.14496327340602874,1.2157692193984986,0.10206955969333649,0.7114882826805115
2015-11-02,1.2181598097085953,0.7264195412397385,1.3731240510940552,0.10029292851686478,0.782675763964653
2015-11-03,1.207954604923725,0.7142769396305084,1.518912672996521,0.6645037919282913,0.8112238571047783
2015-11-04,0.6879395171999931,0.7073818072676659,1.450886082649231,0.697556258738041,0.8262629002332688
2015-11-05,0.690709425508976,0.7045173972845078,1.4818236589431764,0.7119133755564689,0.23589294850826265
2015-11-06,0.690989826619625,0.7028864651918412,1.5067135572433472,1.1831902608275413,0.7315897673368454
2015-11-09,0.1409737452864647,0.6337731152772903,1.515606451034546,1.2252991855144502,0.7002992302179336
2015-11-10,0.14827020168304444,0.6812977015972137,1.4201455116271973,0.7687056243419648,0.7832068622112274
2015-11-11,0.1508689284324646,0.6964491561055184,1.517744207382202,0.840475606918335,0.878364235162735
2015-11-12,0.6364185601472855,0.7119304865598679,1.3553997993469238,0.9362662196159363,0.9568790972232819
2015-11-13,0.9605734318494796,1.1821717470884323,1.3801392555236816,0.5706145286560058,0.5200656592845917
2015-11-16,1.2983938306570053,1.0384962528944015,1.3123886108398437,0.6228577494621277,0.551023542881012
2015-11-17,1.349072167277336,1.0363835245370865,1.3435669898986817,0.8882112383842469,0.49871360659599306
2015-11-18,1.5457150220870972,1.2566131770610809,1.2706459999084472,0.8269179582595825,0.42478556036949155
2015-11-19,1.0765755981206895,1.2503273487091064,1.2326539516448975,0.9086263656616211,0.3555132120847702
2015-11-20,0.7834844499826431,0.8101917803287506,1.2305248498916626,0.8814210295677185,0.28863195776939393
2015-11-23,0.481986066699028,0.4797717213630676,1.1351953744888306,0.8752092599868775,0.2263712167739868
2015-11-24,0.45195946395397185,0.4619505316019058,0.9898815989494324,0.5885204315185547,0.17274771630764008
2015-11-25,0.2702283918857574,0.23743235766887666,1.000938880443573,0.6176616430282593,0.14226192235946655
2015-11-27,0.25636111497879027,0.23342490196228027,1.016380202770233,0.8108294248580933,0.12115750163793564
2015-11-30,0.22288698852062225,0.20301758348941804,0.926575767993927,0.7709651231765747,0.10366509407758713
2015-12-01,0.1779623880982399,0.16079695671796798,1.0575437188148498,0.8207186460494995,0.7646153196692467
2015-12-02,0.721954096853733,0.12974245846271515,1.2121915817260742,1.0431798458099366,0.7623537823557853
2015-12-03,1.0860884472727776,0.6950088232755661,1.1584449529647827,1.3222958087921142,1.344100071489811
2015-12-04,1.4352479830384255,1.1111936748027802,1.3109708070755004,1.1762489318847655,1.3734571874141692
2015-12-07,1.584105084836483,1.18345488011837,1.4800184488296508,1.3264543533325195,1.441498550772667
2015-12-08,1.7239208936691284,1.2767645135521888,1.4375347375869751,1.2420457363128663,0.7939073234796524
2015-12-09,1.2879090785980225,1.6986716985702515,1.415701961517334,1.0853347539901734,0.8048206627368927
2015-12-10,1.0363800525665283,1.1571159839630127,1.46802818775177,0.8823850989341736,0.22780777812004088
2015-12-11,0.9679983854293823,1.043398380279541,1.4866217851638794,0.7904074549674988,0.7832809686660767
2015-12-14,0.8555517017841339,1.01020188331604,1.4504019975662232,0.8971630454063415,1.1871926963329316
2015-12-15,0.9100328981876373,1.0513242483139038,1.4281504154205322,0.8963426232337952,1.2073331356048584
2015-12-16,1.0693669855594634,0.8160415172576905,1.3666053295135498,0.9229136347770691,1.2843396544456482
2015-12-17,1.28121879696846,1.0363361120224,1.4343066692352295,1.037234616279602,1.519849681854248
2015-12-18,1.3312905371189117,1.0866499662399292,1.2682785868644715,1.259632420539856,0.9943499863147736
2015-12-21,1.3462907314300536,1.307965886592865,1.2387255549430847,1.1491836547851562,0.5691088795661926
2015-12-22,1.3191705584526061,1.3366457581520081,1.2204816937446594,1.2322471022605896,0.5805893301963806
2015-12-23,1.1859752058982849,1.3217707991600036,1.1930927872657775,1.2055420398712158,0.52355455160141
2015-12-24,1.0191729664802551,1.2245674133300781,1.1200700640678405,1.0837461709976197,0.3161868631839752
2015-12-28,0.8354536056518554,1.022451388835907,1.1148275136947632,0.8531992554664611,0.2912036716938019
2015-12-29,0.9580742359161377,0.9336727023124695,1.0686707019805908,0.7546903848648071,0.6895842552185059
2015-12-30,0.8512703835964203,0.8576998949050904,1.1177109718322753,0.7092240691184998,0.6751450717449188
2015-12-31,0.9944516122341156,0.9972672700881958,1.0816401720046998,0.6328462064266205,0.7564496338367462
2016-01-04,1.1132990300655365,1.1514169335365296,1.0185085892677308,0.84406618475914,0.8269524335861206
2016-01-05,1.0172228395938874,1.0506305813789367,1.0999463677406311,0.706669656932354,0.8637875199317933
2016-01-06,1.11537247300148,1.04822918176651,1.1846415877342225,1.1943339869379996,0.720123827457428
2016-01-07,1.3754276275634765,1.237181508541107,1.138409674167633,1.7391085669398307,0.7221905529499054
2016-01-08,1.3970731735229491,0.9941154479980469,1.2554103016853333,1.667975451052189,0.6583429932594299
2016-01-11,1.2020809650421143,0.8599043846130371,1.3839004755020141,1.3239065185189247,0.9600919723510742
2016-01-12,1.3490612268447877,0.9636836409568786,1.345856237411499,1.332395824790001,1.321921592950821
2016-01-13,1.3338712453842163,1.044830334186554,1.3799358367919923,0.7708712190389633,1.1397047936916351
2016-01-14,1.2040167331695557,1.1166669487953187,1.4255172491073609,0.6141531080007553,1.156111830472946
2016-01-15,1.1060827016830443,1.3190908908843995,1.4458582162857057,1.0234311282634736,1.4455167174339294
2016-01-19,1.1198968052864076,1.2022056996822357,1.356135320663452,1.0341110706329346,1.058577623963356
2016-01-20,1.1861246228218079,1.2169488489627838,1.4439417362213134,1.4658426582813262,1.1226223856210709
2016-01-21,1.0559575319290162,1.1282319724559784,1.3413500308990478,1.462861004471779,1.0161383122205734
2016-01-22,1.0199193120002747,0.9457036435604096,1.2661805510520936,0.9986197590827942,0.965437313914299
2016-01-25,1.032884657382965,0.9419568479061127,1.2110016226768494,1.063401186466217,0.6351063877344132
2016-01-26,1.1308752775192261,0.9398356974124908,1.1921752572059632,1.5734906256198884,0.6209595203399658
2016-01-27,1.1035285234451293,1.036510819196701,1.144447934627533,1.1449442833662034,0.13297809064388275
2016-01-28,1.0544253230094909,1.1986291706562042,1.120203673839569,1.5768750786781311,0.1303221046924591
2016-01-29,1.042195188999176,1.223121577501297,1.1264043211936952,1.634774985909462,0.13204835951328278
2016-02-01,0.984930694103241,1.1317082941532135,1.0860650181770324,1.4907008796930312,0.13161010444164276
2016-02-02,1.0451414465904236,1.3374793529510498,1.096075165271759,0.9966916292905807,0.693608483672142
2016-02-03,0.8673793911933899,1.12927348613739,1.068580448627472,1.3548892319202424,0.688518051803112
2016-02-04,0.9854552388191223,0.9831846237182618,1.0584598660469056,1.370437318086624,0.6871670007705688
2016-02-05,1.1067545890808106,1.0557708978652953,1.021819829940796,1.791128784418106,0.6835675299167633
2016-02-08,1.2426663875579833,1.1736071348190307,0.9802854537963868,1.9557354032993317,1.2742354214191436
2016-02-09,1.044206142425537,0.9819677531719208,0.9457976937294006,1.945313286781311,0.7094829604029655
2016-02-10,1.1782114505767822,1.1207447469234466,0.9005112767219543,1.6048230171203612,0.7145410031080246
2016-02-11,1.2362804412841797,1.1342597663402558,0.8763718128204345,1.5447105884552002,0.7140788257122039
2016-02-12,1.201792573928833,1.027263742685318,1.1088080883026123,1.1112079203128815,1.233539178967476
2016-02-16,1.0490005493164063,0.9217069923877717,1.1835565328598023,0.9669233143329621,0.9933847218751908
2016-02-17,1.15817289352417,1.059857475757599,1.2667115569114684,1.028717440366745,1.0371417328715324
2016-02-18,1.0714485883712768,1.2989032864570618,1.3544156670570373,1.310414093732834,1.2444147661328315
2016-02-19,0.9822731018066406,1.1757020235061646,1.4632269620895386,0.9672502100467681,1.3207459688186645
2016-02-22,0.926775312423706,1.188391101360321,1.3554643154144288,1.2668386459350587,0.9025338172912598
2016-02-23,1.2593748807907104,1.4285832285881042,1.3202929258346559,1.2410389184951782,0.6289732456207275
2016-02-24,1.1373274087905885,1.282754510641098,1.2866291522979736,1.23297376036644,0.6617189526557923
2016-02-25,1.2079650640487671,1.009950715303421,1.2960041522979737,1.0418444931507111,0.5229442596435547
2016-02-26,1.048610132932663,1.1020613372325898,1.1947020053863526,1.106701785326004,0.5018220245838165
2016-02-29,0.9745048224925995,1.088764053583145,1.072639560699463,1.0062401115894317,0.4351655900478363
2016-03-01,0.6937022387981415,0.8465058863162994,1.0902517318725586,0.7618100106716156,0.8006195962429047
2016-03-02,0.6407757192850113,0.8298868775367737,1.1123658180236817,0.7538657009601593,0.7615771651268005
2016-03-03,0.47895691096782683,0.7611211895942688,1.1089981555938722,0.9482675015926361,0.8028943181037903
2016-03-04,0.503915348649025,0.7110162973403931,1.1239083528518676,0.8653942942619324,0.8553224623203277
2016-03-07,0.4526819556951523,0.655864131450653,1.1200408577919005,0.6328859865665436,0.9283699572086335
2016-03-08,0.6465837329626083,0.5221182107925415,1.0571229577064514,0.5657980531454087,0.7042169153690339
2016-03-09,0.7037603497505188,0.4991660535335541,1.060799777507782,0.5053053319454193,0.7358074069023133
2016-03-10,0.7957880079746247,0.42810279726982114,1.124845063686371,0.6663422763347626,0.7061388373374939
2016-03-11,0.9824554145336151,0.7132089674472809,1.2475557446479797,1.144033181667328,0.9367232203483582
2016-03-14,0.9625357151031494,0.6168030217289925,1.2800971031188966,1.4388034284114837,0.8631291270256043
2016-03-15,0.5806306779384613,0.5738927021622657,1.3770227909088135,1.4743477374315261,0.7432758808135986
2016-03-16,0.5322425276041031,0.5460073441267014,1.388071393966675,1.66136953830719,0.7504137039184571
2016-03-17,0.4416730672121048,0.5134184256196022,1.3666803359985351,1.2179031491279602,0.7290378212928772
2016-03-18,0.23784391582012177,0.11222780495882034,1.3489737510681152,0.7949031352996826,0.4496577978134155
2016-03-21,0.2287517786026001,0.10658134967088699,1.4530534982681274,0.554383373260498,0.47565809488296507
2016-03-22,0.20631435811519622,0.09770872294902802,1.3772000670433044,0.5394506573677063,0.4328401982784271
2016-03-23,0.18477659821510314,0.09453425854444504,1.2697388291358949,0.7696630835533143,0.6853915512561798
2016-03-24,0.15862331241369249,0.09424871057271958,1.1946853756904603,0.7894045948982239,0.6434728085994721
2016-03-28,0.1368131622672081,0.09397619515657425,1.1310953497886658,0.8234532594680786,0.6048483848571777
2016-03-29,0.11273615956306457,0.7390487015247345,1.086955487728119,0.9474520683288574,1.0471065282821654
2016-03-30,0.09807152450084686,0.7397366628050804,1.2244599103927611,1.1973437428474427,1.4714634239673614
2016-03-31,0.09186886698007583,0.739476366341114,1.2917915821075439,0.8228943467140197,1.1772716164588928
2016-04-01,0.08643312156200408,1.3765628188848495,1.2949450969696046,0.9157235264778137,1.199627262353897
2016-04-04,0.08401625901460648,1.3770079165697098,1.305704617500305,0.9450858235359192,1.2278663754463195
2016-04-05,0.6828388899564743,0.7342285498976707,1.2288556337356566,0.9257299542427063,1.0440826058387755
2016-04-06,1.1242535620927812,1.3414933905005455,1.1600470066070556,0.7437979459762574,0.5764025866985321
2016-04-07,1.6178066655993462,1.8938996240496635,1.2361776113510132,0.8921652793884277,1.0020772814750671
2016-04-08,1.6614691719412804,1.2971959099173547,1.2457446813583375,0.765742439031601,0.9667027235031128
2016-04-11,1.7669917047023773,1.3073627963662147,1.325012445449829,0.8871944367885589,0.9202980607748031
2016-04-12,1.297988086938858,1.3132936209440231,1.4199945688247682,0.7127976357936859,0.6052579313516617
2016-04-13,1.0603299677371978,1.2513531416654586,1.434426474571228,1.129157954454422,0.5930117905139923
2016-04-14,0.6270824372768402,0.7070643573999404,1.2688347935676574,1.25551877617836,0.13576640486717223
2016-04-15,0.652070415019989,0.6743506848812103,1.27351256608963,1.2880553007125854,0.13218676745891572
2016-04-18,0.6050851523876191,0.6725279808044433,1.196395170688629,1.1659584760665893,0.13333660662174224
2016-04-19,0.5160474658012391,0.6717585027217865,1.077829396724701,1.338715410232544,0.13310493528842926
2016-04-20,0.34492470026016236,0.1364178866147995,1.0635037779808045,0.9080337405204773,0.6552291810512543
2016-04-21,0.3002690374851227,0.13841711580753327,1.0858280301094054,0.7009117245674134,0.6910541594028473
2016-04-22,0.2445827305316925,0.6572357952594757,1.0748971104621887,1.0162007689476014,0.7429226487874985
2016-04-25,0.19072312414646148,0.699771398305893,1.1365549206733703,0.9210207223892212,0.8024533867835999
2016-04-26,0.15270094871520995,0.7569152146577836,1.2067739844322205,0.8992525339126587,0.8622180044651031
2016-04-27,0.12131785154342652,0.8225399851799011,1.2116357684135437,0.9639276504516602,0.38083610534667967
2016-04-28,0.10786316692829132,1.1983180046081543,1.378511619567871,1.0336605787277222,0.3518900215625763
2016-04-29,0.09627288728952407,0.7131989002227783,1.34586443901062,1.046963381767273,0.30197417438030244
2016-05-02,0.09340453445911408,0.7904819548130035,1.4240455865859984,1.000348660349846,0.7484548479318619
2016-05-03,0.09053385704755783,0.8523140907287597,1.5711315155029297,0.8885537773370743,1.0920785814523697
2016-05-04,0.08896180242300034,0.9038128137588501,1.526046061515808,0.7701577454805374,1.1040550082921983
2016-05-05,0.08701045662164689,0.6378870368003845,1.257934045791626,0.6226491361856461,1.1598854690790177
2016-05-06,0.08672499805688857,0.6847671151161194,1.3298213481903076,0.27900553643703463,1.200481539964676
2016-05-09,0.08582327514886856,0.6344608128070831,1.2074599742889405,0.7427443504333496,0.7351114451885223
2016-05-10,0.7509350389242172,0.8126699507236481,1.1271457910537719,0.7371613025665283,0.36229615807533266
2016-05-11,0.7513136491179466,0.7015900075435638,1.2565621376037597,0.8286673426628113,0.32934842109680174
2016-05-12,0.7529925048351288,0.584640383720398,1.5103829145431518,0.8806906342506409,0.275636750459671
2016-05-13,0.7538720443844795,0.4967865526676178,1.5506995439529419,0.8950804471969604,0.23317443430423737
2016-05-16,0.7549495756626129,1.0650865077972411,1.5542890071868896,0.4691606342792511,0.18794020265340805
2016-05-17,0.0900642678141594,1.2709578037261964,1.5806815385818482,0.4854772388935089,0.15107945948839188
2016-05-18,0.09050889164209366,1.2925596237182617,1.4171986699104309,0.7270326793193818,0.6884012833237648
2016-05-19,0.09036274701356888,1.3933004200458527,1.3047810435295104,0.6686500489711762,0.704371477663517
2016-05-20,0.09026930183172226,1.6325318098068238,1.254043209552765,0.7383474826812744,0.7658759042620659
2016-05-23,0.08978172391653061,1.0203772723674773,1.299046266078949,0.7913312971591949,0.8359774976968766
2016-05-24,0.7505855441093445,0.9572431743144989,1.2777889132499696,1.0798993706703186,0.9067753672599792
2016-05-25,0.7510688975453377,0.9350802361965179,1.308311653137207,0.7516188561916352,0.4131609439849854
2016-05-26,0.7522565677762032,0.8393626630306243,1.3170074701309205,0.8487721502780914,0.44346691370010377
2016-05-27,0.7534536361694336,0.6070240318775177,1.280578899383545,0.8453711092472076,0.4358091175556183
2016-05-31,0.7551392391324043,0.5806706964969635,1.2118330478668213,0.8561353147029876,0.4129975259304047
2016-06-01,0.09533892571926117,0.14099384248256683,1.191616678237915,0.6206309378147126,0.3481476277112961
2016-06-02,0.09605640321969985,0.13442795276641845,1.2393438577651978,0.6865718722343445,0.27681872695684434
2016-06-03,0.09608371406793595,0.13489617109298707,1.3184858560562134,0.7970476746559143,0.8755763813853263
2016-06-06,0.09578761607408523,0.1354184627532959,1.2960460186004639,0.7054009765386582,0.8152598530054093
2016-06-07,0.09476117789745331,0.13410561084747313,1.2077632546424866,0.6212711602449417,0.7621396705508232
2016-06-08,0.09373448640108109,0.13153189569711685,1.2001392006874085,1.125225129723549,0.7537222877144814
2016-06-09,0.09222612529993057,0.12433256357908248,1.1023669719696045,1.0186896696686745,0.7522847712039947
2016-06-10,0.09043598026037217,0.6880719229578972,1.0140076875686646,0.7732430279254914,0.08887867033481597
2016-06-13,0.08886417001485825,0.7154679283499717,1.0671396255493164,0.7446012109518051,0.0848099261522293
2016-06-14,0.08799115121364594,0.7681412324309349,1.2341468930244446,0.7135845974087716,0.08425168544054032
2016-06-15,0.08729634433984756,0.8283910810947418,1.1875275492668151,0.09568039327859879,0.08394350707530976
2016-06-16,0.0869567111134529,0.8438476204872132,1.2687236547470093,0.6730342656373978,0.08355845510959625
2016-06-17,0.0868008092045784,0.7645795941352844,1.1839001297950744,1.0973792895674706,0.0844811037182808
2016-06-20,0.08650195449590684,0.7647610425949096,1.1758824229240417,1.1286742880940437,0.662790235877037
2016-06-21,0.08594397008419037,0.8095037281513214,0.9643451809883118,1.515550711750984,0.6965576320886612
2016-06-22,0.08535544574260712,0.8420304358005524,0.9100157022476196,1.560631886124611,0.7161487624049186
2016-06-23,0.7523487612605095,1.0512304604053497,0.9146997690200805,1.0763630777597428,1.186220233142376
2016-06-24,1.316502171754837,0.8509749472141266,1.1248950123786927,0.8545128732919693,1.5261974722146987
2016-06-27,1.7457286611199379,1.2175448894500733,1.1397411227226257,0.863458126783371,1.306147351861
2016-06-28,2.0957086011767387,1.3973207592964172,1.2736955761909485,0.9221300303936004,1.327297827601433
2016-06-29,2.4534018993377686,1.537369179725647,1.3817631006240845,0.9331556260585785,1.3705976366996766
2016-06-30,2.172049140930176,1.5727273941040039,1.3945194244384767,0.9661141216754914,0.9461089730262756
2016-07-01,1.6480240881443025,1.4277358412742616,1.329705286026001,0.9661332666873932,0.9794227480888367
2016-07-05,1.2459074229001998,1.1272756218910218,1.2379895091056823,1.0180518090724946,1.2428585171699524
2016-07-06,0.921652901172638,0.9378345370292663,1.2220938801765442,0.6574359595775604,1.1945485487580298
2016-07-07,0.589716300368309,0.780655175447464,1.2409241318702697,0.678853052854538,1.1381405591964722
2016-07-08,0.6486698716878891,0.8188175976276397,1.266370952129364,0.6316476881504058,1.0993839278817177
2016-07-11,0.623949658870697,0.6816643685102463,1.1806726217269898,0.5095878183841706,0.731490994989872
2016-07-12,0.6120426505804062,0.590872609615326,1.2483186841011047,0.7822504937648773,0.6584625735878944
2016-07-13,0.6016202658414841,0.5103683203458786,1.2995638251304626,0.7430305242538452,1.0652135848999023
2016-07-14,0.5910340368747711,0.442513769865036,1.3393789172172545,0.8050102651119232,1.4715193763375283
2016-07-15,0.16120775043964386,0.16254773139953613,1.3744762778282165,0.8622945249080658,1.5248210966587066
2016-07-18,0.16365135610103607,0.17453353106975555,1.5124688386917113,0.8936537325382232,1.6798010647296906
2016-07-19,0.16830800771713256,0.18181430995464326,1.5663487911224365,0.6277469575405121,1.2872648537158966
2016-07-20,0.17005432844161988,0.6501958727836609,1.5824764728546143,0.9086503148078918,0.9952499449253083
2016-07-21,0.16897633969783782,0.6441185146570205,1.4285571575164795,1.1724483489990234,0.6994895040988922
2016-07-22,0.16561611592769623,0.6347144186496735,1.3694276571273805,1.168814492225647,0.7370512962341309
2016-07-25,0.15484848916530608,0.6194290369749069,1.2309477090835572,1.1739303112030028,0.6360665559768677
2016-07-26,0.14272550940513612,0.6101667225360871,1.0775112986564637,1.1865798115730286,0.528079217672348
2016-07-27,0.13329665660858153,0.13722770810127258,1.0320061564445495,1.108387839794159,0.7208058059215545
2016-07-28,0.12297779768705368,0.13468727171421052,1.0113279461860656,0.7333597660064697,0.6195760160684586
2016-07-29,0.11205507814884186,0.1257933646440506,1.0319565176963805,1.0045208930969238,0.5474978804588317
2016-08-01,0.10504533499479293,0.11877146661281586,1.070347511768341,0.8912064552307128,0.9781194567680359
2016-08-02,0.09749244749546052,0.11004764586687088,1.0893561959266662,0.7809734091162681,1.3007502257823944
2016-08-03,0.09005383104085922,0.10057774633169174,1.0853447556495666,0.534977599978447,1.0344560384750365
2016-08-04,0.08650331497192383,0.09556842297315597,1.2654258608818054,0.5084111869335175,1.1686222344636916
2016-08-05,0.08535544574260712,0.09325642436742783,1.3093810439109803,0.6671014964580536,1.44520805478096
2016-08-08,0.08488240838050842,0.09125347435474396,1.23542160987854,0.7068038046360016,1.0124655067920685
2016-08-09,0.08448375165462493,0.08975624144077302,1.222606647014618,0.7971734002232551,0.8083144962787628
2016-08-10,0.0842686951160431,0.08845053166151047,1.1357711672782898,0.8551998525857926,0.9164481997489929
2016-08-11,0.08423552364110946,0.08733673095703125,1.0467586398124695,0.9140893816947937,0.9231078267097473
2016-08-12,0.08442545682191849,0.0868008092045784,1.0047097086906434,0.4056522727012634,0.7846278667449951
2016-08-15,0.08442545682191849,0.08650195449590684,1.15360426902771,0.4085914671421051,0.8823663592338562
2016-08-16,0.08442545682191849,0.08594397008419037,1.17079998254776,0.3669446766376495,0.8614885807037354
2016-08-17,0.08442545682191849,0.08535544574260712,1.2732202649116515,0.3460777223110199,0.8408140659332275
2016-08-18,0.08442545682191849,0.08488240838050842,1.2623139500617981,0.2947496920824051,0.8021269798278808
2016-08-19,0.08442545682191849,0.08448375165462493,1.1162072896957398,0.2435591220855713,0.7377389192581176
2016-08-22,0.08442545682191849,0.0842686951160431,0.984338390827179,0.2017202615737915,0.6630171179771424
2016-08-23,0.08442545682191849,0.08423552364110946,1.0241390705108642,0.1560751423239708,0.5900562763214111
2016-08-24,0.08442545682191849,0.08442545682191849,0.9244293689727783,0.6578014299273491,0.518425053358078
2016-08-25,0.08442545682191849,0.08442545682191849,0.9276142358779907,0.6756702914834023,0.41297893822193144
2016-08-26,0.08442545682191849,0.08442545682191849,0.8687488615512848,0.7392261371016502,0.3231740206480026
2016-08-29,0.08442545682191849,0.08442545682191849,0.9824676930904388,0.816642801463604,0.8027740687131881
2016-08-30,0.08442545682191849,0.08442545682191849,1.1357177436351775,1.1972902834415435,0.7347989529371262
2016-08-31,0.08442545682191849,0.08442545682191849,1.276240462064743,0.6954396069049835,0.6714795663952827
2016-09-01,0.08442545682191849,0.08442545682191849,1.1202815175056458,0.7976404845714569,0.6592405632138252
2016-09-02,0.08442545682191849,0.08442545682191849,1.3643830001354218,0.9297087550163269,0.6500593140721321
2016-09-06,0.08442545682191849,0.08442545682191849,1.2337660014629364,1.3295154452323914,0.09052554965019226
2016-09-07,0.08442545682191849,0.08442545682191849,1.0853771150112153,0.98170765042305,0.08705185502767562
2016-09-08,0.08442545682191849,0.08442545682191849,0.951804918050766,0.9748996078968049,0.6611904561519623
2016-09-09,0.6735852777957916,0.6735852777957916,1.2353624820709228,0.8603092759847641,1.091366896033287
2016-09-12,1.1041930243372917,1.1041930243372917,1.198755955696106,0.6638063803315163,1.1429339200258255
2016-09-13,1.5856961756944656,1.1136591523885726,1.4099164247512816,0.18491275757551193,1.4658359572291375
2016-09-14,1.6328632250428199,1.1239657714962958,1.5531445264816284,0.147583070397377,1.54338441491127
2016-09-15,1.7615817666053772,1.7249948799610137,1.6896455764770508,0.11489063948392868,1.1415100991725922
2016-09-16,1.3032426118850708,1.1430877670645714,1.5677529573440552,0.09965213686227799,0.8825298488140106
2016-09-19,0.9958511829376221,0.7151033326983451,1.6107242584228516,0.09345452785491944,0.9967116057872772
2016-09-20,0.6232593417167663,0.7078401401638985,1.5232524394989013,0.08952997028827667,0.8375944197177887
2016-09-21,0.8225266933441162,0.6997474208474159,1.453992986679077,0.7394021973013878,0.9135813474655151
2016-09-22,0.7372044324874878,0.10070949047803879,1.3667724132537842,0.7415444314479828,0.8828774333000183
2016-09-23,0.6544601798057557,0.09529393464326859,1.4551984548568726,0.7426304519176483,0.8363241791725159
2016-09-26,0.5639963477849961,0.09401297122240067,1.3379217386245728,0.7437721639871597,0.7799105644226074
2016-09-27,0.46961148977279665,0.09323914349079132,1.3570844888687135,0.7456773310899735,0.7062112331390381
2016-09-28,0.23796209394931794,0.09167236387729645,1.2870765924453735,0.09758646041154861,0.6039613962173462
2016-09-29,0.1993875101208687,0.09019496589899063,1.3643493413925172,0.09911145865917206,0.497667121887207
2016-09-30,0.1545756310224533,0.08897190690040588,1.3067214250564576,0.10128101408481598,0.39850811958312987
2016-10-03,0.12334190905094147,0.08765909224748611,1.3879494667053223,0.10261142253875732,0.3071133315563202
2016-10-04,0.11049294620752334,0.08639401346445083,1.3351358890533447,0.6798456370830536,0.7457272827625274
2016-10-05,0.09648401141166688,0.08615388125181198,1.3558630704879762,0.7092636927962304,0.7284085512161255
2016-10-06,0.09265962988138199,0.0857468694448471,1.2617580890655518,0.7197554290294648,0.821839702129364
2016-10-07,0.09028585404157638,0.08607653677463531,1.2625742435455323,0.7456077039241791,0.8997217059135437
2016-10-10,0.08908523470163346,0.0875606119632721,1.229846143722534,0.7623069435358047,0.9533872663974762
2016-10-11,0.6841636776924134,0.6741358831524848,1.1584742426872254,0.19571592211723327,0.4892056524753571
2016-10-12,0.7157334014773369,0.7010481163859368,1.1125564694404602,0.17604545950889589,0.4647123456001282
2016-10-13,0.7320497944951058,0.7224522426724433,1.1481774687767028,0.17158880233764648,0.34307909607887266
2016-10-14,0.7579322099685669,0.7492518529295922,1.1980506300926208,0.14936777502298354,0.7977557718753815
2016-10-17,0.7729145079851151,0.7619429945945739,1.0814358115196228,0.13540691882371902,0.7629794120788574
2016-10-18,0.1918092966079712,0.18800609111785888,1.1840599536895753,0.12686472982168198,0.7928319573402405
2016-10-19,0.1763169765472412,0.17128058075904845,1.2403977870941163,0.11653071343898773,0.8776457071304321
2016-10-20,0.1662074953317642,0.1569739133119583,1.2442790985107421,0.1059039905667305,0.9451401770114899
2016-10-21,0.14328269064426422,0.13307891190052032,1.1714854001998902,0.09789843112230301,0.4606092989444733
2016-10-24,0.13066015839576722,0.7489543825387954,1.3107121944427491,0.09094885438680649,0.4839319884777069
2016-10-25,0.11660621017217636,0.7415159672498703,1.2569569587707519,0.0858600452542305,0.43860045075416565
2016-10-26,0.09998512715101242,0.7315623864531517,1.1649329304695129,0.08213983923196792,0.3838486671447754
2016-10-27,0.0928480476140976,0.7249433502554894,1.0856714606285096,0.08123839944601059,0.7510579466819763
2016-10-28,0.08875032216310501,0.7214525431394577,1.0139154553413392,0.08071180731058121,0.7089624732732773
2016-10-31,0.08539727181196213,0.0913745790719986,0.9424981951713562,0.08063741624355317,0.7567429453134537
2016-11-01,0.08317695260047912,0.08600327968597413,1.004992139339447,0.08045923262834549,0.809341111779213
2016-11-02,0.08213983923196792,0.08515220433473587,1.1665627241134644,0.08126395493745804,0.8392102032899856
2016-11-03,0.08123839944601059,0.0842796117067337,1.33307044506073,0.08209824711084365,0.4632304459810257
2016-11-04,0.08071180731058121,0.08353377133607864,1.492942500114441,0.08287419527769088,0.4909746050834656
2016-11-07,0.7505249485373497,0.751961125433445,1.521423864364624,0.6727835476398468,0.43735560178756716
2016-11-08,0.7527689814567566,0.7536674425005913,1.4085418939590455,0.6998226508498192,0.38150541186332704
2016-11-09,1.4103937610983848,0.75619578063488,1.4212096214294434,0.7159110635519028,0.7632718443870544
2016-11-10,1.4130958378314973,1.3215643003582955,1.4362953901290894,1.1958124712109566,1.1646515727043152
2016-11-11,1.4170641347765922,1.3595968320965768,1.383370542526245,1.6465310633182526,1.151106595993042
2016-11-14,0.7510827258229256,1.195387990772724,1.4787577152252198,1.1410793483257293,1.2343085169792176
2016-11-15,0.7526116266846656,1.5599133983254432,1.5565694570541382,1.2724116325378418,1.3182866990566253
2016-11-16,0.09883882254362106,1.6310863435268401,1.523061990737915,1.4092733025550843,0.9942479312419892
2016-11-17,0.10013129711151122,1.1573682487010957,1.3752780914306642,1.0812361240386963,0.8631688058376312
2016-11-18,0.09969162940979004,1.2048544108867645,1.2651359796524049,0.777925181388855,0.8804841101169586
2016-11-21,0.0993507295846939,0.9805599391460419,1.1090520977973939,0.833868944644928,0.8895479738712311
2016-11-22,0.09866639673709869,0.6640851318836212,1.1093638300895692,0.8046065330505371,0.8961648643016815
2016-11-23,0.09775083065032959,0.6481599330902099,1.0883540987968445,1.0132276654243468,0.8984360754489898
2016-11-25,0.09683090746402741,0.5869649291038513,1.159136426448822,0.9205701172351837,0.6857428967952728
2016-11-28,0.09616602957248688,0.5186910510063172,1.1358249545097352,0.9648853123188019,0.7367136716842652
2016-11-29,0.09515372663736343,0.25511568784713745,1.2197916507720947,0.9023035049438477,0.6908201217651367
2016-11-30,0.09493620246648789,0.7163869857788085,1.2788553476333617,1.1372815132141114,0.9421128034591675
2016-12-01,0.0948227658867836,1.019455862045288,1.180408275127411,0.829633092880249,1.2701465725898742
2016-12-02,0.09455210715532303,1.0401900947093963,1.0423349499702455,0.9251159965991974,1.216818356513977
2016-12-05,0.09445621967315673,1.1671452462673186,1.1660802245140076,0.8882633030414582,1.2534015417098998
2016-12-06,0.09395948201417922,1.29604532122612,1.1997428297996522,0.960896122455597,1.3014426469802856
2016-12-07,0.7577138423919678,0.9712723195552826,1.247452199459076,0.7387382984161377,1.0645351886749268
2016-12-08,0.7563711687922478,0.7836747586727142,1.2596751928329468,0.8203313946723938,0.9196370840072632
2016-12-09,0.7556773588061333,0.8739187359809876,1.4776087760925294,0.9778877258300781,1.308048677444458
2016-12-12,0.7549636393785477,0.846841287612915,1.5635365486145019,0.8652162969112396,1.247456967830658
2016-12-13,0.7549495756626129,0.9499066591262817,1.4038782000541687,0.8480952918529511,1.2523067474365235
2016-12-14,0.0900642678141594,0.7745717078447342,1.2357073426246643,1.033961182832718,1.4275311946868896
2016-12-15,0.09050889164209366,0.6119704455137253,1.4225435376167297,1.3226873099803924,1.21143878698349
2016-12-16,0.09036274701356888,0.47753243446350097,1.3345929026603698,1.0806634902954102,0.9053656101226807
2016-12-19,0.09026930183172226,0.3664332672953606,1.2395066618919373,1.2052833259105682,0.9824657201766968
2016-12-20,0.08978172391653061,0.12308829724788665,1.3703817844390869,1.2347855865955353,0.9230533599853515
2016-12-21,0.0894264116883278,0.11295347511768342,1.47169086933136,1.0732103049755097,0.7316928505897522
2016-12-22,0.08911888152360917,0.10319226533174515,1.3352468729019165,0.8053173124790192,0.7628518581390381
2016-12-23,0.08854371756315231,0.09738307297229767,1.3357533454895019,0.886108112335205,0.73400799036026
2016-12-27,0.08787287771701813,0.09249475449323655,1.2236501574516296,0.8556266546249389,0.6793133378028869
2016-12-28,0.08765902370214462,0.08836233019828796,1.13186274766922,0.8103420853614807,0.6873264908790588
2016-12-29,0.08729634433984756,0.08870209902524948,1.0546462655067443,0.872658371925354,0.642866337299347
2016-12-30,0.0869567111134529,0.6735015094280243,1.057391607761383,0.7306306421756744,0.5471342772245407
2017-01-03,0.0868008092045784,0.7117410972714424,1.1738529562950135,0.6056140631437301,0.4373335182666779
2017-01-04,0.08650195449590684,0.7276595517992973,1.2549998998641967,0.4863639146089554,0.3358359277248383
2017-01-05,0.08594397008419037,0.752607025206089,1.3097612619400025,0.9285703212022781,0.829238337278366
2017-01-06,0.08535544574260712,0.770239531993866,1.3441411256790161,0.7079020693898201,0.7449068501591682
2017-01-09,0.08488240838050842,0.19890114068984985,1.3778808832168579,0.696023491024971,0.714745070040226
2017-01-10,0.08448375165462493,0.1706691026687622,1.238369059562683,0.6729838341474533,0.7020229622721672
2017-01-11,0.0842686951160431,0.1663440138101578,1.2650417804718017,0.656944140791893,0.6916973784565925
2017-01-12,0.08423552364110946,0.15010859668254853,1.338511300086975,0.09905971735715866,0.09682233184576035
2017-01-13,0.08442545682191849,0.1340361088514328,1.3465850114822389,0.09355406761169434,0.09107341319322586
2017-01-17,0.08442545682191849,0.12149787992238999,1.3426440000534057,0.7383956655859947,0.7330284640192986
2017-01-18,0.08442545682191849,0.11082369536161422,1.2683865308761597,0.7379748851060868,1.2990463897585869
2017-01-19,0.08442545682191849,0.0985507220029831,1.1856564640998841,0.7413267314434051,1.333083237707615
2017-01-20,0.08442545682191849,0.08875032216310501,1.1492280602455138,0.7449794933199883,1.3428765311837196
2017-01-23,0.08442545682191849,0.08539727181196213,1.220616352558136,0.7480363681912422,1.354159677028656
2017-01-24,0.08442545682191849,0.08317695260047912,1.1894941449165344,0.10538224130868912,0.7219290316104889
2017-01-25,0.08442545682191849,0.7531516313552856,1.228159749507904,0.1077230229973793,0.6795719683170318
2017-01-26,0.08442545682191849,0.7555405125021935,1.2589757442474365,0.10790594965219498,0.6919751346111298
2017-01-27,0.08442545682191849,0.7559300974011421,1.1509384512901306,0.10726131498813629,0.7913239151239395
2017-01-30,0.08442545682191849,0.7567372336983681,0.9955950260162354,0.10616230815649033,0.8918445885181427
2017-01-31,0.08442545682191849,0.7574781700968742,0.9870240211486816,0.7432815954089165,0.9791996598243713
2017-02-01,0.08442545682191849,0.08838768303394318,1.035370397567749,0.7404332056641578,0.5290623664855957
2017-02-02,0.08442545682191849,0.08705185502767562,1.1374243259429933,0.7392319321632386,0.5632741391658783
2017-02-03,0.08442545682191849,0.08804134875535966,1.229321014881134,0.738164396584034,0.5336226522922516
2017-02-06,0.08442545682191849,0.08909410387277603,1.3826336860656738,1.3756942957639695,0.49779733419418337
2017-02-07,0.08442545682191849,0.08978172391653061,1.3509962558746338,0.7360397145152092,0.46877269744873046
2017-02-08,0.08442545682191849,0.0894264116883278,1.2618478298187257,0.7386371359229088,0.7404913067817688
2017-02-09,0.08442545682191849,0.08911888152360917,1.2530249118804933,0.7402492687106133,1.0765630781650544
2017-02-10,0.08442545682191849,0.08854371756315231,1.1394004940986633,0.7418151095509529,1.0359021604061127
2017-02-13,0.08442545682191849,0.08787287771701813,0.9952979326248169,0.10466396510601043,1.0736901998519897
2017-02-14,0.08442545682191849,0.08765902370214462,1.137379240989685,0.10594775974750519,1.1193634748458863
2017-02-15,0.08442545682191849,0.08729634433984756,1.3171972513198853,0.10409635901451111,0.8786318302154541
2017-02-16,0.08442545682191849,0.0869567111134529,1.36351158618927,0.10168916881084442,0.5352760314941406
2017-02-17,0.08442545682191849,0.0868008092045784,1.499818217754364,0.0991709977388382,0.57483189702034
2017-02-21,0.08442545682191849,0.08650195449590684,1.4478996038436889,0.09749803543090821,0.5321309685707092
2017-02-22,0.08442545682191849,0.08594397008419037,1.2629206895828247,0.09617911130189896,0.4932622253894806
2017-02-23,0.08442545682191849,0.08535544574260712,1.1244126081466674,0.09539237469434739,0.45088236331939696
2017-02-24,0.08442545682191849,0.08488240838050842,1.0381840944290162,0.09483507722616195,1.0095690488815308
2017-02-27,0.08442545682191849,0.08448375165462493,1.1050082206726075,0.09451523274183274,0.9371933102607727
2017-02-28,0.08442545682191849,0.0842686951160431,1.1923043727874756,0.09362677186727524,0.8674218162894249
2017-03-01,0.7518918097019196,0.7517018765211105,1.378595805168152,0.09289411902427673,1.3520215198397636
2017-03-02,0.7532920241355896,0.7532920241355896,1.4156978845596313,0.6758822813630104,1.3248878702521325
2017-03-03,0.7545678913593292,0.7545678913593292,1.399689745903015,0.7027688920497894,0.7635743305087089
2017-03-06,0.7558460876345634,0.7558460876345634,1.3562140703201293,0.7199084222316742,0.8314150080084801
2017-03-07,0.7571386754512787,0.7571386754512787,1.3286563873291015,0.7490542635321618,0.9004292130470276
2017-03-08,0.09078890532255172,0.09078890532255172,1.1655441164970397,0.7619319021701813,0.40267651081085204
2017-03-09,0.09050889164209366,0.09050889164209366,1.1571656584739685,0.18975858092308046,0.4383347988128662
2017-03-10,0.09036274701356888,0.09036274701356888,1.2623197913169861,0.17143727838993073,0.4340551972389221
2017-03-13,0.09026930183172226,0.09026930183172226,1.2034400343894958,0.1597120076417923,0.365507547557354
2017-03-14,0.08978172391653061,0.08978172391653061,1.3573907732963562,0.13307891190052032,0.30227509289979937
2017-03-15,0.0894264116883278,0.0894264116883278,1.4616248607635498,0.7489543825387954,0.8542919591069221
2017-03-16,0.08911888152360917,0.08911888152360917,1.4553840398788451,0.7415159672498703,0.7884908989071846
2017-03-17,0.08854371756315231,0.08854371756315231,1.236938238143921,0.7315623864531517,0.7236428484320641
2017-03-20,0.08787287771701813,0.08787287771701813,1.2513981342315674,0.7249433502554894,0.7199535861611366
2017-03-21,0.6684609651565552,0.6684609651565552,1.0829771637916565,0.7214525431394577,0.7132515877485275
2017-03-22,0.7000454887747765,0.7000454887747765,0.9835792183876038,0.0913745790719986,0.0979406401515007
2017-03-23,0.7165465265512466,0.7165465265512466,0.9803674340248107,0.08600327968597413,0.09279282540082931
2017-03-24,0.7427651420235634,0.7427651420235634,1.1470878958702087,0.08515220433473587,0.0911507785320282
2017-03-27,0.7575516730546952,0.7575516730546952,1.1042354941368102,0.0842796117067337,0.08856933414936066
2017-03-28,0.1918092966079712,0.1918092966079712,1.177381706237793,0.08353377133607864,0.0866389200091362
2017-03-29,0.1763169765472412,0.1763169765472412,1.1228289008140564,0.08316545188426971,0.08515891432762146
2017-03-30,0.1662074953317642,0.1662074953317642,1.051624584197998,0.08292771279811859,0.08508604019880295
2017-03-31,0.14328269064426422,0.14328269064426422,0.9325392365455627,0.08369321674108506,0.08506211489439011
2017-04-03,0.13066015839576722,0.13066015839576722,0.8873085021972656,0.08449452966451645,0.7489580512046814
2017-04-04,0.11660621017217636,0.11660621017217636,0.9161817073822022,0.0854739636182785,0.7507146522402763
2017-04-05,0.09998512715101242,0.09998512715101242,1.1209363341331482,0.08623861670494079,0.7530274972319603
2017-04-06,0.0928480476140976,0.0928480476140976,1.2915775537490846,0.0869567111134529,0.754523578286171
2017-04-07,0.08875032216310501,0.08875032216310501,1.4544626355171204,0.0868008092045784,0.7562312394380569
2017-04-10,0.08539727181196213,0.08539727181196213,1.4732178688049316,0.08650195449590684,0.09434648454189301
2017-04-11,0.08317695260047912,0.08317695260047912,1.505165934562683,0.7519126892089844,0.09461377561092377
2017-04-12,0.08213983923196792,0.08213983923196792,1.4919172525405884,0.7521896749734879,0.09382696449756622
2017-04-13,0.08123839944601059,0.08123839944601059,1.513398003578186,0.7529925048351288,0.09270296394824981
2017-04-17,0.08071180731058121,0.08071180731058121,1.4348538875579835,0.7538720443844795,0.09124575406312943
2017-04-18,0.08063741624355317,0.08063741624355317,1.4527351617813111,0.7549495756626129,0.7513004556298256
2017-04-19,0.08045923262834549,0.08045923262834549,1.4724997520446776,0.0900642678141594,0.7512295633554459
2017-04-20,0.08126395493745804,0.08126395493745804,1.3897367238998413,0.09050889164209366,0.7522565677762032
2017-04-21,0.08209824711084365,0.08209824711084365,1.3717966079711914,0.09036274701356888,0.7534536361694336
2017-04-24,0.7503405481576919,0.7503405481576919,1.3764485597610474,0.09026930183172226,0.7551392391324043
2017-04-25,0.7524902939796447,0.7524902939796447,1.327966856956482,0.66729406863451,0.6603960826992988
2017-04-26,0.7545678913593292,0.7545678913593292,1.2682867765426635,0.6990974485874176,0.6967306509613991
2017-04-27,0.7558460876345634,0.7558460876345634,1.2770849943161011,0.7131277754902839,0.709646075963974
2017-04-28,0.7571386754512787,0.7571386754512787,1.2398658037185668,0.7419752836227417,0.7241421595215798
2017-05-01,0.09078890532255172,0.09078890532255172,1.2302919626235962,0.7610258251428604,0.7389967203140259
2017-05-02,0.09050889164209366,0.09050889164209366,1.3794621229171753,0.19571592211723327,0.18710704743862153
2017-05-03,0.09036274701356888,0.09036274701356888,1.3635602235794066,0.6632499068975448,0.1595038056373596
2017-05-04,0.09026930183172226,0.09026930183172226,1.3558915615081788,1.0709159404039383,0.15585165321826935
2017-05-05,0.08978172391653061,0.08978172391653061,1.3605745792388917,1.1023062616586685,0.14749638140201568
2017-05-08,0.0894264116883278,0.0894264116883278,1.3539845943450928,1.22503442466259,0.13732480704784394
2017-05-09,0.08911888152360917,0.08911888152360917,1.348825454711914,1.3455854594707488,0.12719476521015166
2017-05-10,0.08854371756315231,0.08854371756315231,1.3022144436836243,0.9684815347194672,0.12060565799474716
2017-05-11,0.08787287771701813,0.08787287771701813,1.318860399723053,0.6816923081874847,0.11109549254179
2017-05-12,0.08765902370214462,0.08765902370214462,1.4143786072731017,0.7451368808746338,0.10465687066316605
2017-05-15,0.08729634433984756,0.08729634433984756,1.2729204297065735,0.7155382752418518,0.09828308820724488
2017-05-16,0.0869567111134529,0.0869567111134529,1.1481739282608032,0.6733121395111084,0.09378831386566162
2017-05-17,0.6713778704404831,0.6713778704404831,1.3066282629966737,0.8058484792709351,0.7602496102452279
2017-05-18,0.6997789725661278,0.6997789725661278,1.378015124797821,0.6868423014879227,0.7606351390480995
2017-05-19,0.7181173145771027,0.7181173145771027,1.22274512052536,0.5852498441934586,0.7586913585662842
2017-05-22,0.7482001885771752,0.7482001885771752,1.358880603313446,0.4905801624059677,0.7580235376954079
2017-05-23,0.7619319021701813,0.7619319021701813,1.4438538789749145,0.40570166558027265,0.7574781700968742
2017-05-24,0.18975858092308046,0.18975858092308046,1.3457075595855712,0.15045322775840758,0.08838768303394318
2017-05-25,0.17143727838993073,0.17143727838993073,1.171084213256836,0.13373247236013414,0.08705185502767562
2017-05-26,0.1597120076417923,0.1597120076417923,1.1883020401000977,0.11080207079648971,0.08804134875535966
2017-05-30,0.13307891190052032,0.13307891190052032,1.16275634765625,0.09216209053993225,0.08909410387277603
2017-05-31,0.12155207097530366,0.12155207097530366,1.178348183631897,0.08579676151275635,0.08978172391653061
2017-06-01,0.11034644693136215,0.11034644693136215,1.1857274293899536,0.08550025671720504,0.0894264116883278
2017-06-02,0.09998512715101242,0.7629974588751793,1.2913933515548706,0.08495479822158813,0.7498649805784225
2017-06-05,0.0928480476140976,0.7596470385789871,1.2417155742645263,0.0852200910449028,0.7503262922167778
2017-06-06,0.08875032216310501,0.7562121525406837,1.179303812980652,0.748915359377861,0.7513981059193611
2017-06-07,0.08539727181196213,0.7537222877144814,1.15487802028656,0.7502339899539947,0.7530674785375595
2017-06-08,0.08317695260047912,0.7522847712039947,1.164844536781311,0.7519697695970535,0.7545197620987892
2017-06-09,0.08213983923196792,0.6806168615818023,1.1839682340621949,0.754523578286171,0.09521894454956055
2017-06-12,0.08123839944601059,0.7079417780041695,1.1705461263656616,0.7562312394380569,0.09591205418109894
2017-06-13,0.08071180731058121,0.7811246812343597,1.3069893836975097,0.09434648454189301,0.09562128335237503
2017-06-14,0.08063741624355317,0.8663074970245361,1.404441809654236,0.09461377561092377,0.7383775740861893
2017-06-15,0.08045923262834549,0.9374489188194275,1.3455165147781372,0.09382696449756622,0.7377577275037766
2017-06-16,0.08126395493745804,0.35856916308403014,1.3651522874832154,0.09270296394824981,0.7380491778254509
2017-06-19,0.08209824711084365,0.8881429255008697,1.2749279379844665,0.09124575406312943,0.7384978085756302
2017-06-20,0.08287419527769088,0.8249493032693863,1.14875648021698,0.0901413232088089,0.7389868095517158
2017-06-21,0.08362372666597366,0.7439740732312202,1.1772583961486816,0.08927954733371735,0.09605609327554702
2017-06-22,0.08442545682191849,0.676729117333889,1.218430185317993,0.08854371756315231,0.09691986441612244
2017-06-23,0.08442545682191849,0.6672783344984055,1.1661251544952393,0.08787287771701813,0.09660050570964814
2017-06-26,0.08442545682191849,0.10937573909759521,1.3111560702323914,0.08765902370214462,0.09638459235429764
2017-06-27,0.08442545682191849,0.6683434814214706,1.4115114212036133,0.08729634433984756,0.6630561634898186
2017-06-28,0.08442545682191849,1.0860516831278801,1.277294898033142,0.0869567111134529,0.6967747017741204
2017-06-29,0.08442545682191849,1.461202259361744,1.2897632837295532,0.0868008092045784,0.7106186211109161
2017-06-30,0.08442545682191849,1.5002408474683762,1.2631811141967773,0.08650195449590684,0.7364424139261245
2017-07-03,0.08442545682191849,1.8059952676296234,1.1943148970603943,0.6754331588745117,0.7541608452796936
2017-07-05,0.08442545682191849,1.2927149713039399,1.1767726302146913,0.6992099568247795,0.19804193079471588
2017-07-06,0.08442545682191849,1.0395706236362456,1.1816090941429138,0.7148253321647644,0.17527293562889099
2017-07-07,0.08442545682191849,0.8329014837741852,1.1471704840660095,1.1943280830979348,0.16966540813446046
2017-07-10,0.08442545682191849,0.965015995502472,1.0794299721717835,1.2417479068040849,0.14936777502298354
2017-07-11,0.08442545682191849,0.8079074025154114,1.1645431995391846,0.7788028985261917,0.13540691882371902
2017-07-12,0.08442545682191849,0.9495492339134216,1.2145362615585327,0.8825939118862152,0.12686472982168198
2017-07-13,0.08442545682191849,0.845713061094284,1.2672773599624634,0.981049245595932,0.11653071343898773
2017-07-14,0.08442545682191849,0.738813054561615,1.346465516090393,0.609815365076065,0.1059039905667305
2017-07-17,0.08442545682191849,0.6253821074962616,1.3651085257530213,0.6585705757141114,0.09789843112230301
2017-07-18,0.08442545682191849,0.5098923683166504,1.3466703057289124,0.6132406830787659,0.09094885438680649
2017-07-19,0.08442545682191849,0.3284056305885315,1.3261961817741394,0.5417027413845062,0.0858600452542305
2017-07-20,0.08442545682191849,0.27544387578964236,1.355040729045868,0.46236258149147036,0.08213983923196792
2017-07-21,0.08442545682191849,0.21917132139205933,1.3643746733665467,0.37426080405712125,0.08123839944601059
2017-07-24,0.08442545682191849,0.16277556717395783,1.3760520458221435,0.2847741559147835,0.08071180731058121
2017-07-25,0.08442545682191849,0.1330047145485878,1.355102276802063,0.20886627286672593,0.6841610416769981
2017-07-26,0.08442545682191849,0.12256198227405549,1.2361750721931457,0.15627710968255998,0.7077865824103355
2017-07-27,0.08442545682191849,0.1135369136929512,1.0829493284225464,0.12285691052675247,0.7246797174215317
2017-07-28,0.08442545682191849,0.10470847487449646,0.9570412278175354,0.10296448767185211,0.75325738042593
2017-07-31,0.08442545682191849,0.1006109818816185,0.9356154680252076,0.09706544578075409,0.768238079547882
2017-08-01,0.08442545682191849,0.09546979814767838,1.021896243095398,0.09251992404460907,0.17826638221740723
2017-08-02,0.08442545682191849,0.09123293459415435,1.2110535025596618,0.08790467828512191,0.16585809886455535
2017-08-03,0.08442545682191849,0.08983861058950424,1.27741277217865,0.08537175953388214,0.7219344109296799
2017-08-04,0.08442545682191849,0.0908160611987114,1.4188824534416198,0.08389670252799988,0.7010684221982956
2017-08-07,0.08442545682191849,0.09055593758821487,1.5477909326553345,0.08289230167865753,0.6883373066782952
2017-08-08,0.08442545682191849,0.08949516713619232,1.5904932498931885,0.08209824711084365,0.6767634823918343
2017-08-09,0.08442545682191849,0.08773952573537827,1.4306814193725585,0.7503405481576919,0.6667514890432358
2017-08-10,0.6735852777957916,0.6751571819186211,1.4290022373199462,0.7524902939796447,0.09501898586750031
2017-08-11,0.6998226508498192,0.6998809456825257,1.4196729421615601,0.7545678913593292,0.08834223598241805
2017-08-14,0.7159110635519028,1.186224801838398,1.3612156629562377,0.7558460876345634,0.08683167546987533
2017-08-15,0.7436544343829155,1.1965680584311484,1.2602151870727538,0.7571386754512787,0.08556030541658402
2017-08-16,0.7578591853380203,1.2016357421875,1.306289052963257,0.09078890532255172,0.08453660309314728
2017-08-17,0.6816097289323807,1.1617874145507812,1.3478640079498292,0.09050889164209366,0.08358420282602311
2017-08-18,0.6987607151269912,1.1779017746448517,1.2660032272338868,0.09036274701356888,0.08295667171478271
2017-08-21,0.8006181985139846,0.8082954823970795,1.2540827989578247,0.09026930183172226,0.0824330359697342
2017-08-22,0.9771079957485199,1.0107113063335418,1.224502730369568,0.08978172391653061,0.08203595578670501
2017-08-23,1.0092605173587799,1.0636935651302337,1.1851274251937867,0.0894264116883278,0.08306909650564194
2017-08-24,0.5646204888820648,0.5671700298786163,1.1994887590408325,0.08911888152360917,0.08398786634206772
2017-08-25,0.5741838634014129,0.5778243482112885,1.2140031814575196,0.08854371756315231,0.0848878026008606
2017-08-28,0.4917900264263153,0.5066132724285126,1.1545767068862915,0.7511094227433205,0.08584702014923096
2017-08-29,0.30805765390396117,0.3269630014896393,1.0902379751205444,0.751711568236351,0.08650195449590684
2017-08-30,0.2684759050607681,0.7499496340751648,1.1247771501541137,0.7530274972319603,0.08594397008419037
2017-08-31,0.2039351910352707,1.3202183246612549,1.1256315946578979,1.3923153519630431,0.08535544574260712
2017-09-01,0.15232325941324235,1.2733716249465943,1.173312497138977,1.3936607465147972,0.08488240838050842
2017-09-05,0.11900130957365036,1.2329337686300277,1.2019612789154053,1.34940315335989,0.751950104534626
2017-09-06,0.09934958070516586,1.2055855259299277,1.2872599601745605,1.350917635858059,0.7531352624297142
2017-09-07,0.09285796135663986,0.7315770745277405,1.2046208024024962,1.9510229662060738,1.4099221482872963
2017-09-08,0.0893734022974968,0.11543197482824326,1.0699787735939026,1.3145980522036553,1.411979866027832
2017-09-11,0.7586980044841767,0.6922630295157433,1.0156810402870178,1.8340412333607674,1.9674187168478965
2017-09-12,0.7582192704081535,0.6915354624390602,1.1588106274604797,1.261943842470646,1.3376986786723137
2017-09-13,0.7579470708966255,0.6912286445498467,1.0631991386413575,1.2719713985919952,1.3450434178113937
2017-09-14,0.7585290551185608,0.690741342306137,1.143010938167572,0.6859703242778779,0.7021504551172256
2017-09-15,0.7593435004353524,0.6908732146024704,1.26214998960495,0.6972448945045471,0.7093695044517517
2017-09-18,0.09054479748010635,0.1158787578344345,1.1545554161071778,0.19173036515712738,0.1627898633480072
2017-09-19,0.090467868745327,0.11894947737455368,1.0392960548400878,0.15977450907230378,0.1326039656996727
2017-09-20,0.09118138998746872,0.12056667804718017,1.1742393851280213,0.16294963359832765,0.13141879737377166
2017-09-21,0.09150025248527527,0.11937513649463653,1.2917714953422545,0.1632181078195572,0.12452050596475601
2017-09-22,0.09124575406312943,0.1170529618859291,1.1667891979217528,0.16344794631004333,0.12295868247747421
2017-09-25,0.0901413232088089,0.6510527268052101,1.192364764213562,0.6568161934614182,0.12012809067964554
2017-09-26,0.08927954733371735,0.6869276165962219,1.184718942642212,1.160067304968834,0.11854600310325622
2017-09-27,0.08854371756315231,0.7028064072132111,1.196028184890747,1.1923493534326552,0.654813988506794
2017-09-28,0.08787287771701813,0.7276464343070984,1.2264267444610595,1.2398243248462677,0.6850105375051498
2017-09-29,0.08765902370214462,0.7413827359676362,1.2111948490142823,1.2857384383678436,0.7534300744533539
2017-10-02,0.08729634433984756,0.21388149857521058,1.2552100777626038,0.8442710876464844,0.8338291794061661
2017-10-03,0.0869567111134529,0.1827118366956711,1.2409321904182433,0.3847319662570953,0.9066394448280335
2017-10-04,0.0868008092045784,0.170705246925354,1.1211597204208374,0.4103823721408844,0.44243714213371277
2017-10-05,0.08650195449590684,0.14689732640981673,1.0069080114364624,0.4138652503490448,0.47565404176712034
2017-10-06,0.08594397008419037,0.1365303173661232,1.1611963152885436,0.4304625570774078,0.45936092734336853
2017-10-09,0.08535544574260712,0.1268016591668129,1.1851293683052062,0.42604283690452577,0.4117694079875946
2017-10-10,0.08488240838050842,0.11468198150396347,1.27349134683609,0.3710118502378464,0.33565872311592104
2017-10-11,0.08448375165462493,0.10377280712127686,1.439963459968567,0.3009724676609039,0.25763002783060074
2017-10-12,0.0842686951160431,0.09733199775218963,1.2587817072868348,0.2369580700993538,0.18742016702890396
2017-10-13,0.08423552364110946,0.08856631815433502,1.2462852597236633,0.16224269866943358,0.1278358817100525
2017-10-16,0.08442545682191849,0.08317695260047912,1.3176451563835143,0.1009013369679451,0.08875032216310501
2017-10-17,0.08442545682191849,0.08213983923196792,1.215633487701416,0.0984740674495697,0.08539727181196213
2017-10-18,0.08442545682191849,0.08123839944601059,1.1547479629516602,0.09489939361810684,0.08317695260047912
2017-10-19,0.08442545682191849,0.08071180731058121,1.1642908453941345,0.09126931428909302,0.08213983923196792
2017-10-20,0.08442545682191849,0.08063741624355317,1.0999859929084779,0.08787567764520646,0.6876863032579422
2017-10-23,0.08442545682191849,0.08045923262834549,0.9664761066436768,0.08566485643386841,0.7126977011561394
2017-10-24,0.08442545682191849,0.08126395493745804,0.9594746708869935,0.08316977620124817,0.7961283579468728
2017-10-25,0.08442545682191849,0.08209824711084365,0.8933040499687195,0.08272705972194672,0.8761526271700859
2017-10-26,0.08442545682191849,0.08287419527769088,0.9957435011863709,0.08296375721693039,0.8911621004343033
2017-10-27,0.08442545682191849,0.7510900795459747,1.079381263256073,0.08338132500648499,0.29835088551044464
2017-10-30,0.08442545682191849,0.7532920241355896,1.283983826637268,0.08362372666597366,0.2841825544834137
2017-10-31,0.08442545682191849,0.7545678913593292,1.5257118463516235,0.08442545682191849,0.20863126516342162
2017-11-01,0.08442545682191849,0.7558460876345634,1.4164766788482666,0.08442545682191849,0.13307891190052032
2017-11-02,0.08442545682191849,0.7571386754512787,1.4882890224456786,0.08442545682191849,0.12155207097530366
2017-11-03,0.08442545682191849,0.09078890532255172,1.4829163789749145,0.08442545682191849,0.11034644693136215
2017-11-06,0.08442545682191849,0.09050889164209366,1.4051817893981933,0.08442545682191849,0.09998512715101242
2017-11-07,0.08442545682191849,0.09036274701356888,1.1682517766952514,0.08442545682191849,0.0928480476140976
2017-11-08,0.08442545682191849,0.09026930183172226,1.3533560276031493,0.08442545682191849,0.08875032216310501
2017-11-09,0.08442545682191849,0.08978172391653061,1.4458189487457276,0.08442545682191849,0.08539727181196213
2017-11-10,0.08442545682191849,0.0894264116883278,1.3396258115768434,0.08442545682191849,0.6828094393014907
2017-11-13,0.08442545682191849,0.08911888152360917,1.333805227279663,0.08442545682191849,0.7087704867124558
2017-11-14,0.08442545682191849,0.08854371756315231,1.2123136937618255,0.08442545682191849,0.7942111358046532
2017-11-15,0.08442545682191849,0.08787287771701813,1.1468216836452485,0.08442545682191849,1.050576451420784
2017-11-16,0.08442545682191849,0.7496948480606079,1.1770660817623138,0.08442545682191849,1.0858585476875304
2017-11-17,0.08442545682191849,0.7502710297703743,1.2513786017894746,0.7518918097019196,0.5374540448188782
2017-11-20,0.08442545682191849,0.7516234949231148,1.2233880460262299,1.3164438769221305,0.515082685649395
2017-11-21,0.08442545682191849,1.3901076406240462,1.433655858039856,1.3480244308710099,0.431847420334816
2017-11-22,0.08442545682191849,1.3914143800735475,1.529178524017334,1.3605613335967064,0.1774519681930542
2017-11-24,0.08442545682191849,0.7325427860021592,1.394273281097412,1.3783755332231522,0.14401802271604539
2017-11-27,0.08442545682191849,0.7346559897065162,1.4340641498565674,0.7248736709356308,0.09442986696958541
2017-11-28,0.7518918097019196,0.7356525138020515,1.3386016964912415,0.16997170448303223,0.09097519218921661
2017-11-29,0.7532920241355896,0.6533417895436286,1.242945384979248,0.14690019488334655,0.08883277326822281
2017-11-30,0.7545678913593292,0.690466770529747,1.1339510679244995,0.14085488468408586,0.08701486736536027
2017-12-01,0.7558460876345634,0.7004188567399978,1.1228999853134156,0.12978290915489196,0.7552985280752182
2017-12-04,0.7571386754512787,1.187473513185978,1.0797259569168092,0.12291463166475296,0.756134857237339
2017-12-05,0.09078890532255172,1.2357570677995682,1.1001805543899537,0.11738515049219131,0.756374403834343
2017-12-06,0.09050889164209366,0.8093147784471512,1.105410635471344,0.11289349645376205,0.7569724023342133
2017-12-07,0.09036274701356888,0.9016013711690902,1.0878181457519531,0.6548185169696807,0.7576770782470703
2017-12-08,0.09026930183172226,1.0175861537456512,1.0311914324760436,0.681113313138485,0.08904280960559845
2017-12-11,0.08978172391653061,0.6349203050136566,0.9832090497016907,0.7556910961866379,0.08839729726314545
2017-12-12,0.0894264116883278,0.6833787798881531,1.0644877910614015,0.8351122140884399,0.08975614011287689
2017-12-13,0.08911888152360917,0.6397270917892456,1.0470936298370361,0.905875626206398,0.0908448800444603
2017-12-14,0.08854371756315231,0.5810568511486054,1.0261181712150573,0.43242610394954684,0.09132025688886643
2017-12-15,0.08787287771701813,0.758248382806778,1.0769946813583373,0.4710413694381714,0.09125912487506867
2017-12-18,0.08765902370214462,0.6688903629779815,1.1638491868972778,0.4607676029205322,0.09086469709873199
2017-12-19,0.08729634433984756,0.5863470137119293,1.072177517414093,0.416062068939209,0.6706127688288689
2017-12-20,0.0869567111134529,0.5105065792798996,1.1166285634040833,0.3439591765403748,1.1014243572950364
2017-12-21,0.0868008092045784,0.43927329778671265,1.126494860649109,0.2705888584256172,1.1533684313297272
2017-12-22,0.08650195449590684,0.13306154906749726,1.1563961029052734,0.19916896373033524,1.2937707707285881
2017-12-26,0.08594397008419037,0.11475529968738556,1.0313848853111267,0.1278358817100525,1.4277779042720795
2017-12-27,0.08535544574260712,0.09771004170179368,1.039318573474884,0.08875032216310501,1.0498450219631195
2017-12-28,0.08488240838050842,0.0871893286705017,1.0523236632347106,0.08539727181196213,0.6778046429157257
2017-12-29,0.08448375165462493,0.0854723483324051,1.1860758543014527,0.08317695260047912,0.7096385478973388
2018-01-02,0.0842686951160431,0.7532299220561981,1.1957786798477172,0.7531516313552856,0.9560115575790405
2018-01-03,0.08423552364110946,0.75475372672081,1.2473986268043518,0.7555405125021935,0.8707155168056488
2018-01-04,0.08442545682191849,0.7567560374736786,1.199933397769928,0.7559300974011421,0.8072613656520844
2018-01-05,0.08442545682191849,0.7588650017976761,1.2393481373786925,0.7567372336983681,0.8792977631092072
2018-01-08,0.08442545682191849,0.7617438927292823,1.0835444331169128,0.7574781700968742,0.9155258476734162
2018-01-09,0.08442545682191849,0.09543437063694,1.0072518944740296,0.08838768303394318,0.8638384163379669
2018-01-10,0.08442545682191849,0.09605640321969985,1.0110754370689392,0.08705185502767562,0.8648214101791382
2018-01-11,0.08442545682191849,0.09608371406793595,1.0481674671173096,0.08804134875535966,0.8745495915412903
2018-01-12,0.08442545682191849,0.09578761607408523,0.9459839940071106,0.7462499007582665,0.8898697137832642
2018-01-16,0.08442545682191849,0.09476117789745331,1.0611482977867126,0.7478138238191605,0.912424099445343
2018-01-17,0.08442545682191849,0.7446706965565681,1.1737783551216125,0.7492466434836388,0.7251668691635131
2018-01-18,0.08442545682191849,0.7439532190561294,1.2789044022560119,0.7508592173457146,0.8160522937774658
2018-01-19,0.08442545682191849,0.7439259082078934,1.3457389712333678,0.7521842896938324,0.8029289841651917
2018-01-22,0.08442545682191849,1.3824132099747657,1.3945075750350953,0.09614369869232178,0.759226405620575
2018-01-23,0.08442545682191849,1.3831715390086174,1.2704144716262817,0.09691986441612244,0.6731241703033447
2018-01-24,0.08442545682191849,0.735608521103859,1.1168483257293702,0.7380687236785889,0.5677254855632782
2018-01-25,0.08442545682191849,0.7389260366559028,0.9009762644767761,0.7375568702816964,0.4652118146419525
2018-01-26,0.7518918097019196,1.3463240563869476,0.9486519694328308,0.7394390508532525,0.35634523928165435
2018-01-29,0.7532920241355896,0.7090877279639244,1.094163954257965,0.7412545621395111,0.2549520045518875
2018-01-30,1.3263154372572898,0.7134025454521179,1.2330994725227356,0.7427608206868171,0.19885070770978927
2018-01-31,1.3583912014961244,0.7151196971535683,1.3597240805625916,0.1021646186709404,0.15664395689964294
2018-02-01,1.3697115764021874,0.7158105432987213,1.3750907182693481,0.10229318737983703,0.720903891324997
2018-02-02,1.1717880591750145,0.6519574701786042,1.2678271770477294,0.6607388317584991,0.7183955788612366
2018-02-05,1.5807504206895828,1.0154612317681313,1.1880270719528199,0.6957204088568687,0.7928366124629974
2018-02-06,1.289032557606697,1.365958496928215,1.139039659500122,1.1836587354540824,0.8798632904887199
2018-02-07,1.4105026960372924,1.6858544319868087,1.0595414876937865,1.2316800251603126,0.9420129984617234
2018-02-08,1.7069066286087036,2.0016591787338256,1.243397879600525,1.3491722166538238,0.3516769498586655
2018-02-09,1.5328957796096803,1.7555440187454223,1.3235801219940186,0.9070990860462189,0.336713844537735
2018-02-12,1.3341338634490967,1.5971639633178711,1.259773564338684,0.9770176827907562,0.26662827134132383
2018-02-13,1.2261539101600647,1.3321006059646607,1.2460829019546509,0.6068647801876068,0.18201039135456085
2018-02-14,1.2488452672958374,1.1831998348236084,1.282210397720337,0.7734570264816284,0.6864248186349868
2018-02-15,1.2477110147476196,1.169837975502014,1.1299514055252076,0.7097803115844726,0.7088693529367447
2018-02-16,0.9708158552646637,0.9006626605987549,1.0202062129974365,0.641104382276535,0.7864358931779861
2018-02-20,0.8033353507518768,0.7660974621772766,0.9765617847442627,0.9590694725513458,0.8683238476514816
2018-02-21,0.6664324104785919,0.7334400713443756,1.0131034851074219,0.879297399520874,1.262591016292572
2018-02-22,0.5327756822109222,0.6093511998653411,1.0195246696472169,0.7758872747421265,0.7401435017585755
2018-02-23,0.5388104856014252,0.6178543031215668,1.1297276973724366,0.836848771572113,0.8330077171325684
2018-02-26,1.039810049533844,1.133023852109909,1.241751742362976,0.8944270551204682,0.8710141658782959
2018-02-27,1.3975827932357787,1.5000000298023224,1.2611779808998107,0.8037361562252044,0.9022129058837891
2018-02-28,1.609414005279541,1.5201508402824402,1.1588279724121093,0.8082450211048127,0.6193750143051148
2018-03-01,1.827408790588379,1.8418830394744874,1.0788920760154723,0.8447809517383575,0.6843242406845093
2018-03-02,1.6108431935310363,1.6137319922447204,1.0561264634132386,0.880834311246872,0.6456499338150025
2018-03-05,1.239494252204895,1.2292980790138244,1.0691275954246522,0.912213796377182,0.5660665273666382
2018-03-06,0.9512582540512085,0.8780742526054383,1.189214038848877,0.7806821763515472,0.47613743245601653
2018-03-07,0.8664545774459839,0.9201069831848144,1.336815345287323,0.8574233174324035,0.3740959346294403
2018-03-08,0.7646833777427673,0.65623539686203,1.4605066299438476,0.7766445398330688,0.270753775537014
2018-03-09,0.8553977966308594,0.8386723756790161,1.4981438159942626,0.6800504386425018,0.1869203507900238
2018-03-12,0.7507661342620849,0.7234704911708831,1.3892654180526733,0.57313152551651,0.14521604925394058
2018-03-13,0.7024679183959961,1.0720300853252411,1.2376638174057006,0.3921063244342804,0.11558783501386642
2018-03-14,0.6026902616024017,1.0229678452014923,1.0936088919639588,0.2863590896129608,0.10379615277051926
2018-03-15,0.49521234035491946,1.0057113945484162,1.0399759411811829,0.22630851864814758,0.09770093113183975
2018-03-16,0.368234258890152,0.8490171372890473,1.0207063794136046,0.17031327486038209,0.09126322418451309
2018-03-19,0.7286869943141937,1.1366243362426758,1.080435287952423,0.13661241978406907,0.08560828417539597
2018-03-20,0.7212095022201538,0.7569210290908813,1.1651816248893738,0.11314462572336197,0.0841251403093338
2018-03-21,0.8011452257633209,0.8458417415618896,1.297422432899475,0.765868355333805,0.08187894374132157
2018-03-22,1.039439284801483,1.0369299530982972,1.2745591163635255,0.7579076737165451,0.08126395493745804
2018-03-23,1.3145111143589019,1.255571222305298,1.1686320662498475,1.4147620052099228,0.08209824711084365
2018-03-26,1.2198924839496612,1.201050591468811,1.1742937207221984,1.4167237997055053,0.08287419527769088
2018-03-27,1.3928449869155883,1.378753113746643,1.2132147192955016,1.4192596673965454,0.7510900795459747
2018-03-28,1.3142739057540893,1.5874959230422974,1.0935680985450744,1.2958329916000366,0.7532920241355896
2018-03-29,1.1994533658027648,1.5409778356552124,1.1344123005867004,1.335659246146679,0.7545678913593292
2018-04-02,1.16754390001297,1.4638179540634155,1.2912726163864137,1.1994145199656487,0.7558460876345634
2018-04-03,1.189019763469696,1.4436910629272461,1.3056887865066529,1.2072119176387788,0.7571386754512787
2018-04-04,1.1644580483436584,1.3885666966438293,1.2664784431457519,1.214920088648796,0.09078890532255172
2018-04-05,1.2030635952949524,1.148260736465454,1.3262817859649658,0.6765983074903488,0.09050889164209366
2018-04-06,1.332130789756775,1.1969287157058717,1.3401463270187377,0.6422772809863091,0.7480364859104156
2018-04-09,1.0923498034477235,1.0093049108982086,1.1840019702911377,0.1288258969783783,0.7485274091362953
2018-04-10,0.9335923194885254,0.9097834885120392,1.1593195915222168,0.1260122299194336,0.749846562743187
2018-04-11,0.8624547719955444,0.8603342711925507,1.1357012748718263,0.12326840758323669,0.7513985499739647
2018-04-12,0.9202882647514343,0.9031414091587067,1.1443835973739624,0.6518891751766205,0.7530296683311463
2018-04-13,0.7729745268821716,0.6776589512825012,1.1282058715820313,0.6920918807387352,0.09657606482505798
2018-04-16,0.8698201537132263,0.7649502694606781,1.2102165937423706,0.7627384692430497,0.09715643525123596
2018-04-17,0.8806374073028564,0.7865232408046723,1.2288915157318114,0.8353385865688324,0.09707072973251343
2018-04-18,0.7600712537765503,0.6731028437614441,1.1861088871955872,0.9014528036117554,0.0967555046081543
2018-04-19,0.6575096368789672,0.5384345293045044,1.0952893853187562,0.42730010747909547,0.09611852914094925
2018-04-20,0.5728046834468842,0.9233711183071136,0.9948408007621765,0.443027138710022,0.09587178379297256
2018-04-23,0.46469340324401853,0.8589822828769684,0.9810263276100158,0.4363811850547791,0.0953532800078392
2018-04-24,0.7227129697799682,0.9500189363956452,0.990875518321991,0.4134845852851868,0.09414408206939698
2018-04-25,0.7696740090847015,1.01676949262619,1.0557446002960205,0.39275383949279785,0.09276945292949676
2018-04-26,0.9405088484287262,1.1445612072944642,1.191113567352295,0.3654148519039154,0.09124626517295838
2018-04-27,0.8961347311735153,0.7648424923419952,1.333727741241455,0.30518132299184797,0.08954174369573593
2018-04-30,0.9066231638193131,0.8286089360713959,1.3153284549713136,0.23541904538869857,0.08818379491567611
2018-05-01,0.4990620881319046,0.7697599828243256,1.3006585836410522,0.17814908623695375,0.0872656136751175
2018-05-02,0.46237684190273287,0.7022940903902054,1.2900733947753906,0.12432503998279572,0.08650195449590684
2018-05-03,0.275335368514061,0.6104740053415298,1.2567819595336913,0.0881172776222229,0.08594397008419037
2018-05-04,0.7096126317977905,0.8762377947568893,1.2222238540649415,0.08405974805355072,0.08535544574260712
2018-05-07,0.6525130435824394,0.7346260011196136,1.1383134365081786,0.08123839944601059,0.08488240838050842
2018-05-08,0.6251745045185089,0.5410411447286606,1.1435566663742065,0.08071180731058121,0.08448375165462493
2018-05-09,0.6043841779232025,1.0079716444015503,1.1809853315353394,0.08063741624355317,0.0842686951160431
2018-05-10,0.5652606308460235,1.5293437480926513,1.2346073865890503,0.08045923262834549,0.08423552364110946
2018-05-11,0.1068875253200531,1.2031348794698715,1.267305278778076,0.08126395493745804,0.08442545682191849
2018-05-14,0.10433176159858704,1.2023861676454544,1.3331441640853883,0.08209824711084365,0.08442545682191849
2018-05-15,0.10049150437116623,1.6911985278129578,1.2510827660560608,0.672034016251564,0.6735852777957916
2018-05-16,0.09726201593875886,1.2611293554306031,1.225383174419403,0.6990209206938743,0.6998226508498192
2018-05-17,0.09390668272972107,0.7506015419960022,1.0408173203468323,0.7159110635519028,0.7159110635519028
2018-05-18,0.09102216213941575,0.8164518147706985,0.9662405610084533,0.7436544343829155,0.7436544343829155
2018-05-21,0.08905293345451355,0.8439498007297516,1.0484883666038514,0.7578591853380203,0.7578591853380203
2018-05-22,0.08727128505706787,0.3693800806999207,1.1468803644180299,0.18150176107883453,0.18150176107883453
2018-05-23,0.08780485093593597,0.33863744139671326,1.1522836446762086,0.16585809886455535,0.16585809886455535
2018-05-24,0.08872668594121932,0.2754290282726288,1.1275930523872375,0.1569739133119583,0.1569739133119583
2018-05-25,0.08863153904676438,0.21760435700416564,1.0718234658241272,0.13307891190052032,0.13307891190052032
2018-05-29,0.6709388956427574,0.19370790123939513,1.0030059933662414,0.12155207097530366,0.7489543825387954
2018-05-30,1.0898820087313652,0.1743615210056305,1.0623042464256287,0.11034644693136215,0.7415159672498703
2018-05-31,1.0982134282588958,0.15935879051685334,1.1887746930122376,0.09998512715101242,0.7315623864531517
2018-06-01,1.1109438762068748,0.693033543229103,1.3965386629104615,0.0928480476140976,0.7249433502554894
2018-06-04,1.120539516210556,0.687099027633667,1.528006672859192,0.08875032216310501,0.7214525431394577
2018-06-05,0.541762824356556,0.675883749127388,1.6189969062805176,0.08539727181196213,0.0913745790719986
2018-06-06,0.1260460838675499,0.666061221063137,1.601854634284973,0.08317695260047912,0.08600327968597413
2018-06-07,0.11850832104682922,0.6608598232269287,1.462714385986328,0.08213983923196792,0.08515220433473587
2018-06-08,0.10607705265283585,0.10630934238433838,1.4154278755187988,0.08123839944601059,0.0842796117067337
2018-06-11,0.09706206172704697,0.09790705442428589,1.2742067933082581,0.08071180731058121,0.08353377133607864
2018-06-12,0.0936127945780754,0.09308984130620956,1.1761710047721863,0.08063741624355317,0.08316545188426971
2018-06-13,0.09000198394060135,0.08830034583806992,1.0388736248016357,0.08045923262834549,0.08292771279811859
2018-06-14,0.08793180137872696,0.7463173806667328,1.111139702796936,0.08126395493745804,0.08369321674108506
2018-06-15,0.08622111082077026,0.7472691088914871,1.1246593952178956,0.6712580680847168,0.08449452966451645
2018-06-18,0.08474137485027314,0.749962343275547,1.2894343256950378,0.6982713893055916,0.0854739636182785
2018-06-19,0.08340515196323395,0.7525195494294167,1.2709066987037658,0.715109333395958,0.08623861670494079
2018-06-20,0.0825572818517685,0.7549119740724564,1.4149277448654174,0.7436544343829155,0.0869567111134529
2018-06-21,0.08175939619541168,0.09588740915060043,1.4569968938827516,0.7578591853380203,0.0868008092045784
2018-06-22,0.08136313706636429,0.09644310623407364,1.5030231952667237,0.18150176107883453,0.08650195449590684
2018-06-25,0.6838153257966042,0.6586407959461212,1.508570909500122,0.16585809886455535,0.08594397008419037
2018-06-26,0.7087219089269639,0.6942661389708519,1.6164892673492433,0.1569739133119583,0.08535544574260712
2018-06-27,0.7309415400028229,1.1964233949780465,1.6476455688476563,0.13307891190052032,0.08488240838050842
2018-06-28,0.759401498734951,1.2392665982246398,1.5783141613006593,0.12155207097530366,0.08448375165462493
2018-06-29,0.7742630988359451,1.347324013710022,1.5050872564315796,0.11034644693136215,0.0842686951160431
2018-07-02,0.1851138025522232,0.9232226490974427,1.4232003450393678,0.6873832926154136,0.08423552364110946
2018-07-03,0.17128058075904845,1.2137663245201111,1.4014676094055176,1.0765654012560844,0.08442545682191849
2018-07-05,0.1569739133119583,1.0068902373313904,1.287712025642395,1.1146165862679482,0.08442545682191849
2018-07-06,0.13307891190052032,1.224461054801941,1.2373733520507812,1.1722258284687996,0.08442545682191849
2018-07-09,0.12155207097530366,1.2400264143943787,1.2351349592208862,1.2139589011669158,0.08442545682191849
2018-07-10,0.11034644693136215,1.2236802697181701,1.1944307327270507,0.6784955084323883,0.08442545682191849
2018-07-11,0.09998512715101242,0.9982216954231262,1.0767876148223876,0.6618781149387359,0.08442545682191849
2018-07-12,0.0928480476140976,0.9651022553443909,1.0802798748016358,0.6566835343837738,0.08442545682191849
2018-07-13,0.08875032216310501,0.7113436251878739,1.1300914525985717,0.7190779387950897,0.08442545682191849
2018-07-16,0.08539727181196213,0.5918202683329582,1.0795039772987365,0.7880721390247345,0.08442545682191849
2018-07-17,0.08317695260047912,0.4732720762491226,1.1066485524177552,1.0979643762111664,0.08442545682191849
2018-07-18,0.08213983923196792,0.3746370643377304,1.1185801029205322,0.7674411773681641,0.08442545682191849
2018-07-19,0.08123839944601059,0.11571587324142456,1.0488564252853394,0.8734516322612762,0.08442545682191849
2018-07-20,0.08071180731058121,0.11181191056966781,1.0062269687652587,0.8912567436695099,0.6735852777957916
2018-07-23,0.08063741624355317,0.11415625810623169,1.0888253569602966,0.91203972697258,1.1445566222071648
2018-07-24,0.08045923262834549,0.11435372531414031,1.1883591294288636,0.676387757062912,1.1972904175519943
2018-07-25,0.08126395493745804,0.7297174721956253,1.1593018889427185,0.7524736404418946,1.33209617882967
2018-07-26,0.08209824711084365,1.2668558359146118,1.278605854511261,0.7337386727333068,1.4624448001384736
2018-07-27,0.08287419527769088,1.6207791671156884,1.2429311633110047,0.6956985712051391,0.9974893987178802
2018-07-30,0.08362372666597366,1.9568269565701484,1.1369845628738404,0.657447874546051,0.6490511000156403
2018-07-31,0.08442545682191849,2.0085281789302827,1.056419062614441,0.608306211233139,0.7094515085220336
2018-08-01,0.08442545682191849,1.5427882611751556,1.2272315859794616,0.5114112198352814,0.6747509717941285
2018-08-02,0.08442545682191849,1.1792148053646088,1.1948950648307801,0.39303417354822157,0.6193865180015564
2018-08-03,0.08442545682191849,0.9055020868778229,1.3027033686637879,0.29546659886837007,0.5519740283489227
2018-08-06,0.08442545682191849,0.7141111552715301,1.4442336559295654,0.20134387910366058,0.4619776487350464
2018-08-07,0.08442545682191849,0.8026307225227356,1.4962093353271484,0.12552257776260375,0.36711153388023376
2018-08-08,0.08442545682191849,0.7812486886978149,1.3533766269683838,0.09770093113183975,0.27890154123306277
2018-08-09,0.08442545682191849,0.7156053900718689,1.2608347535133362,0.09126322418451309,0.20806851536035537
2018-08-10,0.08442545682191849,0.7518365025520325,1.1225443840026856,0.08560828417539597,0.1531738042831421
2018-08-13,0.08442545682191849,0.7002126812934876,0.9920572400093078,0.6876487657427788,0.12198915034532547
2018-08-14,0.08442545682191849,0.626529747247696,0.9735028147697449,0.7092062935233117,0.1050883948802948
2018-08-15,0.08442545682191849,0.8582500398159028,1.1522132277488708,1.2198489516973496,0.09389166831970215
2018-08-16,0.08442545682191849,0.7915045559406281,1.2929356336593627,1.2720184102654457,0.09022361934185028
2018-08-17,0.08442545682191849,0.8067010939121246,1.4091768145561219,1.3992447167634965,0.0888661876320839
2018-08-20,0.08442545682191849,0.8451935827732087,1.5112228393554688,0.9279193311929703,0.08671244531869889
2018-08-21,0.08442545682191849,0.9129531383514404,1.5132923364639281,1.0255738496780396,0.08534511178731918
2018-08-22,0.08442545682191849,0.6896162986755371,1.4093554973602296,0.6315546274185181,0.0846466064453125
2018-08-23,0.08442545682191849,0.7718136429786682,1.3839136838912964,0.6853127360343934,0.0841635137796402
2018-08-24,0.08442545682191849,0.7353176832199096,1.335992455482483,0.802377438545227,0.08362372666597366
2018-08-27,0.08442545682191849,0.955720317363739,1.32775981426239,0.6964714288711548,0.08442545682191849
2018-08-28,0.08442545682191849,0.8214317724108696,1.2098476886749268,0.5966880202293396,0.08442545682191849
2018-08-29,0.08442545682191849,1.3177062913775444,1.2253507614135741,0.48867166638374326,0.08442545682191849
2018-08-30,0.08442545682191849,1.1907154679298402,1.2722224950790406,0.38760256916284563,0.08442545682191849
2018-08-31,0.08442545682191849,1.092370370030403,1.2820885896682739,0.14565208554267883,0.08442545682191849
2018-09-04,0.08442545682191849,0.7335049450397492,1.318861961364746,0.12125252932310104,0.08442545682191849
2018-09-05,0.08442545682191849,1.3001389995217323,1.3302714943885803,0.10060356557369232,0.08442545682191849
2018-09-06,0.08442545682191849,0.7007655397057533,1.2924044251441955,0.09158766418695449,0.08442545682191849
2018-09-07,0.08442545682191849,0.7615027904510498,1.1998575329780579,0.08752443641424179,0.08442545682191849
2018-09-10,0.08442545682191849,0.8430385082960129,1.1918573021888732,0.08652283102273942,0.08442545682191849
2018-09-11,0.08442545682191849,0.9075245082378387,1.0914360404014587,0.08532720357179642,0.08442545682191849
2018-09-12,0.08442545682191849,0.40242387652397155,1.0504592299461364,0.08454250246286392,0.08442545682191849
2018-09-13,0.08442545682191849,0.6911082923412323,1.0810349583625793,0.08389645516872406,0.08442545682191849
2018-09-14,0.08442545682191849,0.6384272038936615,1.0858152508735657,0.08452666103839875,0.08442545682191849
2018-09-17,0.08442545682191849,1.1017914593219758,1.1444213032722472,0.08436228036880493,0.08442545682191849
2018-09-18,0.08442545682191849,1.0828314125537872,1.1645066142082214,0.0848878026008606,0.6735852777957916
2018-09-19,0.08442545682191849,1.0860188901424408,1.2344690322875977,0.08584702014923096,0.6998226508498192
2018-09-20,0.08442545682191849,1.0138117969036102,1.1661630511283874,0.08650195449590684,0.7159110635519028
2018-09-21,0.08442545682191849,1.0338666588068008,1.1852754950523376,0.08594397008419037,0.7436544343829155
2018-09-24,0.08442545682191849,0.5239986330270767,1.1094040274620056,0.08535544574260712,0.7578591853380203
2018-09-25,0.08442545682191849,0.5067335039377212,1.0383811831474303,0.08488240838050842,0.18150176107883453
2018-09-26,0.08442545682191849,0.48190071880817414,1.0007604718208314,0.08448375165462493,0.16585809886455535
2018-09-27,0.08442545682191849,0.27069375813007357,1.0708338737487793,0.0842686951160431,0.1569739133119583
2018-09-28,0.08442545682191849,0.27903068661689756,1.0530837059020997,0.08423552364110946,0.13307891190052032
2018-10-01,0.08442545682191849,0.264849528670311,0.9738771677017212,0.08442545682191849,0.12155207097530366
2018-10-02,0.08442545682191849,0.25919869542121887,1.0612071990966796,0.7518918097019196,0.11034644693136215
2018-10-03,0.08442545682191849,0.22299622893333435,1.1587930917739868,0.7532920241355896,0.6873832926154136
2018-10-04,0.08442545682191849,0.7418634831905365,1.1861135959625244,0.7545678913593292,0.7121563121676445
2018-10-05,0.08442545682191849,1.1063266396522522,1.1343718409538268,0.7558460876345634,0.787341745197773
2018-10-08,0.08442545682191849,1.1299621254205703,1.1875530362129212,1.3282745987176896,0.8644004002213478
2018-10-09,0.08442545682191849,1.2373789846897125,1.1723618865013123,0.6935847461223602,1.1606436252593995
2018-10-10,0.6735852777957916,1.5508808076381684,1.2896705269813538,0.7058764949440957,0.6118865668773651
2018-10-11,1.1445566222071648,1.405009740591049,1.4444406628608704,1.1735491812229157,0.9220927655696869
2018-10-12,1.4558941155672074,1.2283788621425629,1.5551533937454223,1.1842537373304367,0.8603887259960175
2018-10-15,1.5203404322266578,1.4451321482658386,1.4918066382408142,0.6181814417243003,0.7894535064697266
2018-10-16,1.719269859790802,1.5429007530212402,1.5910141825675965,0.5911057233810425,0.49623504728078843
2018-10-17,1.1741148769855498,1.360075259208679,1.4278983235359193,0.5817811369895936,0.45961989015340804
2018-10-18,1.089269095659256,1.2543009996414185,1.3213939785957336,0.11736053377389907,0.11916579306125641
2018-10-19,0.8322167992591858,1.1134098529815675,1.2071140646934508,0.11001659780740738,0.10362271964550018
2018-10-22,0.9189003944396973,1.0285074949264525,1.3382928133010865,0.10706412643194199,0.09607640504837037
2018-10-23,0.8658876419067383,0.9683652639389038,1.3208645582199097,0.10415302217006683,0.09267041534185409
2018-10-24,1.1454011261463166,1.1386672258377075,1.30212504863739,0.10201107412576675,0.09123759716749191
2018-10-25,1.110623651742935,1.0874664306640625,1.2608891725540161,0.09956095218658448,0.0899296909570694
2018-10-26,1.2625703811645508,1.2556698083877564,1.2291895627975464,0.09597519189119338,0.08853811621665955
2018-10-29,1.173406457901001,1.4485963582992554,1.1333711862564086,0.09338789284229279,0.08761962801218033
2018-10-30,1.1952314376831055,1.4985625267028808,1.0780398845672607,0.09106563478708267,0.08665958046913147
2018-10-31,1.0610367059707642,1.3609333992004395,1.07390353679657,0.08815042376518249,0.086882384121418
2018-11-01,0.9058606386184692,1.296600341796875,0.996490478515625,0.7564633429050446,0.08847919255495071
2018-11-02,0.7401736915111542,1.3500111103057861,1.0246495008468628,0.7569086298346519,0.6569125160574913
2018-11-05,0.7808197319507599,1.056659424304962,1.0068135738372803,0.7570075273513794,0.6906426966190338
2018-11-06,0.6960228741168976,1.0367923855781556,0.9679344892501831,0.7584646716713905,0.7102991178631782
2018-11-07,0.7665048897266388,1.0250774145126342,1.0323588848114014,0.760814668238163,0.7370038717985153
2018-11-08,0.5934756517410278,0.9042932629585266,1.1329098463058471,0.09164293259382247,0.7561267942190171
2018-11-09,0.5866372883319855,0.8896524548530579,1.1424087285995483,0.6647650256752968,0.20010075271129607
2018-11-12,0.9548458278179168,1.088161325454712,1.1851552963256835,0.6967704087495804,0.1766277402639389
2018-11-13,0.9415980756282807,0.9666768133640289,1.3325260162353516,0.7076399803161622,0.16392004489898682
2018-11-14,0.8097322046756744,1.003335279226303,1.418541431427002,0.7326387524604797,0.14001533389091492
2018-11-15,0.9910129427909851,1.0905196607112884,1.4577191591262817,0.7483590990304947,0.12155207097530366
2018-11-16,0.9823506146669387,0.9198836505413055,1.529276704788208,0.18529550433158876,0.11034644693136215
2018-11-19,0.9437927037477494,0.9044137418270111,1.6583009719848634,0.16580107510089875,0.09998512715101242
2018-11-20,1.1532872945070267,1.1050172209739686,1.487334704399109,0.16511492431163788,0.0928480476140976
2018-11-21,1.1070143431425095,0.9958808541297912,1.4687809228897095,0.14546041190624237,0.08875032216310501
2018-11-23,1.0942483395338058,1.0539253950119019,1.471772813796997,0.1366532951593399,0.08539727181196213
2018-11-26,1.2396208584308623,1.0852437257766723,1.5396412372589112,0.12983556985855102,0.08317695260047912
2018-11-27,0.8657261371612549,0.9772415518760681,1.3554986715316772,0.11980056613683701,0.08213983923196792
2018-11-28,0.8003623485565186,0.8643277764320374,1.403595495223999,0.10935244858264923,0.08123839944601059
2018-11-29,0.7361192405223846,0.8327796816825866,1.3860613346099853,0.10463434904813766,0.08071180731058121
2018-11-30,0.6198741376399994,0.7676921248435974,1.302315616607666,0.09694928377866745,0.08063741624355317
2018-12-03,0.7234364449977875,0.8263889431953431,1.206530714035034,0.09158662110567092,0.08045923262834549
2018-12-04,1.1531041860580444,1.169752597808838,1.3334131717681885,0.0873906061053276,0.7487303078174591
2018-12-06,0.9972455620765686,1.0691129863262177,1.259437358379364,0.08489644676446914,0.7509648144245148
2018-12-07,1.314997136592865,1.3066325604915618,1.1225229382514954,0.0818341240286827,0.7530166298151016
2018-12-10,1.297120875120163,1.5319348990917205,1.0976061940193176,0.08063741624355317,0.7550443574786186
2018-12-11,1.1853523313999177,1.4839260637760163,1.0833296179771423,0.08045923262834549,0.7571386754512787
2018-12-12,0.8548676192760467,1.1369794189929963,1.061850106716156,0.08126395493745804,0.09078890532255172
2018-12-13,0.9462157785892487,1.207563078403473,1.1475821495056153,0.08209824711084365,0.09050889164209366
2018-12-14,0.903925496339798,1.2236347794532776,1.2076582193374634,0.08287419527769088,0.09036274701356888
2018-12-17,1.1739543676376343,1.149748718738556,1.1316121101379395,0.08362372666597366,0.09026930183172226
2018-12-18,1.079188734292984,1.0513967096805572,1.0921858429908753,0.08442545682191849,0.08978172391653061
2018-12-19,1.1916352927684783,1.1679737389087677,1.0580052256584167,0.08442545682191849,0.7505855441093445
2018-12-20,1.4068905770778657,1.3688957512378692,0.9677143812179565,0.7518918097019196,0.7510688975453377
2018-12-21,1.4622410237789154,1.3832725822925567,0.9909949541091919,0.7532920241355896,0.7522565677762032
2018-12-24,1.4631793677806855,1.4004861176013947,1.1889477968215942,1.4101120814681054,0.7534536361694336
2018-12-26,1.5641165494918823,1.513154923915863,1.3467836737632752,1.411979866027832,1.3156025737524033
2018-12-27,1.5075453519821167,1.468469488620758,1.3650221228599548,1.41517221480608,0.6921846538782119
2018-12-28,1.3258583784103393,1.328817355632782,1.4128788948059081,0.7508624538779258,0.7044894933700562
2018-12-31,1.1512801885604858,1.1899964690208436,1.3664306163787843,0.7526116266846656,0.7221804574131966
2019-01-02,0.9956385612487793,1.0526130080223084,1.2333964109420776,0.09883882254362106,0.7313457787036896
2019-01-03,1.131552505493164,1.1636702299118042,1.166356587409973,0.10013129711151122,0.6870980083942413
2019-01-04,1.121033525466919,1.1620008945465088,1.1687697172164917,0.09969162940979004,1.1497456550598144
2019-01-07,1.0938022494316102,1.1735339403152465,1.1190138697624206,0.0993507295846939,1.1796923488378526
2019-01-08,1.0832438349723816,1.1067722201347352,1.1563465476036072,0.09866639673709869,1.2614613890647888
2019-01-09,1.0622162580490113,1.0700815200805665,1.1924627661705016,0.09775083065032959,1.3574707567691804
2019-01-10,0.9121296048164368,0.9292991399765015,1.1878859162330628,0.09683090746402741,0.9254002392292022
2019-01-11,0.859836733341217,0.8545267820358277,1.209786880016327,0.09616602957248688,0.5035850882530213
2019-01-14,0.8555013418197632,0.7898051857948303,1.217935574054718,0.09515372663736343,0.5311441659927368
2019-01-15,0.8677531838417053,0.8571282863616944,1.1950302004814148,0.09493620246648789,0.49741385579109193
2019-01-16,0.7396225482225418,0.7224287778139115,1.1115141034126281,0.0948227658867836,0.44813741445541383
2019-01-17,0.618477538228035,0.5887291967868805,1.0947933316230773,0.09455210715532303,0.4242465138435364
2019-01-18,0.906561878323555,0.4623344153165817,1.1390756487846374,0.09445621967315673,0.39696553349494934
2019-01-22,1.2537507325410844,0.8348167270421982,1.1501994848251342,0.09395948201417922,0.3811794102191925
2019-01-23,1.1266761869192123,0.695253649353981,1.1750170946121217,0.09174512326717377,0.3440059989690781
2019-01-24,1.1698777794837951,0.7649761438369751,1.3185069561004639,0.08953693956136703,0.3121814429759979
2019-01-25,1.175674968957901,1.0730602711439132,1.3920651912689208,0.755033615231514,0.25939870774745943
2019-01-28,0.7869856894016266,1.4943622887134551,1.2675415873527527,0.7544419139623642,0.20903805941343306
2019-01-29,0.3350372135639191,1.0260252356529236,1.238553786277771,0.7544111296534538,0.1538527339696884
2019-01-30,0.6806278347969055,1.2010934412479402,1.2344794034957887,0.7556561544537544,0.12274236083030701
2019-01-31,0.6279267311096192,1.4971487820148468,1.2338183164596557,0.7571386754512787,0.09586928188800811
2019-02-01,0.602954912185669,1.1963434606790542,1.2336492776870727,0.09078890532255172,0.08566485643386841
2019-02-04,0.5611253291368484,1.157050982117653,1.3715516209602356,0.09050889164209366,0.08316977620124817
2019-02-05,0.5202458575367928,1.1211319059133529,1.5167428970336914,0.09036274701356888,0.08272705972194672
2019-02-06,0.13169679343700408,0.9152647167444229,1.553483486175537,0.09026930183172226,0.08296375721693039
2019-02-07,0.12314195036888123,1.0409299045801164,1.3970868587493896,0.08978172391653061,0.08338132500648499
2019-02-08,0.11529425680637359,1.077909880876541,1.3263681173324584,0.0894264116883278,0.08362372666597366
2019-02-11,0.11173543632030487,0.7562008619308471,1.2022070407867431,0.08911888152360917,0.08442545682191849
2019-02-12,0.7083929583430291,0.9805188417434693,1.1484630584716797,0.08854371756315231,0.08442545682191849
2019-02-13,0.7062061965465546,0.98340904712677,1.0576969265937806,0.08787287771701813,0.08442545682191849
2019-02-14,0.7023322001099587,0.517724871635437,1.0525901556015014,0.08765902370214462,0.08442545682191849
2019-02-15,1.334688673913479,0.5062460482120514,1.0555400609970094,0.08729634433984756,0.08442545682191849
2019-02-19,1.332465036213398,0.4815024256706238,0.9984704732894898,0.749822810292244,0.08442545682191849
2019-02-20,0.7332292959094048,0.2946756899356842,1.0224464178085326,0.7503425151109695,0.08442545682191849
2019-02-21,0.7348643407225609,0.30527484118938447,1.0657337069511414,1.320557953417301,0.08442545682191849
2019-02-22,0.7381407514214515,0.2946073204278946,1.147342324256897,1.3526280790567398,0.08442545682191849
2019-02-25,0.1049921303987503,0.2777696937322617,1.1766907215118407,1.3672967538237573,0.08442545682191849
2019-02-26,0.10693617910146713,0.24326454997062683,1.2230340123176575,0.7265734598040581,0.08442545682191849
2019-02-27,0.10797773003578186,0.20731970071792602,1.2111533522605895,0.7388685643672943,0.6735852777957916
2019-02-28,0.10698961764574051,0.1880534768104553,1.081275713443756,0.17782090306282045,0.6998226508498192
2019-03-01,0.1040840893983841,0.16257353127002716,1.0955278038978578,0.6657632291316986,0.7159110635519028
2019-03-04,0.10093261003494262,0.1325874775648117,1.1318702340126037,0.6924671232700348,0.7436544343829155
2019-03-05,0.09895879030227661,0.11351200342178344,1.1912260055541992,0.7839888811111451,0.7578591853380203
2019-03-06,0.09659159481525421,0.09938674420118332,1.0981879711151123,0.8870429635047913,0.18150176107883453
2019-03-07,0.09485170543193817,0.6883345201611519,1.2286614894866943,0.9823002815246582,0.16585809886455535
2019-03-08,0.09495967477560044,0.7105850204825401,1.263059949874878,0.7064261198043823,0.1569739133119583
2019-03-11,0.7419507026672363,1.2059164330363275,1.1797599792480469,0.7302218556404114,0.13307891190052032
2019-03-12,0.7417006835341453,1.2167926624417305,1.1749127864837647,0.6898446559906006,0.12155207097530366
2019-03-13,0.7431913256645203,1.227821135520935,1.2523425817489624,0.6262474954128265,0.11034644693136215
2019-03-14,0.7430779442191124,0.632861216366291,1.1638620257377625,0.923733776807785,0.09998512715101242
2019-03-15,0.7424841284751892,0.610157597064972,1.1291414856910706,0.7183088839054108,0.0928480476140976
2019-03-18,0.0946136623620987,0.11671585887670517,1.1485633492469787,0.7724128425121307,0.08875032216310501
2019-03-19,0.09361615926027297,0.10703507959842681,1.087764811515808,0.8113281667232514,0.08539727181196213
2019-03-20,0.09147917032241822,0.09777941703796386,1.020437204837799,0.8670624852180481,0.7546546846628189
2019-03-21,0.7478951543569565,0.7566100046038627,1.1614449262619018,0.5655492544174194,0.7565595522522927
2019-03-22,1.308616492152214,1.2923941493034363,1.2238593816757202,0.591646671295166,1.4232163220643996
2019-03-25,1.3447745323181153,1.3290617004036904,1.1510628938674927,0.5369856536388398,1.4259255811572076
2019-03-26,1.3537068530917167,1.387391448020935,1.242505419254303,0.49317505955696106,1.4282301187515258
2019-03-27,1.3678498655557632,1.453023660182953,1.4195158720016479,0.4455741882324219,0.75910032838583
2019-03-28,0.722438383102417,0.8558237910270691,1.4537992477416992,0.7039750456809998,0.7601124569773674
2019-03-29,0.16876318752765657,0.3779763340950012,1.3817636728286744,0.6704700648784637,0.0964357927441597
2019-04-01,0.7056119412183761,0.6364537358283997,1.459349274635315,0.691242802143097,0.6499711140990257
2019-04-02,0.7037296324968338,0.5961489707231522,1.3298328638076782,0.7125809907913208,0.6878267526626587
2019-04-03,0.6939953818917275,0.5571698188781739,1.1329040050506591,0.7240877866744995,0.6999633654952049
2019-04-04,0.6865448161959649,0.5111222058534622,1.0467649936676025,0.4372077703475952,0.7191051065921783
2019-04-05,0.6827294677495956,0.45470290035009386,1.1002501487731933,0.47815877199172974,0.7348151952028275
2019-04-08,0.11304420828819275,0.1616082265973091,1.0760053873062134,0.4536442577838898,0.19259926676750183
2019-04-09,0.10757140666246415,0.14473523199558258,1.1123403429985046,0.40419827699661254,0.16625661551952362
2019-04-10,0.10460646599531173,0.11957543641328812,1.1980724930763245,0.36242009699344635,0.1659087359905243
2019-04-11,0.10109234899282456,0.10109234899282456,1.205217683315277,0.7532616287469864,0.1528981328010559
2019-04-12,0.0979529544711113,0.0979529544711113,1.150888407230377,0.7128033220767975,0.14564172327518463
2019-04-15,0.09442302286624908,0.09442302286624908,1.145297396183014,0.7337350487709046,0.1387257307767868
2019-04-16,0.09213867932558059,0.09213867932558059,1.2145211219787597,0.7785245954990387,0.13268970996141433
2019-04-17,0.08970889002084732,0.08970889002084732,1.2167251586914063,0.8115650147199631,0.12439214438199997
2019-04-18,0.08806265145540237,0.08806265145540237,1.2120082139968873,0.41405817568302156,0.11739799380302429
2019-04-22,0.08591584414243698,0.08591584414243698,1.232211208343506,0.44652870297431946,0.10634423792362213
2019-04-23,0.08530382066965103,0.7494002670049668,1.255351710319519,0.4255969762802124,0.09885738790035248
2019-04-24,0.08536379039287567,0.7501866534352303,1.2921372652053833,0.38080742955207825,0.09094630181789398
2019-04-25,0.08561869263648987,0.7521412193775177,1.2877187967300414,0.34776701033115387,0.08489644676446914
2019-04-26,0.0855156049132347,0.7537476390600204,1.3060369491577148,0.30000903606414797,0.0818341240286827
2019-04-29,0.08594397008419037,0.7558030471205711,1.3444585800170898,0.23538121581077576,0.08063741624355317
2019-04-30,0.08535544574260712,0.0925270214676857,1.3122402667999267,0.17418030351400376,0.08045923262834549
2019-05-01,0.08488240838050842,0.0924477681517601,1.2096728086471558,0.13317360877990722,0.08126395493745804
2019-05-02,0.08448375165462493,0.09147917032241822,1.273840880393982,0.10181011557579041,0.08209824711084365
2019-05-03,0.0842686951160431,0.7478951543569565,1.271222472190857,0.08317695260047912,0.08287419527769088
2019-05-06,0.08423552364110946,0.7479162529110909,1.285326886177063,0.08213983923196792,0.08362372666597366
2019-05-07,0.6735852777957916,1.308851771056652,1.2641217470169068,0.08123839944601059,0.08442545682191849
2019-05-08,0.6998226508498192,1.3453914165496825,1.2490882754325867,0.08071180731058121,0.08442545682191849
2019-05-09,0.7159110635519028,1.3557039067149161,1.2015032172203064,0.08063741624355317,0.08442545682191849
2019-05-10,0.7436544343829155,0.7174044862389565,1.1954002737998963,0.08045923262834549,0.08442545682191849
2019-05-13,1.2660777479410172,1.2298381239175797,1.2064657092094422,0.7487303078174591,0.08442545682191849
2019-05-14,0.7228927165269852,1.0381335407495498,1.2942512154579162,0.7509648144245148,0.08442545682191849
2019-05-15,0.8196976870298386,1.3498653203248978,1.3911342382431031,0.7530166298151016,0.08442545682191849
2019-05-16,0.9264031976461411,1.3839054614305497,1.3852303504943848,0.7550443574786186,0.08442545682191849
2019-05-17,1.00615451335907,1.8086787283420562,1.3924918174743652,0.7571386754512787,0.08442545682191849
2019-05-20,0.5847766280174256,1.6383218586444854,1.2258342623710632,0.09078890532255172,0.08442545682191849
2019-05-21,0.6265645503997803,1.638826948404312,1.194175088405609,0.09050889164209366,0.08442545682191849
2019-05-22,0.5755538225173951,1.4731859028339387,1.202824103832245,0.09036274701356888,0.08442545682191849
2019-05-23,0.8726799607276916,1.7247841358184814,1.2212640643119812,0.09026930183172226,0.7518918097019196
2019-05-24,0.8062360882759094,1.3464795470237731,1.195215356349945,0.08978172391653061,0.7532920241355896
2019-05-28,0.8184466004371643,1.177142322063446,1.2922998666763306,0.0894264116883278,0.7545678913593292
2019-05-29,0.8399240612983704,0.9797505617141724,1.2161887288093567,0.08911888152360917,0.7558460876345634
2019-05-30,0.866945207118988,0.9666351079940796,1.211025059223175,0.08854371756315231,0.7571386754512787
2019-05-31,0.7869450449943542,0.9498773097991944,1.2643706679344178,0.7511094227433205,0.7479317128658295
2019-06-03,0.7891395092010498,1.2153500199317933,1.2347635626792908,1.4144922718405724,0.7483215749263763
2019-06-04,0.8620213627815246,1.312453830242157,1.2340856432914733,1.415761485695839,1.3045366749167442
2019-06-05,0.867645537853241,1.3375609636306762,1.338217520713806,1.4196036234498024,1.3410883769392967
2019-06-06,0.869597339630127,1.350709319114685,1.1946451187133789,1.4239103719592094,1.3500997856259347
2019-06-07,0.6301226615905762,1.23929283618927,1.0333223223686219,0.7645636066794396,0.7089532777667046
2019-06-10,0.6712589383125305,1.1365255832672119,1.0749533534049989,0.6537145122885704,0.7177699208259583
2019-06-11,0.5508151650428772,0.9005667746067048,0.9319503545761109,0.6877560839056969,0.1700316697359085
2019-06-12,0.45401571393013,0.8494367182254792,0.8978332042694092,0.694810189306736,0.14069802761077882
2019-06-13,0.35939780324697496,0.7610458791255951,1.024751114845276,0.7085351794958115,0.13884712755680084
2019-06-14,0.26216962188482285,0.6373193323612213,1.1239015460014343,0.7201917558908463,0.12885691225528717
2019-06-17,0.1798573076725006,0.4478131949901581,0.9949718475341797,0.17865105867385864,0.12555103302001952
2019-06-18,0.7545083820819855,0.8416305184364319,1.1419013857841491,0.15406270027160646,0.12212156504392624
2019-06-19,0.7407624498009682,0.6986059486865998,1.2228817343711853,0.1551818937063217,0.11848982274532319
2019-06-20,0.7353226318955421,0.6093902707099914,1.2164886355400086,0.701307499408722,0.11435144394636154
2019-06-21,0.7331357598304749,0.571222348511219,1.13414386510849,0.6950174778699875,0.6480612471699715
2019-06-24,0.7318037986755371,0.5369445368647575,1.2178432941436768,1.273857045173645,0.6720793977379799
2019-06-25,0.09190152883529663,0.660783676803112,1.1222676873207091,1.267204049229622,0.7395706534385681
2019-06-26,0.0883243203163147,0.7035943910479545,0.8790862262248993,1.2610151782631873,0.8147941336035729
2019-06-27,0.08828083127737045,0.7945963487029075,0.9540457904338837,0.7034605532884598,0.8908827662467956
2019-06-28,0.08818938583135605,0.8899441152811051,1.0979826867580413,0.6996121242642402,0.42166395783424376
2019-07-01,0.08891628086566924,1.2186411798000336,1.2378520667552948,0.6796190097928048,0.4590513050556183
2019-07-02,0.08956685364246368,0.6814769625663757,1.425389152765274,1.1016855463385582,0.4366490125656128
2019-07-03,0.0896377682685852,0.646477484703064,1.6982096433639526,1.1327544301748276,0.36040938794612887
2019-07-05,0.08928898125886917,0.5606068015098572,1.6155892610549927,1.5371962144970894,0.8475566953420639
2019-07-08,0.08886417001485825,0.4678856462240219,1.4657881140708924,1.5794377684593202,0.8111899644136429
2019-07-09,0.08799115121364594,0.1402098700404167,1.347404682636261,1.140199315547943,0.8306438773870468
2019-07-10,0.08729634433984756,0.12756606489419936,1.2712191224098206,0.9242189764976502,0.8683238476514816
2019-07-11,0.0869567111134529,0.11806834787130356,1.0144362807273866,0.9331858515739441,1.262591016292572
2019-07-12,0.0868008092045784,0.1088388055562973,1.0636094212532043,0.5756318688392639,0.7401435017585755
2019-07-15,0.08650195449590684,0.1009506031870842,1.1492078065872193,0.5697758853435516,0.8330077171325684
2019-07-16,0.08594397008419037,0.09548395574092865,1.1082945227622987,0.47953930497169495,0.8710141658782959
2019-07-17,0.08535544574260712,0.09284531325101852,1.024211847782135,0.6695200979709626,0.986411166191101
2019-07-18,0.08488240838050842,0.0893828585743904,1.2641382575035096,1.1872065782546997,0.6838618993759156
2019-07-19,0.08448375165462493,0.08659564405679702,1.3344343781471253,1.652834701538086,0.7357583403587341
2019-07-22,0.0842686951160431,0.08425376415252686,1.4449752926826478,1.6618341207504272,0.6763306975364685
2019-07-23,0.08423552364110946,0.08261496126651764,1.5535720348358155,1.6770130515098571,0.5705741941928864
2019-07-24,0.08442545682191849,0.08143631666898728,1.650028109550476,1.3550275683403015,0.37883088290691375
2019-07-25,0.08442545682191849,0.08246812522411347,1.5975165128707887,0.8617721378803254,0.2867090865969658
2019-07-26,0.08442545682191849,0.7482104584574699,1.4882892370224,0.4050444185733795,0.1912080630660057
2019-07-29,0.08442545682191849,0.7496398136019706,1.412993025779724,0.42003961801528933,0.12363754808902741
2019-07-30,0.08442545682191849,0.7514431908726692,1.2951748251914978,0.4302293658256531,0.10473780781030655
2019-07-31,0.6735852777957916,1.3255201891064643,1.1872602343559264,0.8262338519096375,0.09201928079128266
2019-08-01,0.6998226508498192,1.3568420171737672,1.12546466588974,1.1834898889064789,0.7477433815598488
2019-08-02,0.7159110635519028,1.1895315408706666,1.1396346926689147,1.2065099418163299,0.7495045483112335
2019-08-05,1.1958124712109566,1.5965119451284409,1.1775616526603698,1.4324026346206664,1.405019547045231
2019-08-06,1.5227582275867462,1.8632366329431533,1.30173819065094,1.384007865190506,1.4057764455676078
2019-08-07,1.0031985759735107,1.441497376561165,1.325454878807068,1.3280578911304475,1.4084351629018783
2019-08-08,1.1847179591655732,1.5746927738189698,1.3138235807418823,0.9153689384460449,0.7526635020971298
2019-08-09,1.2051055431365967,1.2220279216766357,1.337877917289734,0.8461226940155029,0.754360693693161
2019-08-12,1.120069408416748,1.1290771245956421,1.1729129910469056,0.571287813782692,0.7120578467845917
2019-08-13,1.1610475540161134,1.200891900062561,1.1205220103263855,0.5709311127662658,0.7132379174232483
2019-08-14,1.3062258064746857,1.2666208863258361,1.2145532488822937,0.16802356839179994,1.3103348463773727
2019-08-15,1.1568828701972962,1.1706466019153594,1.2448524832725525,0.1603301778435707,1.9435682743787766
2019-08-16,1.2960955440998077,1.191413253545761,1.1881539225578308,0.1471981257200241,1.9438680723309516
2019-08-19,1.1227739870548248,1.0643445909023286,1.2512122631072997,0.6906460106372834,1.8368640497326851
2019-08-20,0.8773278176784516,0.7869952559471131,1.2477914333343505,0.7190852671861648,2.2392865836620333
2019-08-21,0.7407534003257752,0.701133131980896,1.1590481758117677,0.7634723216295243,1.6536759942770005
2019-08-22,0.7629887878894805,0.7617119133472443,1.152562427520752,0.82848130017519,1.0383208513259887
2019-08-23,0.990738445520401,0.919794100522995,1.0996121168136597,1.1189553141593933,1.4798957407474518
2019-08-26,1.1642283260822297,1.1188242375850677,1.0950488567352294,0.5778480768203735,0.9943452268838883
2019-08-27,1.0920258939266205,1.1260645031929015,1.1217346668243409,0.5583114862442017,1.0282809644937516
2019-08-28,1.1638518929481507,1.1677637934684753,1.14667866230011,0.5274866670370102,1.0449970543384552
2019-08-29,1.2944440007209779,1.225612258911133,1.1654954195022582,0.4648294150829315,1.0550191849470139
2019-08-30,0.9150292813777924,0.9258202761411667,1.2653710842132568,0.17915455400943756,0.6373548179864883
2019-09-03,0.5726574897766114,0.5916532784700393,1.2136349081993103,0.7515119820833206,0.6437012493610382
2019-09-04,0.8473063468933105,0.8469965130090713,1.187278163433075,0.7272655546665192,0.23039680421352388
2019-09-05,1.2145488142967225,1.190768077969551,1.190941321849823,1.2693532973527908,0.6322151452302933
2019-09-06,1.029779076576233,1.0298708111047745,1.1743032336235046,1.2976667642593385,0.6801984995603562
2019-09-09,1.0302352368831635,1.0302352368831635,1.1546273112297059,1.345052143931389,0.9957859545946122
2019-09-10,1.0046485155820846,1.0046485155820846,1.24484384059906,0.8208570092916488,1.2384781390428543
2019-09-11,0.7089886903762818,0.7089886903762818,1.2589918851852417,0.8886986255645752,1.2903831422328949
2019-09-12,0.21465408205986022,0.21465408205986022,1.285545778274536,0.3886881828308105,1.0357538998126983
2019-09-13,0.2104823738336563,0.2104823738336563,1.3276291370391846,0.40620477199554444,1.2466258347034453
2019-09-16,0.20681802034378052,0.20681802034378052,1.2840515613555907,0.4227969527244568,1.1911827385425569
2019-09-17,0.19163689017295837,0.19163689017295837,1.2486177444458009,0.40230547785758974,1.0768798649311067
2019-09-18,0.17032361775636673,0.17032361775636673,1.252215576171875,0.3396088778972626,1.1693382620811463
2019-09-19,0.1559859558939934,0.1559859558939934,1.17902615070343,0.273125559091568,1.1606980919837953
2019-09-20,0.14121076017618178,0.6709381774067879,1.054104471206665,0.8170313656330108,1.0504356741905212
2019-09-23,0.12913549691438675,0.6989167258143425,1.0964484691619873,0.7490631937980652,0.809319132566452
2019-09-24,0.12636141628026962,1.138428343832493,1.0932812213897705,0.7040637463331223,0.8672218739986419
2019-09-25,0.1232476457953453,1.4892393797636032,1.0803164005279542,1.265513613820076,1.209708136320114
2019-09-26,0.11945421099662781,1.5341736197471618,1.0132877945899963,1.294430074095726,1.0956755042076112
2019-09-27,0.117029470205307,1.3434730410575866,1.0213558554649353,0.7616748481988906,1.062635111808777
2019-09-30,0.11054235100746154,1.3515885174274445,1.0322980761528016,1.122658684849739,1.1631360352039337
2019-10-01,0.6700882196426392,1.0450943171977998,1.0973482012748719,1.1586011409759522,1.0988150656223297
2019-10-02,1.0983243063092232,1.0025123059749603,1.033798098564148,0.7816867351531982,0.7394479930400848
2019-10-03,1.1343004137277604,1.259699523448944,1.183158314228058,0.8931771099567414,0.8349640607833863
2019-10-04,1.3126194685697556,1.1506744742393493,1.3120450139045716,0.9319089174270629,0.8149030804634094
2019-10-07,1.3702179610729217,1.2362155199050904,1.391895592212677,0.6488032460212707,0.79135103225708
2019-10-08,1.152715367078781,1.4060744166374206,1.2887642860412598,0.693848991394043,0.7251834392547607
2019-10-09,0.7804221868515014,1.1515485525131226,1.3767109513282776,0.5795165121555328,0.5944464206695557
2019-10-10,0.9001671254634858,1.0033466696739197,1.3522661805152894,0.49053261876106263,0.8917442440986634
2019-10-11,0.8858562767505646,0.9398370385169983,1.3120099663734437,0.43207697868347167,1.1435892701148986
2019-10-14,0.9366970360279083,0.9363210558891296,1.2318207383155824,0.37900823950767515,1.0668291687965392
2019-10-15,0.7096582353115082,0.8166294693946838,1.3174590110778808,0.3148564636707306,1.3000677227973938
2019-10-16,0.751913321018219,0.7884452760219574,1.2642438888549805,0.24839859902858735,1.3369772613048554
2019-10-17,0.6848167538642883,0.7389849483966827,1.2852641344070435,0.20065191984176636,1.0430336892604828
2019-10-18,0.5869589388370514,0.6423209428787231,1.1855204701423645,0.15889814645051956,0.8184818923473358
2019-10-21,0.5214333713054657,0.5565210461616517,1.1654362320899962,0.1297665923833847,0.9158953249454498
2019-10-22,0.43198744058609007,0.4187416315078735,1.1654644846916198,0.11085652112960816,0.7442543089389801
2019-10-23,0.3562400132417679,0.41699206829071045,1.1852920651435852,0.09987123906612397,0.8108649492263794
2019-10-24,0.28587340712547304,0.3293145775794983,1.1640816569328307,0.0903439924120903,0.7870198130607605
2019-10-25,0.22958036065101622,0.2763293534517288,1.2783320903778077,0.08393920063972474,0.7458152294158935
2019-10-28,0.1902913361787796,0.23326802253723145,1.2588558912277221,0.08332627713680267,0.6944305300712585
2019-10-29,0.16301625967025757,0.1845440834760666,1.2525740385055542,0.08306125700473785,0.624692040681839
2019-10-30,0.13687884658575059,0.16020717173814775,1.2832650423049927,0.08252353817224503,0.8223683774471283
2019-10-31,0.11420081555843353,0.14091620296239854,1.2630085468292236,0.08315912932157517,1.3185200273990632
2019-11-01,0.09931373000144958,0.11814513504505157,1.23884174823761,0.08372942507266998,1.2138046026229858
2019-11-04,0.0928599402308464,0.10867085754871368,1.2886402130126953,0.0842686951160431,1.696254563331604
2019-11-05,0.08506603986024856,0.10094331055879593,1.1974350214004517,0.6733953446149826,1.9818959295749665
2019-11-06,0.08413065522909165,0.0955294355750084,1.180912184715271,0.6998226508498192,1.7109391391277313
2019-11-07,0.08377721905708313,0.09143036305904388,1.0528656721115113,1.2110802978277206,1.3664130389690399
2019-11-08,0.08351709395647049,0.09114048033952712,1.0697137832641601,1.2624154642224312,1.4145076513290404
2019-11-11,0.08409319072961807,0.09057465344667434,1.1303228855133056,1.3888658225536346,1.0085159301757813
2019-11-12,0.08448375165462493,0.08953693956136703,1.170177960395813,0.9311547100543975,0.8122718334197998
2019-11-13,0.0842686951160431,0.08756726235151291,1.0854130387306213,1.0255738496780396,0.9322360157966614
2019-11-14,0.08423552364110946,0.08557534664869308,1.0997427940368651,0.6315546274185181,0.8188945293426514
2019-11-15,0.08442545682191849,0.0842686951160431,1.108593511581421,0.6853127360343934,0.9221993446350097
2019-11-18,0.08442545682191849,0.08423552364110946,1.1503875970840454,0.6490516185760498,0.9036104917526245
2019-11-19,0.08442545682191849,0.08442545682191849,1.1823731660842896,0.583508986234665,0.868744170665741
2019-11-20,0.08442545682191849,0.08442545682191849,1.0960265219211578,0.5081878244876862,0.913814127445221
2019-11-21,0.08442545682191849,0.08442545682191849,1.158160263299942,0.4156544774770737,0.784199696779251
2019-11-22,0.08442545682191849,0.08442545682191849,1.2038120806217194,0.3245158851146698,0.6764550864696502
2019-11-25,0.08442545682191849,0.7518918097019196,1.0723395645618439,0.23956135511398316,0.5618770301342011
2019-11-26,0.08442545682191849,0.7532920241355896,1.077225261926651,0.1779113605618477,0.4613546371459961
2019-11-27,0.08442545682191849,0.7545678913593292,1.3327476620674132,0.13409007638692855,0.27713488340377807
2019-11-29,0.08442545682191849,0.7558460876345634,1.344772756099701,0.11101841777563096,0.24441414326429367
2019-12-02,0.08442545682191849,1.3282745987176896,1.2739999651908875,0.09752488136291504,0.7621536061167717
2019-12-03,0.08442545682191849,0.6935847461223602,1.3376386284828186,0.09358038455247879,1.13371694535017
2019-12-04,0.08442545682191849,0.7058764949440957,1.3798139929771422,0.0894943743944168,1.4007571324706078
2019-12-05,0.08442545682191849,0.7258355170488358,1.2874987959861754,0.0872307762503624,1.4151390358805656
2019-12-06,0.08442545682191849,1.2596341758966445,1.3359111547470093,0.0847956269979477,1.5447252094745636
2019-12-09,0.08442545682191849,0.7000668972730637,1.4004895448684693,0.08433448076248169,1.0917393863201141
2019-12-10,0.08442545682191849,0.6728292003273963,1.3643521070480347,0.08304426670074463,0.7899945676326752
2019-12-11,0.08442545682191849,0.6637003362178803,1.3037370204925538,0.08287419527769088,0.5735440194606781
2019-12-12,0.08442545682191849,0.6466492488980293,1.2923761367797852,0.08362372666597366,0.9108769297599792
2019-12-13,0.08442545682191849,0.11638243347406388,1.2982905626296997,0.08442545682191849,1.1630229115486146
2019-12-16,0.08442545682191849,0.10692289769649506,1.2325392246246338,0.08442545682191849,1.1864352226257324
2019-12-17,0.08442545682191849,0.10418710261583328,1.1523003935813905,0.08442545682191849,1.212891411781311
2019-12-18,0.08442545682191849,0.10196691006422043,1.074345636367798,0.08442545682191849,1.2477047085762023
2019-12-19,0.08442545682191849,0.09987921714782715,1.1100764274597168,0.08442545682191849,0.97211195230484
2019-12-20,0.08442545682191849,0.0960913673043251,1.1127514123916626,0.08442545682191849,0.6888674139976502
2019-12-23,0.08442545682191849,0.0936819925904274,1.1178380727767945,0.08442545682191849,0.6369281768798828
2019-12-24,0.08442545682191849,0.09125183522701263,1.1792739987373353,0.08442545682191849,0.578445440530777
2019-12-26,0.08442545682191849,0.08820041120052338,1.2601558685302734,0.08442545682191849,0.5235902965068817
2019-12-27,0.08442545682191849,0.0855126678943634,1.1625970482826233,0.08442545682191849,0.46115669012069704
2019-12-30,0.08442545682191849,0.0838376298546791,1.1663494944572448,0.08442545682191849,0.39569454789161684
2019-12-31,0.08442545682191849,0.08244231939315796,1.350468361377716,0.08442545682191849,0.3355072408914566
2020-01-02,0.08442545682191849,0.7446414694190026,1.4229758381843567,0.08442545682191849,0.7945171684026718
2020-01-03,0.08442545682191849,0.746327830851078,1.5325182318687438,0.7518918097019196,1.4026238292455673
2020-01-06,0.08442545682191849,0.7484555810689926,1.6317810535430908,1.4188241526484489,1.3565980687737464
2020-01-07,0.08442545682191849,0.7503715589642524,1.4681089997291565,1.4207142516970634,1.3198115944862365
2020-01-08,0.08442545682191849,0.7520671352744103,1.3084206461906434,1.4239475905895234,1.294891209900379
2020-01-09,0.08442545682191849,0.09061171710491181,1.3114829897880553,1.4272441774606706,0.7634039208292961
2020-01-10,0.08442545682191849,0.0907540738582611,1.075637948513031,0.7629443377256393,0.09795420169830323
2020-01-13,0.08442545682191849,0.7480214193463326,1.076784908771515,0.09904860854148864,0.09934401512145996
2020-01-14,0.08442545682191849,0.7485274091362953,1.092678141593933,0.10024660974740982,0.10060865134000778
2020-01-15,0.08442545682191849,0.749846562743187,1.036262607574463,0.1002617672085762,0.10054885298013687
2020-01-16,0.08442545682191849,0.7513985499739647,0.934218955039978,0.09984127134084701,0.09990651458501816
2020-01-17,0.08442545682191849,0.7530296683311463,1.1176653146743774,0.09905092567205429,0.09936660826206208
2020-01-21,0.08442545682191849,0.09657606482505798,1.063978409767151,0.09846726804971695,0.739680103957653
2020-01-22,0.08442545682191849,0.09715643525123596,1.178558874130249,0.09764728099107742,0.7381755694746971
2020-01-23,0.08442545682191849,0.09707072973251343,1.1751611709594727,0.09635362029075623,0.7395884186029434
2020-01-24,0.08442545682191849,0.0967555046081543,1.1352697491645813,0.0956004798412323,0.7416043668985367
2020-01-27,0.6735852777957916,0.6615882694721222,1.101456844806671,0.09521857053041458,1.3568538933992387
2020-01-28,1.1041930243372917,1.0713392972946167,1.3097421765327453,0.09477802962064744,0.7165107235312462
2020-01-29,1.1136591523885726,1.0798823162913322,1.1651449739933013,0.09501262605190278,0.7211268439888954
2020-01-30,1.1239657714962958,1.0918174535036087,1.241733342409134,0.09531082361936569,0.7237131267786026
2020-01-31,1.6824303925037385,1.6197294861078262,1.4265635192394257,0.09507306665182114,0.7254691228270531
2020-02-03,1.1373777568340302,1.4266044288873672,1.4527374446392058,0.09450173676013947,0.11103124022483826
2020-02-04,0.913806027173996,1.3761026054620742,1.3587585866451264,0.6852590858936309,0.6691901907324791
2020-02-05,1.3283764958381652,1.4026034206151963,1.6210708618164062,0.7089937493205071,1.0588429376482964
2020-02-06,1.356534743309021,1.425774919986725,1.6771697521209716,0.7228291288018227,1.1070555001497269
2020-02-07,0.8254323661327362,0.9207001805305481,1.5503475427627564,0.7486873060464859,1.2818106189370155
2020-02-10,0.8043248891830445,0.973802673816681,1.5166308164596558,0.761469128727913,1.3610494673252105
2020-02-11,0.6155746191740036,0.620584437251091,1.3042501926422119,0.18150176107883453,0.9041806876659393
2020-02-12,0.20302894115447997,0.5912874594330788,1.240002489089966,0.16585809886455535,0.5980493128299713
2020-02-13,0.17494963705539704,0.5623956099152565,1.132120394706726,0.1569739133119583,0.6275386691093445
2020-02-14,0.15404213815927506,0.545296436548233,1.141951084136963,0.13307891190052032,0.5134592175483703
2020-02-18,0.13590995967388153,0.12511823773384095,1.1267807006835937,0.7489543825387954,0.4861644089221954
2020-02-19,0.12144113332033157,0.12385688573122025,1.2558655738830566,0.7415159672498703,0.4199737012386322
2020-02-20,0.11415236294269562,0.12480903267860413,1.231833243370056,0.7315623864531517,0.3529117554426193
2020-02-21,0.6805177450180053,0.6597395777702332,1.169618833065033,1.3913258358836174,0.2865981817245483
2020-02-24,1.0569253757596015,0.9955726817250252,1.1153449058532714,1.390315194427967,0.7262474179267884
2020-02-25,1.4341578304767608,1.3312004044651986,1.1097951650619506,1.3333761170506477,0.674020804464817
2020-02-26,1.4873264655470848,1.3865449875593185,1.236350655555725,1.3649237290024758,0.6363119125366211
2020-02-27,1.785870087146759,1.6733979344367982,1.359536385536194,1.4272494435310363,1.261757430434227
2020-02-28,1.2936784863471984,1.208282995223999,1.4418168663978577,1.1240702748298645,1.9028474986553192
2020-03-02,1.088988435268402,1.0369031071662902,1.6149590015411377,1.1649387240409852,1.4009093314409256
2020-03-03,0.9858861804008484,0.9866052746772767,1.7429338932037353,0.7861908793449401,1.994844265282154
2020-03-04,1.2071919918060303,1.1995529174804687,1.6796457767486572,0.8877753853797913,2.51919330060482
2020-03-05,1.1924806594848634,1.1689971446990968,1.642043685913086,1.0599720120429992,2.3170759052038195
2020-03-06,1.4850767612457276,1.4467523455619813,1.6403998851776123,0.735324102640152,2.1956397384405135
2020-03-09,1.6831161975860596,1.635370707511902,1.554904866218567,0.7245274424552918,2.7219479084014893
2020-03-10,1.5780550003051759,1.5485241889953614,1.4136253356933595,0.9888746619224549,2.6108703136444094
2020-03-11,1.555405330657959,1.528754186630249,1.4137820243835448,0.9061440706253052,2.3982516050338747
2020-03-12,1.6258980751037597,1.6219357013702393,1.3141715764999389,1.0011641263961792,2.023602044582367
2020-03-13,1.4226388216018677,1.439520263671875,1.2428925037384033,1.2913072645664214,1.87716406583786
2020-03-16,1.2946990489959718,1.3266292095184327,1.2547245025634766,1.5883378267288208,1.678342044353485
2020-03-17,1.315704607963562,1.315704607963562,1.2197718024253845,1.4186771631240844,1.5397712588310242
2020-03-18,1.3029191493988037,1.3029191493988037,1.132190191745758,1.6192744016647338,1.4832522988319397
2020-03-19,1.063322949409485,1.063322949409485,1.1366340517997742,1.6364209651947021,1.6972460985183715
2020-03-20,1.1511898517608643,1.1511898517608643,1.1304330587387086,1.5359359502792358,1.4940324068069457
2020-03-23,1.2153049945831298,1.0343328356742858,1.0307607531547547,1.3743845105171204,1.362457799911499
2020-03-24,1.206831407546997,0.9873509883880616,1.0448039054870606,1.265271282196045,1.2743656158447265
2020-03-25,1.1216148495674134,0.949556040763855,0.972036600112915,1.311060333251953,1.169221007823944
2020-03-26,1.1684283018112183,0.9871232628822326,0.9579076766967773,1.3092968463897705,1.127570879459381
2020-03-27,1.157446026802063,0.9916452050209046,1.046333944797516,1.2191295385360719,1.0871602654457093
2020-03-30,1.1552886247634888,1.1889159440994264,1.0839205503463745,1.2425121903419494,0.9868896484375
2020-03-31,1.2078686475753784,1.2192580223083496,1.115278434753418,1.3361130952835083,0.9266595363616943
2020-04-01,1.3128922820091247,1.2752720355987548,1.1902226448059081,1.1073084950447083,0.946480679512024
2020-04-02,1.4129218101501464,1.4506379961967468,1.1922538042068482,0.9262314915657044,0.7529802739620208
2020-04-03,1.38982253074646,1.4649149298667907,1.186671543121338,0.9405372858047485,0.7358247339725494
2020-04-06,1.3761171102523804,1.4832154393196106,1.240081214904785,0.9132618069648742,0.7325487315654755
2020-04-07,1.3520034074783325,1.443948495388031,1.2057645678520204,0.7209178268909454,0.9099752128124237
2020-04-08,1.2396077394485474,1.343055212497711,1.222715938091278,0.815949672460556,0.8167926371097565
2020-04-09,1.1685444593429566,1.0780886709690094,1.302679216861725,0.8310846269130707,0.945046317577362
2020-04-13,1.0339967489242554,0.9713052570819855,1.3507888197898865,1.1715851366519927,1.001033568382263
2020-04-14,0.9012309432029724,1.0332483351230621,1.3724436640739441,1.0599874079227447,1.0572083830833434
2020-04-15,0.9644752383232117,1.2053094804286957,1.3490512490272522,1.0325761318206788,0.8815142273902893
2020-04-16,0.9250994324684143,1.4158465087413787,1.359945547580719,0.9136248350143432,1.2718176007270814
2020-04-17,0.8959916591644287,1.4140082240104674,1.351691687107086,1.1167269468307495,1.5721673130989076
2020-04-20,1.059605073928833,1.5806596398353576,1.2219876050949097,0.7180889010429382,1.4429750204086305
2020-04-21,1.0839786171913146,1.3935632348060607,1.0838818192481994,0.7505735397338867,1.5391761898994445
2020-04-22,1.0984238266944886,1.3972893357276917,1.1669223308563232,0.941896665096283,1.7655458331108094
2020-04-23,1.1301671981811523,1.1437835216522216,1.2192852973937989,0.9193516939878463,1.354741734266281
2020-04-24,1.1144739270210267,1.2290656566619873,1.2219367742538452,0.5663999795913697,0.9684980094432831
2020-04-27,1.1440392136573792,0.9870410323143005,1.3432783484458923,0.4961213082075119,1.267872005701065
2020-04-28,1.0506329178810119,1.0755571722984314,1.3747507572174071,0.4395382583141327,1.3991018116474152
2020-04-29,0.9533056616783142,1.0955980896949769,1.3989648580551148,0.2214080959558487,1.1064160883426666
2020-04-30,0.9163064599037171,1.0941877603530883,1.2755143284797668,0.6662527859210968,1.3509041309356689
2020-05-01,1.085582935810089,1.2174140572547913,1.1260105609893798,0.6999623447656631,1.3207948088645936
2020-05-04,0.9215813636779785,1.4417296171188354,1.074463438987732,0.7482306599617005,1.1431825280189514
2020-05-05,0.9654416561126709,1.3894350290298463,1.2013322353363036,0.8054429322481156,0.943151593208313
2020-05-06,0.9201847791671753,1.1391672372817994,1.1313748836517334,1.1453828871250153,1.0813032627105712
2020-05-07,1.0087831616401672,1.1989718079566956,1.1939505457878112,1.0668587267398835,1.1328713178634644
2020-05-08,1.1187875866889954,1.3104142785072326,1.3526251554489135,1.0913319170475007,1.3731784701347352
2020-05-11,1.0344819664955138,1.0627040565013885,1.406479787826538,1.1401248216629027,1.2699012756347656
2020-05-12,1.2913979649543763,1.1756808698177337,1.2775213360786437,1.1800354242324829,1.2442476272583007
2020-05-13,1.389883291721344,1.3260802924633026,1.2330983877182007,0.9298541188240051,1.1061016201972962
2020-05-14,1.5501405596733093,1.4975034534931182,1.2312222957611083,0.6487388968467712,0.9358970046043396
2020-05-15,1.2195154309272767,1.2051585495471955,1.2176811933517455,0.6548525571823121,0.8071787595748902
2020-05-18,1.3476994037628174,1.2917105555534363,1.213114857673645,0.5691572844982147,1.0134543776512146
2020-05-19,1.3031576871871948,1.0070720672607423,1.2169278025627137,0.47479250133037565,0.9215566337108612
2020-05-20,1.3991318464279174,1.0058233737945557,1.2979940176010132,0.37486726343631743,0.9621079742908478
2020-05-21,1.1008287250995636,0.9770475149154663,1.2660783052444458,0.8337871462106705,0.9400604069232941
2020-05-22,1.127249926328659,0.9948166131973266,1.2058216094970704,0.7733742207288742,0.9257954299449921
2020-05-26,1.1652956187725068,0.9954619407653809,1.04545339345932,1.0684798270463944,0.9259865462779999
2020-05-27,1.256892102956772,1.0848398089408875,1.1127616047859192,1.0804019272327423,0.9173149466514587
2020-05-28,0.9438242435455322,0.9917057871818542,1.096103274822235,1.2065786361694335,0.9117741227149964
2020-05-29,0.9307606875896454,0.8838022589683533,1.1250786900520324,0.7772957563400269,0.9169713020324707
2020-06-01,0.8556162476539612,0.8281890869140625,1.1286100268363952,0.8777941167354584,0.9090677976608277
2020-06-02,0.7056933760643005,0.7394908726215362,1.2327677249908446,0.6772725999355316,0.7749189138412476
2020-06-03,0.5783519625663758,0.6195209383964538,1.2689686298370362,0.952107048034668,1.0100507378578185
2020-06-04,0.5956507802009583,0.528390896320343,1.1920727014541626,1.1363501787185668,1.2368392109870912
2020-06-05,0.8829399943351746,0.6288329482078552,1.2172617673873902,1.2585108041763307,1.139562052488327
2020-06-08,1.292057353258133,0.5842206358909607,1.1856553077697753,1.4223930597305299,1.141384083032608
2020-06-09,1.2681747525930405,0.5268076956272125,1.1118179440498352,1.4237979531288147,1.174204009771347
2020-06-10,0.9902638524770737,0.9354078531265259,1.0406253695487977,1.2866435885429381,1.1718725621700288
2020-06-11,1.3390975266695022,1.3922914028167725,1.0574244737625123,1.063212811946869,1.1502706944942473
2020-06-12,1.3848843842744827,1.1372224986553192,1.066856598854065,0.9135143280029296,1.1241367995738982
2020-06-15,0.9625517398118972,1.524853092432022,1.139712882041931,0.7150991082191467,1.005817723274231
2020-06-16,1.2920304536819458,2.0461192786693574,1.2569277882575989,0.6581019222736358,1.3233521342277528
2020-06-17,1.2895913600921631,1.5930233031511307,1.1477384328842164,0.5443470001220703,1.085862010717392
2020-06-18,0.9274658620357513,1.104024749994278,1.2461974501609803,0.4857563734054565,0.9186864793300629
2020-06-19,0.5835464686155319,1.064135777950287,1.2303379893302917,0.7643988013267518,0.9572054147720337
2020-06-22,0.5808551341295243,1.1645345568656922,1.1865461468696594,0.6720073968172073,1.0240622341632843
2020-06-23,0.2535398006439209,0.6401879727840424,1.2116188168525697,0.6031831219792366,0.6015475153923034
2020-06-24,0.6814954519271851,1.1080416291952133,1.311984372138977,0.5407009407877922,0.8909256041049958
2020-06-25,1.012638646364212,1.1536254465579987,1.2847567558288575,0.5000884339213372,0.6969631612300873
2020-06-26,1.3820781260728836,1.5849542677402497,1.2615581274032592,0.11347873955965042,1.0516781032085418
2020-06-29,1.701367399096489,1.4540283739566804,1.2599360942840576,0.11212394088506698,0.9618288606405259
2020-06-30,1.9753350973129273,1.7210658311843872,1.254920744895935,0.11290116161108017,0.9050828963518143
2020-07-01,1.5609484791755677,1.6269747018814087,1.3357486248016357,0.11434060335159302,0.5944234997034072
2020-07-02,1.2699662923812867,1.6027108609676362,1.387325382232666,0.11535356789827347,0.6077887505292893
2020-07-06,1.1568904161453246,1.4770533263683319,1.3528743505477905,0.11243094801902771,0.19958198368549346
2020-07-07,1.2742152214050293,1.1401462256908417,1.267699956893921,0.11003740727901459,0.6331474184989929
2020-07-08,1.0268011748790742,1.2134779393672943,1.2127591848373414,0.10452255457639695,0.6337790042161942
2020-07-09,1.0819928348064423,0.8773898720741272,1.117635726928711,0.09913898408412933,1.1311258941888809
2020-07-10,1.2302851498126983,0.8823751270771026,1.0790074586868286,0.09409259557723999,1.1105757787823678
2020-07-13,0.9666193962097168,0.9482055246829987,1.0860217094421387,0.09119384586811066,1.0914763405919075
2020-07-14,0.845438289642334,1.009802907705307,1.1787693500518799,0.08818379491567611,0.6551367893815041
2020-07-15,0.8039085507392884,0.7318934738636017,1.2529708862304687,0.0872656136751175,0.6453522965312004
2020-07-16,0.7231358796358108,0.7715217709541321,1.191132652759552,0.08650195449590684,0.13203206807374954
2020-07-17,0.5295151680707931,0.8230741381645202,1.2078193545341491,0.08594397008419037,0.13802087306976318
2020-07-20,0.5432950109243393,0.6729257941246033,1.3094759583473206,0.08535544574260712,0.13873210549354553
2020-07-21,0.2365854412317276,1.0119381427764893,1.2499955296516418,0.7523487612605095,0.13738847970962526
2020-07-22,0.27371613681316376,1.0100452423095703,1.169429647922516,1.4188824474811554,0.13612948060035707
2020-07-23,0.6674877345561981,1.2098759889602662,1.2328907012939454,1.4205574899911881,0.7135094434022904
2020-07-24,0.7100070655345917,1.1970374047756196,1.2148941278457641,1.4237576574087143,0.7053592205047607
2020-07-27,0.7736704826354981,1.130234283208847,1.1830028772354126,2.0571033641695977,0.7019315212965012
2020-07-28,0.8082760214805603,1.0755180060863494,1.2209558963775635,1.3922674387693406,0.6971319064497947
2020-07-29,1.0609361410140992,1.357435828447342,1.2207164525985719,0.7307900577783585,0.6928879126906395
2020-07-30,0.6650776982307434,1.1402959048748016,1.2908946752548218,0.734663212299347,0.10774963051080703
2020-07-31,0.6254501402378082,1.2423277258872987,1.290515375137329,0.7374428853392601,0.10814208537340164
2020-08-03,0.5547022223472595,1.4042893052101135,1.1244989514350892,0.10989634245634079,0.10703727602958679
2020-08-04,0.49996145963668825,1.0594935029745103,1.1666178584098816,0.7184311032295227,0.10640283524990082
2020-08-05,0.20012244433164597,0.7787849873304367,1.2410203099250794,0.717184790968895,0.10313228070735932
2020-08-06,0.1860968813300133,0.9913948148488998,1.2770491242408752,1.2928984627127647,0.09967675805091858
2020-08-07,0.1574824944138527,1.2573137372732162,1.3376482844352722,1.8207459419965744,0.09601591676473617
2020-08-10,0.12735699862241745,0.9949052602052688,1.4120485305786132,1.8682591766119003,0.09195510298013687
2020-08-11,0.10633548349142075,1.3655911028385161,1.2986685514450074,1.755064806342125,0.6704079240560532
2020-08-12,0.7682278215885162,1.659303468465805,1.224214005470276,1.815870475769043,0.701605549454689
2020-08-13,0.7632669806480408,1.441520529985428,1.0635891914367677,1.4628267288208008,1.1929786950349808
2020-08-14,0.7593664452433586,1.1620273768901825,0.9904270648956299,0.9617482244968414,1.242160151898861
2020-08-17,0.7584868758916855,1.2616567730903625,1.0772424936294556,1.2141571164131164,1.366414201259613
2020-08-18,0.757797920703888,0.8982799172401428,1.0744880199432374,0.7392790138721466,0.9060415148735046
2020-08-19,0.08899067342281342,0.6146806955337525,0.9980389952659607,1.162711215019226,0.9830118954181671
2020-08-20,0.08837854266166686,0.7981368422508239,1.0549903750419616,0.9956498146057129,0.5914045035839081
2020-08-21,0.09007496833801269,0.6716975808143616,1.0160011172294616,1.0615133106708527,0.6465036511421204
2020-08-24,0.7330790266394616,0.5563759922981262,0.9428152441978455,0.8706309616565704,0.6118842840194703
2020-08-25,0.7341003358364105,0.5661689460277557,1.0946394801139832,0.966945469379425,0.5561053812503814
2020-08-26,0.7363880798220634,0.8697246849536896,1.2243223428726195,0.7052168011665344,0.4918085515499115
2020-08-27,0.7379528105258941,0.6417606592178344,1.2545984506607055,1.0829795718193054,0.8578842222690582
2020-08-28,0.7380629017949104,0.6247556746006012,1.3538576364517212,1.3793657302856446,0.7907630860805511
2020-08-31,0.096689011156559,0.5886345446109772,1.5239410877227784,1.292117068171501,0.809066790342331
2020-09-01,0.09731192141771317,1.0688961029052735,1.494849681854248,1.3113322466611863,0.9603301405906677
2020-09-02,0.7380687236785889,0.6884674191474914,1.575640869140625,1.3891846150159837,0.9706237971782684
2020-09-03,1.2961413636803627,1.1736571729183196,1.5128896594047547,1.0157528311014175,0.5963358938694
2020-09-04,1.3356362268328668,1.4710078477859496,1.6268690943717956,0.7879136234521866,0.9168510496616363
2020-09-08,1.8649398431181907,1.7729267477989197,1.6419192671775817,0.9157991111278534,0.8515309512615203
2020-09-09,2.255408006906509,1.6079692244529724,1.7541788458824157,0.9249548017978668,0.7717244803905488
2020-09-10,1.989696103334427,1.9721879243850708,1.7531312346458434,0.7330950558185577,0.8388516783714295
2020-09-11,1.491209590435028,1.546181559562683,1.9384610652923584,0.7786008477210998,0.8551969051361084
2020-09-14,1.6179148256778717,1.384457290172577,1.8014091968536377,0.7375413179397583,0.566435819864273
2020-09-15,1.2292926967144013,1.320107901096344,1.6809561491012572,0.6922706723213196,0.5952865779399872
2020-09-16,0.9801363170146942,1.3349062561988831,1.5910614013671875,0.6548441052436829,0.5253576159477233
2020-09-17,0.727405434846878,1.2509853005409242,1.3892931938171387,0.6384706258773803,0.45369601249694824
2020-09-18,1.0295200586318969,1.460440170764923,1.3126218795776368,0.5823310196399689,0.39722287058830263
2020-09-21,1.1883091449737548,1.396733045578003,1.3403958320617675,0.8390558660030365,0.37974215149879453
2020-09-22,1.4011135935783385,1.2913637518882752,1.3185859203338623,0.7664587497711182,0.35374733805656433
2020-09-23,1.5160675406455995,1.1764726758003234,1.3002160310745239,0.9759252429008484,0.30911791920661924
2020-09-24,1.462191915512085,0.9796890258789063,1.393435287475586,0.9244458496570587,0.2812522888183594
2020-09-25,1.2576699256896973,0.8423656225204468,1.352084994316101,1.006507658958435,0.23384466618299485
2020-09-28,1.112730360031128,0.9237902641296387,1.1927980780601501,0.8257667779922485,0.18243539184331894
2020-09-29,0.8641232371330261,0.9054121375083923,1.2026522994041442,0.8926349580287933,0.13667227774858476
2020-09-30,0.7871772646903992,0.836542284488678,1.167443001270294,0.6949587643146515,0.1138523429632187
2020-10-01,0.8914597749710083,0.9121819019317627,1.065616774559021,0.7518986225128174,0.08984742313623428
2020-10-02,0.8910442113876342,1.1847413301467895,1.082892394065857,0.6719688296318054,0.08398651033639908
2020-10-05,0.9036360025405884,1.3679614543914795,1.2772519707679748,0.5059662938117981,0.6856815829873085
2020-10-06,1.2880165457725525,1.617843794822693,1.4752925515174866,0.8894239902496338,0.7116532787680626
2020-10-07,1.5040780901908875,1.768363642692566,1.595954716205597,0.8092464089393616,0.7277570515871048
2020-10-08,1.3492204427719117,1.6724318444728852,1.669640588760376,0.8211102485656738,0.7562763705849648
2020-10-09,1.2751482009887696,1.4106931865215302,1.6567863464355468,0.9791674494743348,0.7712306529283524
2020-10-12,1.344056487083435,1.4252355515956878,1.4399302005767822,1.0337332844734193,0.18150176107883453
2020-10-13,0.8671024680137634,1.1023206889629364,1.1501044988632203,0.8976073622703552,0.16585809886455535
2020-10-14,0.5051880598068237,0.850432711839676,1.0487872838974,0.9020199239253998,0.1569739133119583
2020-10-15,0.5264259517192841,0.8524575591087341,1.1312249898910522,0.9362986028194428,0.13307891190052032
2020-10-16,0.4958387553691864,0.7622991621494293,1.2372660875320434,0.8710197746753693,0.12155207097530366
2020-10-19,0.6777090489864349,0.739391952753067,1.4891522169113158,0.9199322998523712,0.11034644693136215
2020-10-20,0.7332932889461518,0.7948929369449615,1.4189980983734132,0.684637051820755,0.09998512715101242
2020-10-21,0.7930939972400666,0.8534835994243621,1.5174306392669679,0.742575180530548,0.0928480476140976
2020-10-22,0.8263744711875916,0.9244270145893096,1.4388147354125977,0.6600929796695709,0.6819008588790894
2020-10-23,0.8401128470897674,0.9818236708641053,1.3123870372772217,0.5725153505802154,0.7077720373868942
2020-10-26,0.8144817054271698,0.9593049168586731,1.2464478492736817,0.4840752601623535,0.7780794993042945
2020-10-27,0.7914139032363892,0.9152947247028351,1.3612674236297608,0.41140892505645754,0.861317689716816
2020-10-28,1.0073400020599366,1.0340140879154205,1.2196853876113891,0.6869998335838318,0.9355216652154923
2020-10-29,1.3027242422103882,1.2434807240962982,1.1822695016860962,0.6558977663516998,0.41268005669116975
2020-10-30,1.5219884097576142,1.3802312314510345,1.2487043142318726,0.7066236793994903,0.4528373062610626
2020-11-02,1.454210776090622,1.1167841792106628,1.173128366470337,0.7677795171737671,0.43234528303146363
2020-11-03,1.6147719144821167,1.2146276891231538,1.1694547176361083,0.8266958832740784,0.35272307097911837
2020-11-04,1.5721718072891235,1.188639658689499,1.1613981485366822,0.5178172171115876,0.9085321694612503
2020-11-05,1.4706016302108764,1.0945307433605194,1.1617774724960328,0.7599341452121735,0.8438365787267685
2020-11-06,1.200160238146782,0.8501732140779495,1.0792434692382813,0.6793600767850876,1.3527109771966934
2020-11-09,1.2037872046232223,1.2023826211690902,1.0598589658737183,0.9806095451116562,1.7222079783678055
2020-11-10,1.0079058706760406,1.361180767416954,1.0755828142166137,0.911774930357933,1.7670698761940002
2020-11-11,0.7619375944137573,1.4826589435338975,1.0959545373916626,0.9262133866548539,1.2844955921173096
2020-11-12,0.5206294447183609,1.3994547218084334,1.0760737419128419,0.7453375846147537,1.4621733605861664
2020-11-13,0.8692393481731415,1.552527952194214,1.0952733278274536,0.7909825503826141,1.0316074669361115
2020-11-16,0.9533248603343963,1.3043869972229003,1.16806480884552,0.44787701964378357,0.7462558925151825
2020-11-17,0.9754710227251053,1.128407645225525,1.1387465476989747,0.4764393031597137,0.8292770624160767
2020-11-18,1.3434800952672958,0.9234443783760071,1.066512942314148,0.458407461643219,0.8063121199607849
2020-11-19,1.413711541891098,0.9090956211090088,1.115393090248108,0.42949586510658266,0.7245418071746826
2020-11-20,1.1715674221515655,0.9054309844970703,1.117120909690857,0.41686477661132815,0.637901383638382
2020-11-23,0.8656958758831024,0.8983246922492981,1.0706553220748902,0.6977282524108886,0.5470216035842895
2020-11-24,1.056876301765442,0.9493254065513611,1.1703389644622804,1.0533331036567688,0.8537190914154053
2020-11-25,0.7702500104904175,0.8034374117851257,1.314186406135559,1.0292377173900604,0.7720654845237732
2020-11-27,0.751345980167389,0.6871563911437988,1.3781003475189209,1.2882608413696288,0.7870359420776367
2020-11-30,0.6960037589073181,0.5536218702793121,1.4389191150665284,1.290464276075363,0.8382557094097137
2020-12-01,0.9141500949859619,0.838170999288559,1.4115847110748292,1.115833443403244,1.121973979473114
2020-12-02,0.7341437041759491,0.642814290523529,1.2759359359741211,0.8392054736614227,0.729038804769516
2020-12-03,0.6577038317918777,0.6365408957004547,1.2376957893371583,0.9399538099765777,0.835347467660904
2020-12-04,0.597310471534729,0.59580447524786,1.2064308166503905,0.7527946889400482,1.0257956445217133
2020-12-07,0.5425741851329804,0.5596106007695199,1.1249673128128053,0.8880557417869568,0.970997279882431
2020-12-08,0.20327102541923522,0.11169347018003464,1.1570496797561645,0.7603249490261078,0.7873641192913056
2020-12-09,0.16821862757205963,0.6723206028342247,1.2328823566436768,1.0206346929073333,0.8851754903793335
2020-12-10,0.14950254261493684,0.6998883172869682,1.140981423854828,0.9283830642700195,0.8690353989601135
2020-12-11,0.13796098828315734,0.7100014179944992,1.0643633365631104,0.9301176428794861,0.6859995603561402
2020-12-14,0.12980980128049852,0.7337347388267517,1.0741338014602662,0.8652126431465149,0.7436498045921326
2020-12-15,0.750640194118023,1.2263278871774674,1.2190628528594971,1.0153590261936187,0.7013094544410705
2020-12-16,0.7427946835756302,0.6711592078208923,1.2338393211364747,0.7191163837909699,0.6379271805286407
2020-12-17,0.7360835894942284,0.6425698965787887,1.3296759724617004,0.8847305059432984,0.5720571935176849
2020-12-18,0.7333995774388313,0.6360277354717254,1.4209107875823974,0.7742839127779007,0.5078358769416809
2020-12-21,0.7319729939103127,0.6150775879621506,1.4756561517715454,0.7062702089548111,0.42034547924995425
2020-12-22,0.10165710002183914,0.12593850642442703,1.322618007659912,0.5622366160154343,0.34737004041671754
2020-12-23,0.10303919464349746,0.11910115480422974,1.35374755859375,0.4812346339225769,0.2855371117591858
2020-12-24,0.1027853712439537,0.11346238404512406,1.3544921875,0.27782370448112487,0.22013452649116516
2020-12-28,0.1003336101770401,0.7529959335923195,1.2408030867576598,0.25898613035678864,0.16137493699789046
2020-12-29,0.0975905939936638,0.7493025854229927,1.1142502188682557,0.19741290807724,0.13542366921901702
2020-12-30,0.09501937478780746,0.7444527879357338,1.1174595952033997,0.15004163086414338,0.10677054524421692
2020-12-31,0.09222612529993057,0.7402190685272216,1.0132600665092468,0.12953062653541564,0.08790467828512191
2021-01-04,0.671595287322998,1.3210528090596199,0.9002373218536377,0.74605233669281,0.08537175953388214
2021-01-05,0.7026949688792229,0.7091107621788979,0.9603129982948303,0.7375156164169312,0.08389670252799988
2021-01-06,0.7180205330252647,1.0872943267226218,1.070193922519684,1.29304441511631,0.6720521226525307
2021-01-07,1.1345462188124658,1.4672111690044403,1.1074703574180602,1.325321865081787,0.6974954411387444
2021-01-08,1.1445489943027496,1.7367959558963775,1.2166402697563172,1.760058742761612,0.7143598020076751
2021-01-11,0.5701649934053421,1.5219537794589997,1.24313884973526,1.1837713122367859,0.7428527042269707
2021-01-12,0.5422958672046662,1.5445101141929627,1.263520395755768,1.2897207021713257,0.7578591853380203
2021-01-13,0.5304919242858886,1.2982223510742188,1.3231115221977234,0.8337312936782837,0.691763499379158
2021-01-14,0.11720994412899018,1.0499112248420714,1.2221551179885863,0.884164160490036,0.6746297746896743
2021-01-15,0.10756750851869583,0.9348515868186951,1.102139139175415,0.7949732959270477,0.6613167122006416
2021-01-19,0.10125392526388169,0.7680161833763123,1.1678507685661317,0.7875220775604248,0.6353964671492577
2021-01-20,0.76300398260355,1.0621937751770019,1.2426706433296204,0.8504951357841491,0.6224883750081063
2021-01-21,0.7608572974801063,0.9452180892229081,1.2383335709571839,0.9008209705352783,0.10055790543556213
2021-01-22,0.7575989902019501,0.8446603864431381,1.2558581471443175,0.9561094880104065,0.09187795072793961
2021-01-25,0.7576202273368835,0.7176891893148423,1.2618519067764282,0.7356105923652649,0.7576139897108078
2021-01-26,0.7574574202299118,0.545351967215538,1.2409247398376464,0.81430424451828,0.7582110032439232
2021-01-27,0.676257774233818,0.667818483710289,1.08727468252182,0.7545379757881164,0.7580540016293525
2021-01-28,0.7087576478719712,0.7055596172809601,1.043914806842804,0.6797864198684692,0.7580030336976051
2021-01-29,1.0849973753094673,0.9724415421485901,1.1986827611923219,0.5990137875080108,0.7585269823670387
2021-02-01,1.4692428559064865,1.327237617969513,1.3098780751228332,0.5246529281139374,0.09063918888568878
2021-02-02,1.7392490744590758,1.4955324292182923,1.3609332680702209,0.821759158372879,0.08895532488822937
2021-02-03,1.1966762363910675,1.0794998228549957,1.4822530269622802,0.7495531260967254,0.0887483924627304
2021-02-04,1.4717487037181853,1.2286482512950898,1.49534330368042,0.9768436849117279,0.08870630562305451
2021-02-05,1.1113185971975326,0.9497137427330017,1.4320490837097168,0.9559552252292634,0.089873006939888
2021-02-08,0.7514670342206955,0.6124695301055908,1.360633635520935,1.094510692358017,0.09135252386331558
2021-02-09,0.5038151651620865,0.4642075300216675,1.2416141510009766,0.8050509750843048,0.09244723469018937
2021-02-10,0.4761744856834412,0.43142265677452085,1.1163527727127076,0.8981413781642914,0.09283134788274765
2021-02-11,0.1806781768798828,0.2565433233976364,1.0699302196502685,0.7119349300861358,0.09276945292949676
2021-02-12,0.1757888376712799,0.26070018112659454,1.0267186164855957,0.7834008693695068,0.672048206627369
2021-02-16,0.1590319573879242,0.23573679029941558,1.083981418609619,0.9274262189865112,1.10763887912035
2021-02-17,0.14331776201725005,0.20270293653011323,1.1819832086563111,1.17918199300766,1.1573474556207657
2021-02-18,0.1335403487086296,0.1820230022072792,1.1772346377372742,1.0988512277603149,1.2875961273908616
2021-02-19,0.12062473595142365,0.15493782460689545,1.200307023525238,1.1294163823127747,1.631143033504486
2021-02-22,0.11094209849834442,0.7076989501714707,1.2761709094047546,1.1893805265426636,1.1123050630092621
2021-02-23,0.10377639532089233,0.7252733260393143,1.2936741232872009,0.998731279373169,0.8125989735126495
2021-02-24,0.7185409992933274,0.8258767932653427,1.3043737292289734,0.7575717091560363,0.917305713891983
2021-02-25,1.2570099517703057,1.1447634264826774,1.4319371461868287,1.0173407077789307,1.1185307681560517
2021-02-26,1.2964460611343385,1.186715304851532,1.408961820602417,1.233518862724304,0.9895963370800018
2021-03-01,1.6706898301839828,0.8213949799537659,1.3678292751312255,1.1228093326091766,1.1852553248405457
2021-03-02,1.6816043853759766,1.1943788468837737,1.3365185260772705,1.156034415960312,1.1293807566165923
2021-03-03,1.5994651317596436,1.4511803090572357,1.2340441584587096,1.2979967415332794,1.2924675047397614
2021-03-04,1.4241535425186158,1.5118015229701995,1.1199017405509948,1.0590741813182831,1.0601631462574006
2021-03-05,1.7566048443317412,1.7095990896224975,1.1425050139427184,0.8613822042942048,1.010395747423172
2021-03-08,1.540414994955063,1.7499123573303224,1.1711455702781677,1.0927517890930176,0.9206877529621125
2021-03-09,1.6997807025909424,1.5583389759063722,1.1640684008598328,1.1505351543426514,1.0029028296470641
2021-03-10,1.3064414143562317,1.3588220357894898,1.2078086853027343,1.0232495546340943,0.7966919660568237
2021-03-11,1.1676072478294373,1.1313370943069458,1.2680810928344726,1.1160165786743164,0.8498640060424805
2021-03-12,0.8504438400268555,1.0139156460762024,1.2594016790390015,1.1036881685256958,1.0033488035202027
2021-03-15,0.7490120530128479,0.9322040438652038,1.2064806699752808,0.9707044243812561,0.8946047246456146
2021-03-16,0.6238666772842407,0.755970549583435,1.216121292114258,0.8892804622650147,0.8999345958232879
2021-03-17,0.5200966954231262,0.7139878153800965,1.2736442804336547,0.8652529120445251,0.9417768061161041
2021-03-18,0.7375792145729065,0.8788404822349548,1.213865339756012,0.8196312427520752,1.0853382170200347
2021-03-19,0.7447115838527679,0.8210681796073913,1.1937486052513122,0.7691503286361694,0.8230881869792939
2021-03-22,0.8329952180385589,0.8248683929443359,1.2115757822990418,0.7103686928749084,0.9369442701339722
2021-03-23,0.9362936913967133,0.8152848362922669,1.1340218424797057,0.6007737874984741,0.9313407182693482
2021-03-24,1.0456874787807464,0.9614904880523681,1.0230610489845275,0.5064014732837677,0.9355615615844727
2021-03-25,0.7309364974498749,0.7127588152885437,1.083234143257141,0.42564584612846373,0.7937447190284729
2021-03-26,0.906869649887085,0.8190354824066162,1.13201904296875,0.3222350269556046,0.8826343297958374
2021-03-29,0.7732729971408844,0.7227020382881164,1.058658504486084,0.8124288231134414,0.835315203666687
2021-03-30,0.6935126721858978,0.872428548336029,1.1261183500289917,1.203946653008461,0.7632146358489991
2021-03-31,0.5967779815196991,0.780095374584198,1.266753602027893,1.5182629555463791,0.6744937539100647
2021-04-01,0.9410209596157074,1.158064031600952,1.3367900848388672,1.7683482974767686,1.0166036128997802
2021-04-05,1.2935098111629486,1.4635967016220093,1.235882008075714,1.871346664428711,0.8779292598366737
2021-04-06,1.2844097435474395,1.411580076813698,1.1995079040527343,1.3807802200317383,0.7570175990462303
2021-04-07,1.2223840922117233,1.2587663114070893,1.2077671051025392,0.995002281665802,0.6704416602849961
2021-04-08,1.1725682765245438,1.5162901818752288,1.2267930269241334,0.9837848782539368,0.6005953043699265
2021-04-09,0.700358971953392,1.088003158569336,1.2240083932876586,0.7092557549476624,0.10418781787157058
2021-04-12,0.11158562153577804,0.632490360736847,1.2307555437088014,0.6041765615344048,0.09804834127426147
2021-04-13,0.11086785346269608,1.0492180317640305,1.3114879727363586,0.5049257814884186,0.09311919808387756
2021-04-14,0.10628530532121658,1.4700580775737762,1.2790271162986755,0.45607678294181825,0.08854160904884338
2021-04-15,0.714762844145298,1.422031706571579,1.1986098170280457,0.731554239988327,0.7378970921039582
2021-04-16,0.714080885052681,1.4342717051506042,1.1708293795585631,0.7200882226228714,0.7388734430074692
2021-04-19,0.7180139347910881,1.455471932888031,1.1899488687515258,0.7195054203271866,0.7413904890418053
2021-04-20,0.7225439205765725,1.0619834661483765,1.1163563489913941,0.7203027382493019,0.7439786195755005
2021-04-21,0.7273844853043556,0.6597762942314148,1.1409197330474854,0.7221381604671478,0.7455745384097099
2021-04-22,0.121272774040699,0.6600984454154968,1.1808997869491578,0.11002529114484787,0.09800512790679931
2021-04-23,0.6958146572113038,0.9723085045814515,1.146306586265564,0.11316904425621033,0.09809431880712509
2021-04-26,0.6953698873519898,0.9985585629940033,1.2307708501815795,0.11570591926574707,0.09682672172784805
2021-04-27,0.6950703173875808,1.0373466551303863,1.2988102912902832,0.11785738319158554,0.09625915139913559
2021-04-28,0.6940474510192871,1.069535779953003,1.3152203559875488,0.11900581568479537,0.09556543231010436
2021-04-29,0.6926569774746895,0.737688148021698,1.3585777282714844,0.11904959082603454,0.09463223069906235
2021-04-30,0.1200257658958435,0.43781180381774903,1.3099007248878478,0.11619724929332734,0.09364840984344483
2021-05-03,0.11625488549470901,0.40528308153152465,1.3178351998329163,0.7515506967902184,0.09181917905807495
2021-05-04,0.11063085049390793,0.7855051159858704,1.4292153477668763,0.7458455219864846,0.08985433578491211
2021-05-05,0.10573859065771103,0.7564529657363892,1.4501709818840027,0.7431222721934319,0.08874286413192749
2021-05-06,0.1008439913392067,0.8108377099037171,1.368679368495941,1.3641501352190972,0.08767058104276657
2021-05-07,0.09676979333162308,0.8821153998374939,1.4106211185455322,1.3623915314674377,0.0869567111134529
2021-05-10,0.09579798877239228,1.169277173280716,1.3873870134353639,0.7241517558693886,0.6713778704404831
2021-05-11,0.09493907392024994,0.7476792931556702,1.2113022565841676,0.7265873998403549,0.6997789725661278
2021-05-12,0.6688755184412003,0.994660633802414,1.1147781014442444,0.7271467432379722,1.1957011818885803
2021-05-13,1.103390870988369,0.9279688060283661,1.1474793553352356,0.10322571843862534,1.2350593343377114
2021-05-14,1.693231427669525,0.985011225938797,1.1206781268119812,0.10387705266475677,1.361036655306816
2021-05-17,1.699314945936203,0.8209853589534759,1.1237492203712462,0.7392421677708626,0.907509645819664
2021-05-18,1.7041029646992683,0.9166418075561523,1.1340358972549438,0.7374210059642792,0.9992511451244355
2021-05-19,1.1335808858275414,0.759070098400116,1.1499319195747375,0.737729087471962,0.6199762046337127
2021-05-20,1.282058058679104,0.9135217785835266,1.1369797348976136,0.7387322887778283,0.6853127360343934
2021-05-21,0.6941991567611694,0.772722727060318,1.1416820883750916,0.7410335943102837,0.6490516185760498
2021-05-24,1.2953019499778748,1.0225722253322602,1.0773340821266175,0.10547808855772019,0.583508986234665
2021-05-25,1.2931095644831658,0.8877430841326713,1.1981850147247315,0.10769640058279037,0.5081878244876862
2021-05-26,1.2944316372275353,0.7498741835355759,1.2293718814849854,0.10855137258768081,0.4156544774770737
2021-05-27,0.7164628237485886,0.549967285990715,1.1859054088592529,0.10836833715438843,0.3245158851146698
2021-05-28,0.7195990309119225,0.5183116123080254,1.1426093816757201,0.10758700370788574,0.23956135511398316
2021-06-01,0.11761853992938995,0.11392384767532349,1.0823057293891907,0.10704355090856552,0.1779113605618477
2021-06-02,0.12127684503793716,0.112692092359066,1.0132389187812805,0.10406332165002823,0.13409007638692855
2021-06-03,0.12160367369651795,0.6805827915668488,1.0565693020820617,0.6759291157126427,0.11101841777563096
2021-06-04,0.12216837853193283,1.096252018213272,1.0686691164970399,1.1083630606532098,0.7450784221291542
2021-06-07,0.12243563830852508,1.1538708075881003,1.069986069202423,1.1164656162261963,0.7452717632055282
2021-06-08,0.12281005084514618,1.232650175690651,1.0673652768135071,1.1257357075810432,0.7414616554975509
2021-06-09,0.1225597620010376,1.2644478321075439,1.0169243335723877,1.1322331339120866,0.7400795847177506
2021-06-10,0.12171605229377747,1.1217312812805176,1.0209206581115722,0.562033411860466,0.7385635554790497
2021-06-11,0.12121243327856064,0.709310108423233,1.0516992330551147,0.6760738343000412,0.09166545122861862
2021-06-14,0.11773014664649964,0.6602239459753036,1.1889044284820556,0.7030526340007782,0.08735760003328323
2021-06-15,0.11191801279783249,0.5851142972707748,1.2175981640815734,0.772682785987854,0.08804134875535966
2021-06-16,0.10632885545492173,0.5563022017478942,1.2536776781082153,1.118831181526184,0.08909410387277603
2021-06-17,0.10144535750150681,0.6736645579338074,1.34033944606781,1.521144264936447,0.7504053547978401
2021-06-18,0.6709353357553482,0.6696594968438149,1.4422714471817017,1.0457749128341676,1.4122964590787888
2021-06-21,1.104186463356018,0.6626147374510765,1.4657468318939209,1.171023005247116,1.9693417593836784
2021-06-22,1.1132346987724304,0.6578712090849876,1.5146845817565917,1.2403911173343658,2.0102493852376937
2021-06-23,1.1215716406702996,0.6511078238487243,1.5285608291625976,1.0406815707683563,2.017883467674255
2021-06-24,1.1241758465766907,0.10687548965215683,1.4077631473541259,0.7802526295185089,1.3666772276163102
2021-06-25,0.5519731655716896,0.1039652705192566,1.291190767288208,0.850154972076416,1.239760771393776
2021-06-28,0.11845046728849411,0.719421511888504,1.1385574102401734,0.8273041486740113,1.0642531305551528
2021-06-29,0.10953546166419983,0.7174518883228302,1.0559186577796935,0.9985872149467468,1.076036462187767
2021-06-30,0.1006789430975914,0.7192904576659203,1.0513078331947328,0.8931829810142518,1.1349334329366685
2021-07-01,0.09706206172704697,0.7215193033218383,1.0532159209251404,0.8949013233184815,1.1809386312961578
2021-07-02,0.0936127945780754,1.310058370232582,1.073670542240143,0.8851541757583619,0.6913700103759766
2021-07-06,0.09000198394060135,0.6924007296562195,1.0800681591033936,0.8738561391830444,0.6137053966522217
2021-07-07,0.08793180137872696,0.6959398001432419,1.1627598404884338,0.6853755950927735,0.586383068561554
2021-07-08,0.08622111082077026,0.6984753280878067,1.1330653190612794,0.7646921873092651,0.5390584260225296
2021-07-09,0.7553237706422806,0.6995857283473015,1.1259743452072144,0.7439514398574829,0.9766837745904923
2021-07-12,0.7560311019420624,0.11308074444532394,1.0385250091552733,0.7261439681053161,0.9813809961080551
2021-07-13,0.7563883736729622,0.11459825932979584,1.0119569897651672,0.678406709432602,0.7862416833639145
2021-07-14,0.7569721043109894,0.11237366050481797,1.0302120804786683,0.844197815656662,0.9829593390226364
2021-07-15,0.7579346925020218,0.109266297519207,1.0840001821517944,0.7323979943990707,1.421471107006073
2021-07-16,0.08840416073799133,0.10614641606807709,1.0212510704994202,0.6099612534046173,0.9384242862462997
2021-07-19,0.6715048387646675,0.10360489636659623,1.040363347530365,0.4938012346625328,1.2502466887235641
2021-07-20,1.1135897994041444,0.7441427767276764,1.1566496253013612,0.41195797026157377,1.1539380341768264
2021-07-21,1.125599679350853,0.7416816204786301,1.1895094990730286,0.11127158254384995,1.4567959576845169
2021-07-22,1.136736211180687,0.7416564732789993,1.2254972577095031,0.09422968178987504,1.0487758308649062
2021-07-23,1.7073916971683503,1.3551906317472457,1.3319235563278198,0.08655050247907639,1.1111259281635284
2021-07-26,1.1312825202941894,1.356126180291176,1.4111740112304687,0.0846434399485588,0.8228904247283936
2021-07-27,0.694228321313858,1.2518474251031875,1.3077736139297484,0.08349072933197021,1.1691719233989715
2021-07-28,0.6870736941695214,1.2913493052124978,1.2734331846237184,0.08325745016336442,0.6633476793766022
2021-07-29,0.6806260004639626,1.297193543612957,1.245519256591797,0.7449783220887184,0.6320351630449295
2021-07-30,0.11480112969875336,0.6945741251111031,1.2391602516174316,0.7468446895480156,0.5788565844297409
2021-08-02,0.11154774874448777,0.7048682421445847,1.1329855561256408,0.7492467343807221,0.5240951240062713
2021-08-03,0.11073217689990997,0.17256034314632415,1.2036994814872741,0.7520705625414849,0.1881656289100647
2021-08-04,0.10904790461063385,0.13815299421548843,1.1061235427856446,0.7545197620987892,0.18453516364097594
2021-08-05,0.10662167370319367,0.13714402168989182,1.093697428703308,0.09521894454956055,0.18545109629631043
2021-08-06,0.10339971035718917,0.13033978790044784,1.069415521621704,0.6609329968690872,0.6544681906700134
2021-08-09,0.09871177971363068,0.12382961064577103,1.15801922082901,1.0651686161756515,0.6881394177675247
2021-08-10,0.09402971863746643,0.12128509134054184,1.1811596989631652,1.1090191945433616,0.7377873808145523
2021-08-11,0.09035773873329163,0.11990955173969269,1.2867560386657715,1.3155175015330314,0.8005534023046493
2021-08-12,0.08780012130737305,0.11589763462543487,1.306106948852539,1.4000108540058136,0.8483510732650756
2021-08-13,0.0857468694448471,0.11419295370578766,1.2055205583572388,1.0542298614978791,0.6513379812240601
2021-08-16,0.08607653677463531,0.11164745539426804,1.1092806220054627,0.7076457858085632,0.6303863227367401
2021-08-17,0.0875606119632721,0.10974843949079513,1.015893828868866,0.7286668360233307,0.6153708577156067
2021-08-18,0.6741358831524848,0.1039859801530838,0.9491515040397644,0.571085250377655,0.5663666069507599
2021-08-19,0.7010481163859368,0.09887536615133286,0.824190354347229,0.5175905525684357,0.5020178601145744
2021-08-20,0.7224522426724433,0.7596914187073708,0.9371208429336548,0.31810338199138644,0.2126860573887825
2021-08-23,0.7492518529295922,1.4242525309324265,1.0288904786109925,0.7974478393793106,0.18200225681066512
2021-08-24,0.7619429945945739,1.4217302620410919,0.960908317565918,0.7337274372577667,0.12480522692203522
2021-08-25,0.18800609111785888,1.424826218187809,1.039849543571472,0.688116654753685,0.09457350671291351
2021-08-26,0.17128058075904845,1.4282228127121925,1.223526704311371,0.660163500905037,0.09034657329320908
2021-08-27,0.1569739133119583,0.7650108769536018,1.2312044739723205,1.269201147556305,0.08737895488739014
2021-08-30,0.13307891190052032,0.731772418320179,1.28936105966568,0.7335608288645744,0.08482327461242675
2021-08-31,0.12155207097530366,0.7325334846973419,1.4479663848876954,0.734846006333828,0.08279680460691452
2021-09-01,0.11034644693136215,0.7349367737770081,1.4237667322158813,0.7347690224647522,0.08202519565820694
2021-09-02,0.09998512715101242,0.7371596589684486,1.370621418952942,0.7357583940029144,0.08176444470882416
2021-09-03,0.0928480476140976,0.7390063598752021,1.3424429178237915,0.6710679471492768,0.08155672252178192
2021-09-07,0.08875032216310501,0.10839739739894867,1.1969650983810425,1.202875544130802,0.08250440210103989
2021-09-08,0.08539727181196213,0.11079764813184738,1.1287143111228943,1.2512786731123924,0.08359677791595459
2021-09-09,0.08317695260047912,0.11012413799762726,1.0574305772781372,1.2630660206079483,0.7492529302835464
2021-09-10,0.08213983923196792,0.11000151634216308,1.1125199317932128,1.2725653171539306,0.7506431922316551
2021-09-13,0.08123839944601059,0.1097246140241623,1.1989770650863647,0.7196374624967575,0.7523192167282104
2021-09-14,0.08071180731058121,0.10945796519517899,1.1628100991249084,0.19463211596012114,1.4076190069317818
2021-09-15,0.08063741624355317,0.11024924963712693,1.2511228561401366,0.1513599693775177,1.4091011598706245
2021-09-16,0.08045923262834549,0.11025080978870391,1.4557830929756164,0.6684255748987198,0.7471045836806297
2021-09-17,0.08126395493745804,0.6555286347866058,1.3204357743263244,0.7004983305931092,0.7494040206074715
2021-09-20,0.6712580680847168,1.039061936736107,1.3236583828926087,0.772685495018959,1.3841159358620643
2021-09-21,0.6982713893055916,1.0780844002962113,1.5425010681152345,0.8430808454751968,0.730894586443901
2021-09-22,0.715109333395958,1.2087656736373902,1.5005030870437621,0.9240948736667634,0.7340704932808876
2021-09-23,1.1288538053631783,1.333531814813614,1.3535959005355835,0.7574346601963043,1.2723841413855552
2021-09-24,1.1371262192726135,0.8988902866840363,1.3943063974380494,0.7525095045566559,1.3127133771777153
2021-09-27,0.5530095487833023,0.6193934619426728,1.356315517425537,0.7977435171604157,0.6916420623660088
2021-09-28,1.0803317159414292,0.9311979532241821,1.1791330933570863,0.8514235496520997,1.1840172737836838
2021-09-29,1.1051150411367416,0.8564256191253662,1.2024918913841247,0.8880358934402466,1.2341545522212982
2021-09-30,1.0392851918935775,0.8706791520118713,1.2753419756889344,0.7263845443725586,0.8097160875797271
2021-10-01,1.348030760884285,0.8924021363258362,1.3103536725044251,0.7930229187011719,0.8936958551406861
2021-10-04,1.5556838750839233,1.1276057720184327,1.311364471912384,0.7606674075126648,0.9920242905616761
2021-10-05,1.3202901124954223,1.0362917900085449,1.395229959487915,0.6676535427570343,0.5826030850410462
2021-10-06,1.4506745100021363,1.07547128200531,1.3588932514190675,0.54721247702837,0.613903260231018
2021-10-07,1.2656703233718871,1.0638349175453186,1.2876042604446412,0.3459724858403206,0.8651746869087219
2021-10-08,1.1045092344284058,1.0445424675941468,1.2774139165878295,0.23819182962179183,0.7845580577850342
2021-10-11,1.0417020797729493,0.8180413961410522,1.1853663444519043,0.1414760410785675,0.8103827476501465
2021-10-12,0.8710331082344055,0.6648352146148682,1.203052020072937,0.1005905032157898,0.9252886295318603
2021-10-13,0.8397177457809448,0.6547837853431702,1.2299507856369019,0.7501337990164757,0.9396628856658935
2021-10-14,0.8876029014587402,0.8079734444618225,1.2635828018188477,0.7488285511732101,0.6800230741500854
2021-10-15,0.7582787692546844,0.7081914812326431,1.2893891334533691,1.3283087193965912,0.7378966450691223
2021-10-18,0.6625047922134399,1.169148352742195,1.279905951023102,1.3625288650393486,0.6877809405326843
2021-10-19,0.5488831460475921,1.0622600331902503,1.279262864589691,1.4260960981249808,0.9094492316246032
2021-10-20,0.4292501717805862,0.9737697586417198,1.317987072467804,0.846797738969326,0.849321162700653
2021-10-21,0.24342356324195863,0.6915367171168327,1.3364287734031677,0.9041796624660492,0.8755521297454834
2021-10-22,0.22171204835176467,0.6756040051579475,1.2286031365394592,0.33270912766456606,0.9956654191017151
2021-10-25,0.17371529936790467,0.7074780896306038,1.2813216686248778,0.30534830391407014,1.0113868594169617
2021-10-26,0.14543882459402085,0.7077259346842766,1.1960366249084473,0.24939166009426117,0.6766208052635193
2021-10-27,0.12792686074972154,0.7108418598771096,1.066341769695282,0.17937880903482437,1.0382548093795776
2021-10-28,0.10678368210792541,1.2947204425930976,1.0398234009742737,0.12762946039438247,0.9221466720104218
2021-10-29,0.1040482223033905,1.2971551030874253,1.2120602488517762,0.12300097346305847,0.7118159532546997
2021-11-01,0.09844250380992889,0.6950585067272186,1.1168993830680847,0.1187628373503685,0.6189131200313568
2021-11-02,0.0938225343823433,0.7003741309046745,1.2167941451072692,0.11307350397109986,0.5388439416885376
2021-11-03,0.09161785542964936,1.2730295643210412,1.3900627613067627,0.1089832291007042,0.6726285219192505
2021-11-04,0.08899237215518951,1.2919554695487023,1.3201522707939148,0.7555035278201103,1.092993015050888
2021-11-05,0.08737962245941162,1.295238235592842,1.1412386894226074,1.423571801185608,1.52987242937088
2021-11-08,0.0872656136751175,1.302332416176796,1.168586015701294,1.4208790972828864,1.5300337493419647
2021-11-09,0.08650195449590684,1.3088484972715377,1.072741401195526,1.4205654010176658,1.9632667899131775
2021-11-10,0.08594397008419037,1.203105565905571,0.9501234650611877,2.0532252326607705,1.9167131304740905
2021-11-11,0.08535544574260712,0.656477078795433,1.1281349182128906,1.400761817395687,1.5294191241264343
2021-11-12,0.08488240838050842,1.0980674833059312,1.222773587703705,0.7313078001141549,1.1617377996444702
2021-11-15,0.08448375165462493,1.0987073719501494,1.4002541422843933,0.7353364259004593,1.5409242033958435
2021-11-16,0.0842686951160431,1.1012070238590241,1.3891031742095947,0.7391514003276825,1.1594860553741455
2021-11-17,0.08423552364110946,0.6501138180494308,1.3451119542121888,0.10873191356658936,0.7980676293373108
2021-11-18,0.08442545682191849,1.0686128705739975,1.2947478652000428,0.1107606440782547,0.8810696840286255
2021-11-19,0.08442545682191849,0.633580619096756,1.3661693692207337,0.1124055564403534,1.0058239102363586
2021-11-22,0.08442545682191849,1.1031867146492005,1.3639225602149962,0.6457536295056343,1.053991186618805
2021-11-23,0.08442545682191849,1.1448768198490142,1.5237404227256774,0.6876299321651459,1.3052606344223023
2021-11-24,0.08442545682191849,1.1719527572393418,1.5772547721862793,0.7076948583126068,1.542414367198944
2021-11-26,0.6735852777957916,1.105885300040245,1.604918622970581,0.733697983622551,1.5727181077003478
2021-11-29,1.1041930243372917,1.4713749051094056,1.4841281652450562,0.7567815244197845,1.479782509803772
2021-11-30,1.5856961756944656,1.363450276851654,1.4500943422317505,0.24463624656200408,1.2241705656051636
2021-12-01,1.9956225886940957,1.6159797847270965,1.363212513923645,0.21709853410720825,0.9535329043865204
2021-12-02,2.2677434206008913,1.6356275022029876,1.3184280753135682,0.20998613238334657,0.7168834745883942
2021-12-03,1.8268109560012817,1.5155523717403412,1.2611875176429748,0.19353336989879608,0.7803978145122528
2021-12-06,1.5615290880203248,1.215901255607605,1.2359747529029845,0.1758076548576355,1.1290639221668244
2021-12-07,1.3677995204925537,0.9982619285583496,1.0942081093788147,0.1525067836046219,1.015019154548645
2021-12-08,1.0582764744758606,0.8740277767181397,1.0273592829704286,0.13540798872709275,1.28424511551857
2021-12-09,0.867088007926941,1.082065111398697,1.1175631761550904,0.118833290040493,1.2233207464218139
2021-12-10,0.7855761229991913,1.0979341566562653,1.0546510219573975,0.10387672185897827,1.1607191920280457
2021-12-13,0.6643861293792724,1.3011547803878785,1.1242836952209472,0.09240600168704986,0.8739930272102356
2021-12-14,0.40334928035736084,1.4765862226486206,1.1231933236122131,0.0881172776222229,0.8550117015838623
2021-12-15,0.7680184006690979,1.5435272693634032,1.1548572659492493,0.08405974805355072,0.6579991221427918
2021-12-16,0.6924975156784058,1.5122256755828858,1.1392972588539123,0.7497028857469559,0.7267744600772857
2021-12-17,1.1655330955982208,1.2937259316444396,1.0921282291412353,0.7521699771285058,0.76239213347435
2021-12-20,1.4373638153076171,1.2156956791877747,1.026233959197998,0.753004701435566,0.6078577071428299
2021-12-21,1.8015303134918212,1.0316016793251037,1.0742059111595155,0.753789846599102,0.6221935957670212
2021-12-22,1.4456369519233703,0.9711673617362976,1.0566584944725037,0.7558871567249298,0.548841592669487
2021-12-23,1.6237765908241273,0.8396458983421325,1.0200516819953918,0.08937354534864425,0.44177311658859253
2021-12-27,1.2660295963287354,0.9152422904968261,1.0599708318710328,0.08827601075172424,0.2598200380802155
2021-12-28,0.987734454870224,0.7313437789678574,1.0349597096443177,0.08924614936113358,0.25136413276195524
2021-12-29,0.7051455557346344,0.7169765323400498,1.0628229975700378,0.09026930183172226,0.7235057324171066
2021-12-30,0.656241911649704,0.6253331631422043,1.1036681056022644,0.08978172391653061,0.7263598710298538
2021-12-31,0.509466826915741,0.5738136321306229,1.15860515832901,0.0894264116883278,0.8019564390182495
2022-01-03,0.3566179633140564,0.47593670189380644,1.1986821055412293,0.6664004057645798,1.093851000070572
2022-01-04,0.3442416816949844,0.8700667560100556,1.278620672225952,0.6988933220505714,1.1229296982288361
2022-01-05,0.7516973048448563,1.0027666985988617,1.195369803905487,0.7171795681118965,0.7270286023616791
2022-01-06,0.7383523553609848,0.9782664358615876,1.1853846430778503,1.186220233142376,0.8199473977088928
2022-01-07,0.8104187399148941,1.1621525764465332,1.1666993498802185,1.2342318922281266,0.8277120590209961
2022-01-10,0.8884360224008561,1.1831713318824768,1.232890522480011,0.7812717229127883,0.6138256072998047
2022-01-11,0.9600076258182526,0.9245260715484619,1.2748554348945618,0.9485303729772567,0.6613396525382995
2022-01-12,0.5557751834392548,0.8115486264228821,1.36441810131073,0.9873089075088501,0.6089791655540466
2022-01-13,0.824943196773529,1.0060242772102357,1.4352787733078003,0.5946243405342102,0.5436640977859497
2022-01-14,0.7569392919540405,0.8286795794963837,1.4419357776641846,0.6125716388225555,0.8261707067489624
2022-01-18,0.9430980324745178,1.0159627735614776,1.4208767414093018,0.5363238334655762,1.174944281578064
2022-01-19,1.2595501661300659,1.1799485862255097,1.3126853346824645,0.7763814926147461,1.1400788128376007
2022-01-20,1.5496204018592834,1.3555996239185333,1.2478598952293396,0.728302264213562,1.1900579273700713
2022-01-21,1.6270032048225402,1.424951010942459,1.1670666098594666,0.6538683757185936,1.3071757137775422
2022-01-24,1.7036965489387512,1.5009635090827942,1.264392125606537,0.5883620202541351,1.0319290697574615
2022-01-25,1.72692950963974,1.5225844979286194,1.3369286417961121,0.5405967622995377,0.7166793286800385
2022-01-26,1.4513953447341919,1.3574342608451844,1.5112330913543701,0.6817643076181412,0.9913683652877807
2022-01-27,1.2132992029190064,1.3276254057884216,1.5453214168548584,1.0574156790971756,1.194202721118927
2022-01-28,0.9832691431045533,1.1451067328453064,1.5252753019332885,1.1026453658938409,1.1516551613807677
2022-01-31,1.0726829409599303,1.1614978790283204,1.3809047222137452,1.2604181677103043,1.165796446800232
2022-02-01,0.878057324886322,1.062409520149231,1.205667781829834,1.413535976409912,1.1532526731491088
2022-02-02,0.888450539112091,1.0952590942382812,1.037126886844635,0.9756572365760803,0.9129338979721069
2022-02-03,1.0493041157722474,1.0850497722625732,0.9654402375221253,0.7288700222969056,0.6665411829948426
2022-02-04,0.9504045128822327,1.1927653789520263,1.0423517107963562,0.8135648965835571,0.8888062119483948
2022-02-07,0.907939350605011,1.197659158706665,1.0388967156410218,0.7554417848587036,0.8012737512588501
2022-02-08,0.9517708659172058,1.1658195495605468,1.0536304116249084,0.6838542699813843,0.8235015630722046
2022-02-09,0.9708576679229737,1.2697860479354859,1.0903294801712036,0.6110351324081421,0.877421236038208
2022-02-10,0.9128827571868896,1.3692819356918335,1.1435780286788941,0.531714117527008,1.0842273592948914
2022-02-11,1.202383804321289,1.4047510862350463,1.0258907556533814,0.7793063044548034,1.0795326113700867
2022-02-14,1.110016256570816,1.3128982543945313,0.9805698752403259,0.689424705505371,1.2554903149604797
2022-02-15,1.0988296926021577,1.3023273468017578,0.9992554068565369,0.6181413382291794,1.4789827108383178
2022-02-16,1.1116080939769746,1.1919392466545105,0.9896480441093445,1.1277965635061264,1.397504836320877
2022-02-17,1.114699763059616,1.057066595554352,1.0245884537696839,1.7328898638486863,1.2657136976718903
2022-02-18,0.823808240890503,1.0260762333869935,1.1032055020332336,1.356983944773674,1.075734955072403
2022-02-22,1.0260704934597016,1.2294798493385315,1.2010536909103393,1.3492931798100471,1.0183923184871673
2022-02-23,1.1999186336994172,1.3549426913261413,1.1429333448410035,1.3415486201643945,0.944895738363266
2022-02-24,1.3111513435840607,1.4443873405456542,1.189255714416504,0.7647215113043785,0.941560810804367
2022-02-25,1.2189349830150604,1.346377158164978,1.2389948844909668,0.1039863333106041,0.9335457146167755
2022-02-28,1.297687017917633,1.2572604894638062,1.2944006443023681,0.7079971775412559,0.9327114403247834
2022-03-01,1.3019219994544984,1.2365493774414062,1.2085897326469421,1.3358288049697875,1.0278066575527192
2022-03-02,1.308629858493805,1.2693036079406739,1.3049296498298646,1.866444718837738,1.0070898473262786
2022-03-03,1.1773098230361938,1.2499577045440673,1.172359585762024,1.9137361705303193,1.326318895816803
2022-03-04,1.186536395549774,1.3464412689208984,1.042052400112152,2.3926076114177706,1.370423936843872
2022-03-07,1.3200793147087098,1.429547333717346,0.9440355658531189,2.309879702329636,1.2445911765098572
2022-03-08,1.1126835763454437,1.3045858979225158,1.0718498229980469,2.18030931353569,1.3731887459754943
2022-03-09,0.9411048948764801,1.1352612018585204,1.0114001750946044,2.0884784877300264,1.1775246500968932
2022-03-10,0.91613489985466,1.1157706737518311,1.088806402683258,2.110006386041641,1.0651326537132264
2022-03-11,0.9967959105968476,1.1832564353942872,1.1907367706298828,1.673644983768463,0.9400550901889801
2022-03-14,0.7892105281352997,1.2308122873306275,1.1677753686904908,1.5655192494392396,1.156187790632248
2022-03-15,0.8870591521263123,1.28405522108078,1.130081343650818,1.3399353623390198,0.8457658171653748
2022-03-16,0.940973424911499,1.2923126339912414,1.1529166221618652,0.9878934025764465,0.966552984714508
2022-03-17,1.1399229764938354,1.219640564918518,1.1751384496688844,1.095186311006546,0.8861288189888
2022-03-18,1.3390297651290894,1.0662604451179505,1.139910674095154,1.22069091796875,0.9684949815273285
2022-03-21,1.3075740218162537,0.8965857625007629,1.2151762962341308,0.9811720490455628,1.0493219792842865
2022-03-22,1.4959478497505188,0.8762755990028381,1.1951446056365966,0.8819772839546204,1.257792854309082
2022-03-23,1.6174445748329163,1.109877586364746,1.1408578991889953,0.9639720559120178,1.370510721206665
2022-03-24,1.6503976464271546,1.2919884085655213,1.1463863015174867,0.8309607684612275,1.3561451077461242
2022-03-25,1.2291813313961029,1.17365163564682,1.1756233811378478,0.8276347577571869,1.4498393416404725
2022-03-28,1.2485888719558715,1.2050450801849366,1.1895324349403382,0.9388416111469269,1.1984762787818908
2022-03-29,1.1935777902603149,1.4638576984405518,1.2141034245491027,0.8345145404338836,1.1151359915733337
2022-03-30,0.9026523768901825,1.3706624984741211,1.2099026799201966,0.8434813916683197,1.001079785823822
2022-03-31,0.9315089881420135,1.2467671871185302,1.1371678590774537,0.9625576734542847,1.018573808670044
2022-04-01,0.985490369796753,1.3127156853675843,1.1266794443130492,0.9544827103614807,0.9346513748168945
2022-04-04,1.0662669479846953,1.2903772115707397,1.1743588209152223,0.8095075488090515,1.0161667823791505
2022-04-05,1.0785620033740997,1.1312514066696167,1.0877960801124573,0.8755499839782714,1.10564067363739
2022-04-06,1.250770056247711,1.0318552494049071,1.0757579684257508,0.8229503273963928,0.9743183672428131
2022-04-07,0.9768489837646485,0.9492674112319947,1.169244408607483,0.7525686502456665,0.9585629403591156
2022-04-08,1.112380611896515,1.0647043704986572,1.2337738275527954,0.6742796242237091,1.0764452874660493
2022-04-11,1.2294811844825744,1.1151153802871705,1.1364597082138062,0.6125891864299774,1.2989758193492889
2022-04-12,1.029012143611908,1.016252326965332,1.21054345369339,0.5132505238056183,1.0923362910747527
2022-04-13,0.9580957055091858,0.9571410894393921,1.3240601778030396,0.3874047353863716,1.211060106754303
2022-04-14,1.1253999471664429,1.0588664531707763,1.3184056043624879,0.29449778497219087,1.3243210554122924
2022-04-18,0.9706471204757691,0.9462301969528198,1.246243691444397,0.21328987330198287,1.1415959119796752
2022-04-19,0.8780910849571228,0.888236117362976,1.3325004816055297,0.7087519451975822,0.9227402925491333
2022-04-20,0.9133228898048401,0.959364914894104,1.3681049585342406,0.6964151069521904,1.004553997516632
2022-04-21,1.0382931590080262,1.1021735906600951,1.312642216682434,0.774125948548317,0.933828866481781
2022-04-22,1.0833113551139832,1.1520220994949342,1.2283254981040954,0.8550360813736916,0.7834144353866577
2022-04-25,1.0826667904853822,1.2250445365905762,1.2216478705406189,1.2392898440361022,0.7998605132102966
2022-04-26,1.2039757013320922,1.3103838920593263,1.215355908870697,0.6997401118278503,0.8392547965049744
2022-04-27,1.1526036858558655,1.1961566925048828,1.159682047367096,0.7959688067436218,1.0737282037734985
2022-04-28,1.0294992446899414,1.0648453831672668,1.1799759984016418,0.838169252872467,1.0149595618247986
2022-04-29,0.9276933431625366,1.0135893940925598,1.2791563987731933,0.8616284489631653,1.1806933164596558
2022-05-02,0.9322595119476318,1.079274594783783,1.2806277751922608,0.8351119160652161,1.4320411086082458
2022-05-03,0.8522724151611328,1.0543737053871154,1.2550984621047974,0.8515595316886901,1.2974385857582091
2022-05-04,0.9083636641502381,1.0820118069648743,1.280373215675354,0.8657848119735718,1.084624445438385
2022-05-05,1.006741428375244,1.2037136554718018,1.2508140087127686,0.8747199654579163,1.3174317836761475
2022-05-06,0.8451996207237243,1.2461819648742676,1.227928376197815,0.8820007681846619,1.3991467952728271
2022-05-09,1.0315546154975892,1.283533477783203,1.2189388751983643,0.8677073121070862,1.1503606200218202
2022-05-10,0.9074899315834045,1.3603695154190063,1.1939180612564086,0.8659201443195343,1.2609560370445252
2022-05-11,1.0216304659843445,1.4472903251647948,1.2286481380462646,0.8666647374629974,1.2293729186058044
2022-05-12,0.8656240820884704,1.2850147366523743,1.3004371404647828,1.0672123849391937,1.1260208249092103
2022-05-13,0.9514631271362305,1.1554066300392152,1.3376946210861207,1.0159738063812256,1.0224265694618224
2022-05-16,0.8597770810127259,1.1014011025428772,1.3878432273864747,0.8278650045394897,0.9764851152896881
2022-05-17,0.9426393985748291,1.111271584033966,1.4178719520568848,0.9216483056545257,1.067905741930008
2022-05-18,0.9434930324554444,1.1034720063209533,1.2928925514221192,0.9185484707355499,1.1484624683856963
2022-05-19,0.9189063608646393,1.1010730385780334,1.254904842376709,0.778047114610672,1.1291007339954375
2022-05-20,0.9507180750370026,1.1855798840522767,1.1725167751312255,0.772476077079773,1.0146604359149933
2022-05-23,0.9433577120304107,1.0935551285743714,1.1732316970825196,0.7089108109474183,1.221955370903015
2022-05-24,0.9053311765193939,1.0682649254798888,1.0852749228477478,0.6166494965553284,1.273469591140747
2022-05-25,0.7849566638469696,1.1711148142814636,1.1676956295967102,0.522284471988678,1.1793164610862732
2022-05-26,0.9088141322135925,1.2653853178024292,1.2361443161964416,0.35254530012607577,1.194695270061493
2022-05-27,1.22901908159256,1.295162272453308,1.352877914905548,0.3039553791284561,1.2084473013877868
2022-05-31,1.07026447057724,1.1952534914016724,1.2459428548812865,0.21928942203521729,1.2013684153556823
2022-06-01,0.9724338859319687,1.085779345035553,1.3184334635734558,0.16538859754800797,0.9302448928356171
2022-06-02,1.2097432225942613,0.9414157032966614,1.3768468499183655,0.7774205461144448,0.9647573053836822
2022-06-03,1.4711415141820907,1.137124502658844,1.243795359134674,1.2853401646018028,0.9655092298984528
2022-06-06,1.031849166750908,0.9735196471214295,1.0904731273651123,1.3133642956614495,1.0645593702793121
2022-06-07,1.0894780665636064,1.076790738105774,1.177912676334381,1.4192134097218514,1.1618505775928498
2022-06-08,1.4810262739658355,1.0713732481002807,1.0884530782699584,1.4915799260139466,1.2262698650360107
2022-06-09,1.3800300896167754,1.184237813949585,0.929890775680542,0.9095219850540162,1.2200632691383362
2022-06-10,1.2123471558094026,1.031966233253479,0.9210582971572876,0.7213762044906616,1.2131116271018982
2022-06-13,1.43368918299675,1.1697775840759277,0.9549800634384156,1.1771886765956878,1.208127200603485
2022-06-14,1.4520570635795593,1.1180133104324341,1.0002358675003051,1.1095546543598176,1.1504278302192688
2022-06-15,1.1868535041809083,1.1090316891670227,1.1247278809547425,1.3141816020011903,1.3654579758644103
2022-06-16,1.1494700193405152,1.066601574420929,1.310645091533661,1.6408414125442505,1.3291713118553161
2022-06-17,0.9658661007881164,1.1350918650627135,1.4036316514015197,1.3188810497522354,1.3276165008544922
2022-06-21,0.8253611564636231,1.0781210064888,1.5050521850585938,0.8466651529073715,1.3371771335601808
2022-06-22,0.9065072536468506,1.0929061651229859,1.4857122659683228,0.820062592625618,1.3635603427886962
2022-06-23,0.9491704821586608,1.1118518352508544,1.3317800641059876,0.5620798319578171,1.1598438501358033
2022-06-24,0.8637990951538086,1.2383603572845459,1.2494717478752135,0.18426544070243836,1.322763407230377
2022-06-27,0.8313565969467163,0.9591709613800049,1.280965793132782,0.1844283312559128,1.213686740398407
2022-06-28,0.9751195073127746,1.1968775510787963,1.1898003220558167,0.18109247386455535,1.1108024001121521
2022-06-29,0.8672608077526093,1.1527044653892518,1.1840602517127992,0.17813604772090913,0.9328354835510254
2022-06-30,0.8471611440181732,1.2742036938667298,1.204315686225891,0.1732090026140213,0.9503519415855408
2022-07-01,0.8542010247707367,0.9690767228603363,1.1851991176605225,0.16797319650650025,0.8410926699638367
2022-07-05,0.9192292511463165,1.1023624956607818,1.1785320520401001,0.7100708186626434,0.8228738605976105
2022-07-06,0.7830435574054718,0.8025422275066376,1.2181448936462402,1.0632105827331544,0.9546123802661896
2022-07-07,0.906260859966278,0.9003917276859283,1.2112642288208009,1.0972871601581573,0.8470063269138336
2022-07-08,0.7669012010097503,0.6660138428211212,1.3352001190185547,1.2204180300235747,0.9808542430400848
2022-07-11,0.9879507839679718,0.8552351474761963,1.308719515800476,1.3418875932693481,1.161198753118515
2022-07-12,0.9159337282180786,0.7902743935585022,1.1863651394844055,0.9127922892570496,1.2783629417419433
2022-07-13,0.8933715224266052,0.8640969038009644,1.195789396762848,0.6650311708450317,1.141162931919098
2022-07-14,0.8070581555366516,0.8653139591217041,1.245423185825348,0.956065571308136,1.1373707830905915
2022-07-15,1.0116079151630402,1.0036014556884765,1.2804635167121887,0.866686224937439,0.9540214121341706
2022-07-18,0.6480957120656967,0.7710177958011627,1.27951523065567,0.8598855972290039,0.9250359117984772
2022-07-19,1.0301345974206924,0.9606763184070587,1.3543956279754639,0.8646268486976624,0.8282754957675934
2022-07-20,0.9049546688795089,1.285194879770279,1.4100380420684815,0.8654609203338623,0.8265846073627472
2022-07-21,1.3190999239683152,1.6597870886325836,1.3862467765808106,0.7276631355285644,0.9586890935897827
2022-07-22,1.0887501269578934,1.8862429201602935,1.2561981439590455,0.7237184882164002,1.188075852394104
2022-07-25,1.0759541362524032,1.916377729177475,1.1998992681503295,0.6624358654022217,0.8672118544578552
2022-07-26,1.1428995460271836,2.0734854638576508,1.1235909342765809,0.5611460328102111,0.8420751094818115
2022-07-27,1.5547093778848649,1.9486041486263275,1.0614346861839294,0.8981056809425354,0.711998337507248
2022-07-28,1.5041937738656999,1.4497851133346558,1.0645103812217713,1.3320534348487854,0.5616556346416474
2022-07-29,1.98390289247036,1.286357569694519,1.17754465341568,1.2944172590970993,0.26904634237289426
2022-08-01,1.99061576128006,1.256802785396576,1.2224606633186341,1.2310157373547554,0.6253103256225586
2022-08-02,1.501054298877716,0.8629779696464539,1.2237130641937255,1.1997852802276612,1.0873087882995605
2022-08-03,1.5077407002449035,0.7887491345405578,1.2244125843048095,0.7424694374203682,1.4714537560939789
2022-08-04,1.0686846047639846,0.7763441979885102,1.223558521270752,0.7240829303860664,1.4535335451364517
2022-08-05,0.6085620015859604,0.5709752082824707,1.2192490100860596,1.2597604379057885,1.866145583987236
2022-08-08,0.6219901531934738,0.589537936449051,1.1848113179206847,1.301958018541336,1.881722804903984
2022-08-09,0.6354625731706619,0.9259949028491974,1.17691068649292,1.3262682184576988,1.4152575343847276
2022-08-10,0.6136519938707352,0.952517968416214,1.175069761276245,1.366348883509636,1.0715475529432297
2022-08-11,0.636613392829895,0.9998904585838317,1.1120365619659425,0.7793472915887832,1.4444415330886842
2022-08-12,1.0131921231746674,1.1875467121601104,1.0582089185714723,0.2535134434700012,1.3831602334976196
2022-08-15,1.0195535182952882,1.178720200061798,1.1659648776054383,0.7107499539852142,1.0708501219749451
2022-08-16,1.01940775513649,0.8510561168193818,1.2494282245635986,0.7394080132246017,1.1489652276039124
2022-08-17,0.6402326077222824,0.9462447583675384,1.3073817253112794,0.7828007489442825,1.4378430366516113
2022-08-18,0.6223435342311859,0.933066439628601,1.3134848117828368,0.8457213252782821,1.116082763671875
2022-08-19,0.6778777062892913,0.9884794473648071,1.3776188611984252,0.915630555152893,1.0193199157714843
2022-08-22,0.91381756067276,1.2548506557941437,1.2799855828285218,0.48904536962509154,1.003565376996994
2022-08-23,0.9594258427619934,1.2671636819839478,1.2419065833091736,0.50772465467453,1.0691958963871002
2022-08-24,1.059145340323448,1.0057517051696778,1.2512788653373719,0.4997414588928223,0.8756284773349762
2022-08-25,1.2428948402404785,1.1046087980270385,1.246883761882782,0.47483389973640444,0.9730529248714447
2022-08-26,1.2407525062561036,1.1569404602050781,1.2673328995704651,0.7432018458843231,0.7957373082637786
2022-08-29,1.0263576209545135,0.9114985764026642,1.2830560326576232,0.7031246244907379,0.9043954849243164
2022-08-30,1.2455455362796783,1.1236333906650544,1.2236322522163392,0.7508060038089752,0.8925850629806519
2022-08-31,1.1829307854175568,1.0170620560646058,1.164185106754303,0.7918494999408722,0.8508735537528992
2022-09-01,1.155845147371292,1.0350333094596862,1.1518702149391173,0.8374327301979065,0.9822610378265381
2022-09-02,0.9811578094959259,0.9724144577980042,0.968080711364746,0.5794903397560119,0.9141082882881164
2022-09-06,0.9958928406238556,0.9981141507625579,0.9355863094329834,0.6018953025341034,1.0365858316421508
2022-09-07,0.8558000504970551,0.8737039864063263,1.0537065982818603,0.8062577188014984,1.2246206998825073
2022-09-08,0.9310582101345062,0.9593044996261597,1.0296295642852784,0.7070238262414932,1.3206048130989074
2022-09-09,0.9215804398059845,0.9452723503112793,1.0316147327423095,0.6025076091289521,1.0748890101909638
2022-09-12,0.9475008547306061,0.9949068069458008,1.1527433276176453,0.5147233456373215,1.187926071882248
2022-09-13,1.2568796277046204,1.3130050301551819,1.1594547033309937,1.0160330206155777,1.0599187433719635
2022-09-14,1.1578479766845704,1.2159251749515534,1.1351236820220947,0.7232361763715744,0.8772175014019012
2022-09-15,1.3044918656349183,1.3340321362018586,1.0671460509300232,1.0734971046447754,0.8047500312328338
2022-09-16,1.1945987224578858,1.2278481781482697,1.0956796050071715,1.10928415954113,0.902533209323883
2022-09-19,1.0737678766250611,1.088513594865799,1.0933379530906677,1.2417371571063995,0.8797292828559875
2022-09-20,0.9642915964126587,0.8506884753704071,1.2148337721824647,0.8242402851581574,1.0299663305282594
2022-09-21,1.2227831840515138,1.0718003392219544,1.1648362517356872,0.9311846375465394,1.2099847674369812
2022-09-22,1.0111847221851349,1.1123798489570618,1.283342218399048,0.6994258046150208,1.3028621554374695
2022-09-23,1.215051633119583,1.3826932311058044,1.3735363960266114,0.9598944187164307,1.2040757715702057
2022-09-26,1.1334053695201873,1.3007362604141235,1.3344054222106934,1.2423261284828186,1.3624466836452485
2022-09-27,1.058975738286972,1.3294624924659728,1.3431462526321412,1.1737490892410278,1.437229484319687
2022-09-28,0.8921542942523957,1.1989930510520934,1.5899750471115113,1.1948872804641724,1.3135150849819184
2022-09-29,1.0625153541564942,1.1281748175621034,1.6825862169265746,1.1974337220191955,1.2550827443599701
2022-09-30,1.118432068824768,1.1214767813682556,1.4158432006835937,1.0422436237335204,1.4794744014739991
2022-10-03,1.2348679184913636,1.2352432250976562,1.4771835803985596,0.8052060842514038,1.457015585899353
2022-10-04,1.2039219975471496,1.202796220779419,1.4136083841323852,1.1121750473976135,1.2484284162521362
2022-10-05,1.2078959226608277,1.211589765548706,1.219826579093933,0.9633627951145172,1.1946817278861999
2022-10-06,1.2372967720031738,1.1553743362426758,1.1630008220672607,0.8366707265377045,1.1651325345039367
2022-10-07,1.2321589708328247,1.1043982267379762,1.2560869812965394,1.1961551487445832,1.0509762287139892
2022-10-10,1.093371295928955,1.2297267675399781,1.1780006527900695,1.3411395847797394,1.0716782331466674
2022-10-11,1.1248406410217284,1.4279949903488158,1.1808740973472596,1.0172158300876617,0.9510255634784699
2022-10-12,1.1641530513763427,1.3669182181358337,1.0766095280647279,1.1699194431304931,0.9502861201763153
2022-10-13,1.0455489993095397,1.328267240524292,1.052265202999115,1.320115327835083,0.953900796175003
2022-10-14,0.9762277722358703,1.292120671272278,1.0345639824867248,1.1055977821350098,0.9530495822429657
2022-10-17,1.222435677051544,1.213046383857727,1.0752691388130189,0.8342689514160156,0.8230147302150727
2022-10-18,1.2160508513450623,1.051123857498169,1.0406813740730285,0.9569771885871887,0.925758695602417
2022-10-19,1.142192828655243,1.1605862021446227,1.0642937421798706,1.0654314875602722,1.0460256338119507
2022-10-20,1.1600274801254273,1.2144179105758668,1.0281888484954833,0.9734444081783294,1.2645833849906922
2022-10-21,1.097260594367981,1.1396226406097412,1.0205731868743897,0.8377851784229279,1.5059563517570496
2022-10-24,1.258161187171936,1.12982177734375,1.0221811771392821,0.9403810679912568,1.4390706181526185
2022-10-25,1.53984477519989,1.3876616954803467,1.0885463953018188,0.9341616928577423,1.4373763442039489
2022-10-26,1.4629801154136657,1.5924161195755004,1.2509695887565613,0.8246950089931488,1.3618869185447693
2022-10-27,1.3246109008789062,1.6510185480117798,1.1540310502052307,0.9087786674499512,1.2163673043251038
2022-10-28,1.5257822036743165,1.850799822807312,1.2764431476593017,1.0376615643501281,0.9026811838150024
2022-10-31,1.0806106507778168,1.9852555990219116,1.2144230127334594,0.9317842662334442,0.9061301112174988
2022-11-01,0.6411999583244323,1.7884451150894165,1.1839657306671143,0.9382977187633514,0.8133803725242614
2022-11-02,1.0084812641143799,1.6543417692184448,1.091372561454773,0.8891750514507294,0.6516336023807525
2022-11-03,1.216082799434662,1.6704789876937867,1.2211727380752564,0.8652076423168182,0.4383990794420242
2022-11-04,1.1890149474143983,1.5491336345672608,1.2940888166427613,0.7677821338176727,0.837468472123146
2022-11-07,1.210869699716568,1.311936366558075,1.2667229533195496,0.7759403049945831,1.0836565285921096
2022-11-08,1.3091939687728882,1.2375882983207702,1.204133927822113,0.8842693865299225,1.3761781126260757
2022-11-09,1.2083385229110717,1.2107871413230895,1.168863308429718,0.7815402030944825,1.492608007788658
2022-11-10,1.2922367334365845,1.2297583222389221,1.1432405591011048,1.170411264896393,1.6458163857460022
2022-11-11,1.0299421548843384,1.1534711599349976,1.209275734424591,0.9854872614145279,1.2895877838134766
2022-11-14,1.1081225395202636,1.1195321559906006,1.270181941986084,0.9288639575242996,1.0953280210494996
2022-11-15,1.1056859612464904,1.085784876346588,1.2938727617263794,0.6510723620653153,0.9192608833312989
2022-11-16,0.9071025252342224,1.1581537842750549,1.374679684638977,0.6473828464746475,1.2104355216026306
2022-11-17,0.6932226300239563,0.9775761008262634,1.1991488754749298,0.13685837090015412,1.4736050963401794
2022-11-18,0.7020251154899597,1.0297553777694701,1.0741266787052155,0.1389855682849884,1.414064383506775
2022-11-21,0.6416291713714599,1.165260636806488,1.2042442619800569,0.13773640245199203,1.330264723300934
2022-11-22,0.7761169672012329,1.352031683921814,1.3526264488697053,0.13433268070220947,1.4027059674263
2022-11-23,0.6713997542858123,1.179474449157715,1.419928389787674,0.13080011755228044,1.439411747455597
2022-11-25,0.5894507229328155,1.2660119533538818,1.494510328769684,0.12868223637342452,1.0091371089220047
2022-11-28,0.9657839834690094,1.2985336542129517,1.3684903979301453,0.12600453048944474,0.9531414866447449
2022-11-29,0.9253289699554443,1.1227421045303345,1.2708850502967834,0.12800457179546357,1.3624757528305054
2022-11-30,0.8641807556152343,0.9377381086349488,1.2535561680793763,0.6913216188549995,1.1697402715682983
2022-12-01,0.9265441596508026,0.8817184329032898,1.2180825352668763,1.3006820678710938,0.8713489055633545
2022-12-02,0.9681861639022827,0.8625149369239807,1.349613571166992,1.2968091651797296,1.2429998010396957
2022-12-05,0.9658207654953003,0.9126758456230164,1.3675349712371827,1.8044483080506324,1.577327561378479
2022-12-06,1.291730099916458,1.1121840357780457,1.2766982674598695,1.8383871152997018,1.4613658666610718
2022-12-07,1.1332691192626954,1.025955957174301,1.1123251557350158,1.2804694548249245,1.7566840887069701
2022-12-08,1.209519636631012,1.0849744379520416,1.0586374402046204,0.6772144630551338,1.6038972973823546
2022-12-09,1.2784795820713044,1.0175172865390778,1.0482366919517516,0.6832447499036789,1.6048921704292298
2022-12-12,0.9710123121738434,0.886494106054306,1.05507732629776,0.1749735325574875,1.3362385749816894
2022-12-13,0.7497161090373993,0.8359490096569061,1.1833730936050415,0.7129442065954208,1.0956512331962585
2022-12-14,0.8381890177726745,0.7919679194688797,1.3242740631103516,0.7099018365144729,0.8812526583671569
2022-12-15,1.0129012942314148,0.9765013486146927,1.3734095811843872,1.2435459941625595,0.9755257606506348
2022-12-16,1.2157759428024293,0.9205031782388687,1.3214489698410035,1.2789112746715545,0.9294382095336914
2022-12-19,1.1028067827224732,1.0330037862062453,1.378369355201721,1.3514911472797393,1.117739450931549
2022-12-20,1.1234052419662475,0.8701238304376602,1.349880003929138,1.023584395647049,1.2602495431900025
2022-12-21,1.1559515476226807,1.0134687781333924,1.322631597518921,1.058237510919571,1.2061847567558288
2022-12-22,1.0665759325027466,0.9630835890769959,1.3374093294143676,0.9613831102848053,1.2689728617668152
2022-12-23,0.7819157421588898,0.969364458322525,1.3660019636154175,0.9660262048244477,1.1959199070930482
2022-12-27,0.8957315742969513,0.9517319977283478,1.4284948348999023,1.0082321107387542,1.250131642818451
2022-12-28,1.0121969401836395,1.1900865018367768,1.343289029598236,0.8819337904453277,1.1229339599609376
2022-12-29,1.143905407190323,1.3088769257068633,1.3350642323493958,0.9630042612552643,1.1736984491348266
2022-12-30,1.0868515431880952,1.2216105043888092,1.3348819851875304,0.6265214383602142,1.1996801614761352
2023-01-03,1.2019951701164246,1.360001516342163,1.2784649014472962,0.697534716129303,1.1529529094696045
2023-01-04,1.2001303076744079,1.3049559831619262,1.2188634037971497,0.6843057990074157,1.0090401887893676
2023-01-05,1.1976492762565614,1.2559978246688843,1.3618757724761963,0.8991900205612182,0.9987223267555236
2023-01-06,1.2407652020454407,1.2842999696731567,1.3942692041397096,1.1738104581832887,1.0274558663368225
2023-01-09,1.2076902985572815,1.2196996092796326,1.4147438764572144,1.202388596534729,0.8349032819271087
2023-01-10,1.196935248374939,1.2060418963432311,1.5162030458450317,1.2003508687019349,0.9578094899654388
2023-01-11,1.206290102005005,1.1593726992607116,1.6124374151229859,1.207613456249237,1.1465649068355561
2023-01-12,1.0096303462982177,0.9665871858596802,1.587337350845337,1.1018507361412049,1.2153662621974946
2023-01-13,0.7977381348609924,0.7947350978851319,1.5184239864349365,1.1532413363456726,1.1086366891860961
2023-01-17,0.7700104594230652,0.7933101415634155,1.4782198429107667,1.0283014595508575,1.2305972874164581
2023-01-18,0.9897258281707764,0.9343425512313843,1.3544941067695617,0.9158576309680939,1.0739239275455474
2023-01-19,0.8595538258552551,0.826839941740036,1.2190025687217712,1.3364875495433808,0.7258905619382858
2023-01-20,0.9766814827919006,0.9541232883930206,1.165656292438507,1.1045928299427032,0.9662061899900436
2023-01-23,1.23855402469635,1.1174005806446075,1.0985546112060547,0.6585083901882172,0.9845255762338638
2023-01-24,1.1513497203588485,1.0217893481254579,1.0453734397888184,0.6472240179777146,1.0071270972490312
2023-01-25,0.7991498500108719,0.7486681282520294,1.027401375770569,0.6466322168707848,0.8999189227819443
2023-01-26,1.121373000741005,0.9825044274330139,1.0743572235107421,0.11721096336841583,0.9796032130718231
2023-01-27,0.9291736602783203,0.8058185547590255,1.0865450620651245,0.11982939243316651,0.6233117997646331
2023-01-30,1.0440104007720947,1.0040191859006882,1.1601124167442323,0.12136832773685455,0.6198340952396393
2023-01-31,1.4308222323656081,1.376350525021553,1.1495180010795594,0.12313511669635772,0.5131926596164703
2023-02-01,1.8197963565587998,1.736910852789879,1.280263090133667,0.6837394133210182,0.7578995943069458
2023-02-02,1.9189291805028916,1.9189291805028916,1.237054967880249,1.207277449965477,0.6779378354549408
2023-02-03,2.335718011856079,2.335718011856079,1.2230056047439575,1.5277641773223878,1.0768629729747772
2023-02-06,1.8965489745140076,1.8965489745140076,1.20774667263031,1.5832339555025101,1.05899338722229
2023-02-07,1.794206964969635,1.794206964969635,1.2165170431137085,1.702238041162491,1.0640316247940063
2023-02-08,1.7889692902565002,1.7889692902565002,1.1806938886642455,1.256693285703659,0.8329740643501282
2023-02-09,1.3896021246910095,1.3896021246910095,1.1501654982566833,0.8237038314342499,0.8620173513889313
2023-02-10,1.0610837101936341,1.0610837101936341,1.1062984704971313,0.5773427844047546,0.8190905630588532
2023-02-13,1.1931257963180542,1.1931257963180542,1.0944410562515259,0.5954181492328644,0.7973156750202179
2023-02-14,0.9349341750144958,0.9349341750144958,1.1337489128112792,0.5587062060832977,0.8445204079151154
2023-02-15,0.6007963657379151,0.6007963657379151,1.1964756965637207,0.7988771259784698,0.8737452924251556
2023-02-16,0.881232213973999,0.881232213973999,1.3314798712730407,0.743541008234024,1.1317622244358063
2023-02-17,0.8895649552345276,0.8895649552345276,1.3565658330917358,0.8095779299736023,0.7367595791816711
2023-02-21,0.974580729007721,0.974580729007721,1.3136486649513244,0.8741519570350647,1.0074317038059235
2023-02-22,1.0028826117515564,1.0028826117515564,1.3269445776939393,0.9160378575325012,0.9367830812931061
2023-02-23,1.1274734020233155,1.1274734020233155,1.2942778944969178,0.6848148345947266,0.9773938000202179
2023-02-24,1.0306099891662597,1.0306099891662597,1.3069071173667908,0.7649923205375672,0.9720821917057038
2023-02-27,0.999942398071289,0.999942398071289,1.3542229533195496,0.7331908106803894,1.0109803795814514
2023-02-28,0.9218251705169678,0.9218251705169678,1.4448910236358643,0.6948928713798523,0.8637211084365845
2023-03-01,1.0393538117408752,1.0393538117408752,1.2747850179672242,0.6556013345718383,1.1083436727523803
2023-03-02,1.0244393944740295,1.0244393944740295,1.2466950178146363,0.6007012248039245,1.0379995703697205
2023-03-03,0.9356926560401917,0.9356926560401917,1.2005921602249146,0.917733120918274,0.8990277528762818
2023-03-06,0.9930894255638123,0.9930894255638123,1.089737844467163,0.8098712146282196,0.9346809983253479
2023-03-07,1.076449739933014,1.076449739933014,0.9855123400688172,1.2829611957073213,0.9029112577438354
2023-03-08,0.9316166043281555,0.9316166043281555,1.101247823238373,1.2225598216056823,0.735928189754486
2023-03-09,1.03590167760849,1.03590167760849,1.0903278470039368,1.214888608455658,0.7650309562683105
2023-03-10,1.2562995076179504,1.2562995076179504,0.990453553199768,1.0341126322746277,0.7970898985862732
2023-03-13,1.1981974840164185,1.1981974840164185,1.0373799800872803,1.5045789897441864,0.7006994366645813
2023-03-14,1.0676415324211121,1.0676415324211121,1.1813993096351623,0.9500571906566619,1.0371251225471496
2023-03-15,1.1766598105430603,1.1766598105430603,1.2997121214866638,0.9338742136955261,1.2878774166107179
2023-03-16,1.0450140833854675,1.0450140833854675,1.3693482995033264,0.8795866727828979,1.3127849340438842
2023-03-17,0.8857586264610291,0.7962633609771729,1.5404503345489502,1.2148622274398804,1.3081258296966554
2023-03-20,0.867763090133667,0.868064534664154,1.657977032661438,0.7429878428578377,1.3418291926383972
2023-03-21,0.8737644672393798,0.8944330215454102,1.6249921560287475,1.247829981148243,0.9438554227352143
2023-03-22,0.9357402086257934,1.0510654687881469,1.5798607110977172,1.6317127779126168,0.9075488984584809
2023-03-23,0.835562664270401,1.2820872068405151,1.4473680257797241,2.103768344223499,0.7727581322193146
2023-03-24,0.7774212062358856,1.2153781592845916,1.391281008720398,1.9970183804631234,0.5957353979349136
2023-03-27,0.8859851777553558,1.169489985704422,1.3245431661605835,2.0501709580421448,1.050738313794136
2023-03-28,0.8841618478298188,1.0622873842716216,1.3039713859558106,1.587457573413849,1.0319400876760483
2023-03-29,0.8405753552913666,1.0143240511417388,1.2382588386535645,1.2698314368724823,0.7592849880456924
2023-03-30,0.8434922814369201,0.63220334649086,1.2415054798126222,0.8734718143939972,0.8000687092542649
2023-03-31,0.8646000623703003,0.9317843914031982,1.194063425064087,0.4515991806983948,1.1062212109565734
2023-04-03,0.7195307701826096,0.8438854038715362,1.141752791404724,0.46141149401664733,0.6115135282278061
2023-04-04,0.6471149772405624,0.7860847473144531,1.045477294921875,0.6795382916927337,0.580639123916626
2023-04-05,0.5178302973508835,0.5375767856836319,1.0785956859588623,0.6136459916830063,0.9328725278377533
2023-04-06,0.5072888284921646,0.5584160715341568,1.1529762268066406,0.5501624405384063,0.8898051261901856
2023-04-10,0.3505960196256638,0.21054093539714813,1.1437080383300782,0.511703434586525,1.068189764022827
2023-04-11,0.3487986415624619,0.22235262989997864,1.1822518110275269,0.4609475523233414,1.1027354091405868
2023-04-12,0.2721574157476425,0.22104648053646087,1.2536020755767823,0.19103349447250367,1.1551778793334961
2023-04-13,0.7724780052900314,0.6929301440715789,1.2511494159698486,0.671720090508461,0.7776929497718811
2023-04-14,0.721501998603344,0.671007850766182,1.3354394674301147,1.1787501633167268,0.8196323037147522
2023-04-17,0.6885712698101998,0.6531311064958573,1.2180309295654297,1.2016810327768326,0.7687363266944885
2023-04-18,0.6706291869282722,0.6343293786048889,1.19976806640625,1.26164970099926,0.7616691768169404
2023-04-19,0.6573021456599235,0.6202321171760559,1.2627755403518677,1.333148443698883,0.813550078868866
2023-04-20,0.1062705785036087,0.12942877262830735,1.2179653882980346,0.8823037147521973,0.890252685546875
2023-04-21,0.10616997182369232,0.12506678700447083,1.1240103721618653,0.4063794493675232,0.9675117611885071
2023-04-24,0.10657424777746201,0.12118899673223496,1.1247569084167481,0.4129384756088257,0.6483004570007325
2023-04-25,0.6475951567292213,0.6569456085562706,1.0675239324569703,0.3406162202358246,0.8234669804573059
2023-04-26,0.685074357688427,0.690256978571415,0.9739540100097657,0.2597705855965614,1.0274001359939575
2023-04-27,1.155605322122574,1.157940062880516,1.027295136451721,0.21995689868927001,0.9463140845298768
2023-04-28,1.161643023788929,1.161643023788929,1.117632555961609,0.16708513647317885,1.02415611743927
2023-05-01,1.168132722377777,1.168132722377777,1.2985612869262695,0.11440313756465911,1.205482590198517
2023-05-02,1.1602755904197692,0.6298915728926658,1.333734893798828,0.715427103638649,1.3760403752326966
2023-05-03,1.1643989145755769,0.593281252682209,1.3706091403961183,0.7143361568450928,1.206907284259796
2023-05-04,0.8044778048992157,0.1253468632698059,1.347511887550354,0.7089006707072258,1.3013362646102906
2023-05-05,1.0186507672071456,0.7285887390375138,1.4686208009719848,1.2720572501420975,1.2369863152503968
2023-05-08,1.0655865907669066,0.7220121681690216,1.4523531198501587,1.3005923733115197,1.226004946231842
2023-05-09,0.5678697764873505,0.7182145848870277,1.6234228372573853,0.7654644474387169,0.8879879236221313
2023-05-10,0.5684565305709839,1.3321593567728995,1.724822497367859,0.8342989265918732,0.8814763069152832
2023-05-11,0.49848959445953367,1.328982900083065,1.5688496232032776,0.9054172664880753,0.9228569030761719
2023-05-12,0.30641754865646365,0.7179376974701881,1.3397679686546327,0.4006074458360672,0.9405693173408508
2023-05-15,0.2720594465732574,0.7164764031767845,1.2736140131950378,0.3792132347822189,0.9496039748191833
2023-05-16,0.24922820925712585,0.7160122632980347,1.0741492748260497,0.8199367016553879,0.9543739438056946
2023-05-17,0.7737468183040619,0.7163207292556762,1.104666519165039,0.7860437422990799,0.9514281034469605
2023-05-18,0.7373519226908684,1.3575072780251503,1.2419334053993225,1.0535670787096023,0.9232661485671997
2023-05-19,0.7074486285448074,1.3588760912418365,1.3420653700828553,1.0461058646440506,0.918430769443512
2023-05-22,0.6863797008991241,1.3645919859409332,1.3147639870643615,1.182613617181778,0.7556000351905823
2023-05-23,1.240062165260315,1.886544083058834,1.3689411640167237,0.8158749997615814,0.8502703905105591
2023-05-24,0.7060678005218506,1.3176381453871726,1.300653052330017,0.9162133932113647,0.8396994352340699
2023-05-25,0.758888752758503,1.1458334788680076,1.3280831098556518,0.7115841150283814,0.7911035656929016
2023-05-26,1.0378487557172775,1.6805323749780654,1.2028272867202758,0.7837992668151855,0.7354900956153869
2023-05-30,1.068387931585312,1.6847814559936523,1.2215633153915406,0.7587757468223572,0.6746955156326294
2023-05-31,0.5286468863487244,1.180881205201149,1.3016623735427857,0.7259228825569153,0.5733529806137085
2023-06-01,0.49842543005943296,1.599193623661995,1.3040425539016725,0.6546721994876862,0.45540573000907897
2023-06-02,1.0149360299110413,1.1468783736228942,1.2832431077957154,0.9036970913410187,0.8149647533893585
2023-06-05,0.7378970071673393,0.6316015303134919,1.2058732748031615,0.811722707748413,0.7454612255096436
2023-06-06,0.7091352298855782,0.6403440475463867,1.2535264492034912,0.7972896218299865,0.7596230030059814
2023-06-07,0.6828442975878716,1.081948098540306,1.0884170293807984,1.0397686958312988,1.0818684101104736
2023-06-08,0.6801556691527366,1.0033681958913803,1.0558207273483275,1.2873442709445952,1.4317038476467132
2023-06-09,0.10771243274211884,1.0152005106210709,1.0447522401809692,1.0406093537807464,1.0913046896457672
2023-06-12,0.10670476555824279,1.3148422449827195,1.0806202650070191,1.1371859192848206,1.188334584236145
2023-06-13,0.10530454069375991,1.3196787357330322,1.0641627788543702,1.1563439846038819,1.1964060425758363
2023-06-14,0.10321503579616546,0.8939264953136444,1.1870550870895387,0.9236948609352111,0.9031337559223175
2023-06-15,0.7302275270223617,0.8943579852581024,1.1566255331039428,0.7026240944862365,0.5981247425079346
2023-06-16,0.7283108025789261,0.8792643427848816,1.1464645862579346,0.6409414947032929,0.5213791787624359
2023-06-20,0.7263324350118637,0.5749051302671433,1.2286245346069335,0.9626330554485321,0.4167472362518311
2023-06-21,0.7256724283099174,1.0160902857780456,1.2310760974884034,0.8769068121910095,0.3173519104719162
2023-06-22,0.7258615955710411,1.3748232543468475,1.2723784923553467,0.8723490953445434,0.7642478734254837
2023-06-23,0.09869615286588669,1.0173311829566956,1.2663209199905396,0.8889286637306213,0.7312290281057358
2023-06-26,0.10039037466049194,1.433930090069771,1.2010165452957153,0.9169500291347503,0.788569250702858
2023-06-27,0.7189459010958672,1.7939517438411712,1.2004144430160522,0.5737437069416046,0.8783960431814194
2023-06-28,0.7184058532118798,1.3638786971569061,1.2463882446289063,0.6439492583274842,0.9783171534538269
2023-06-29,0.7192017495632171,1.0588946998119355,1.068510067462921,0.6237986564636231,0.784546172618866
2023-06-30,1.3344783544540406,1.276783323287964,1.087893807888031,0.609163498878479,1.1131475806236266
2023-07-03,1.3334861665964126,0.8677663326263427,1.162068521976471,0.5880362272262574,1.1717131376266479
2023-07-05,0.7175234258174896,0.530518364906311,1.0802335500717164,0.5175344288349152,1.1800138711929322
2023-07-06,0.7204062059521675,0.5368641138076782,0.9890165567398072,0.44021688103675843,1.3982311725616454
2023-07-07,0.7217926651239395,0.485818213224411,1.2130360722541809,0.36364747285842897,1.1082020163536073
2023-07-10,0.10727433413267136,0.26581759452819825,1.3176538586616515,0.26788530200719834,0.8690149784088135
2023-07-11,0.10937537401914596,0.26776147782802584,1.4211598992347718,0.1838860884308815,0.8415809750556946
2023-07-12,0.10974485576152801,0.6745180457830429,1.521255874633789,0.8136259034276009,0.9187365651130677
2023-07-13,0.10960979163646697,1.2438814729452132,1.4345606684684753,0.780950391292572,0.965487539768219
2023-07-14,0.10816991329193115,1.211225302517414,1.3447299599647522,0.7590161755681037,0.986316180229187
2023-07-17,0.10635625123977661,1.1912476554512978,1.2901385426521301,0.7568531766533851,0.9281138598918914
2023-07-18,0.10381759256124497,1.174055878818035,1.1948489785194396,1.4250849351286887,0.8463088214397431
2023-07-19,0.10045776218175888,0.7348479792475701,1.2437215924263,0.7561534255743027,1.0596733033657073
2023-07-20,0.09762777239084244,0.6420322462916375,1.3100757002830505,0.7570346727967262,1.161419528722763
2023-07-21,0.0960820809006691,0.6842293560504913,1.3655014634132385,0.7601635083556175,1.1472425222396851
2023-07-24,0.09442693293094635,0.7163073062896729,1.3936787009239198,0.763285431265831,1.1520929217338562
2023-07-25,0.09380137473344803,0.7544630289077758,1.3228169679641724,0.09836929589509964,1.1742481768131257
2023-07-26,0.09353891462087631,0.7645685732364654,1.2684992551803589,0.09906958639621735,0.8338938295841217
2023-07-27,0.09171602576971054,0.2566401094198227,1.4348260521888734,0.6556552469730377,0.7629871428012848
2023-07-28,0.08949516713619232,0.7279294162988663,1.4667780995368958,0.6926962748169899,0.7632896602153778
2023-07-31,0.08773952573537827,0.6919777795672417,1.4721194624900817,0.7086445733904838,0.8156814813613892
2023-08-01,0.08599736094474793,0.6518505707383155,1.5007558584213256,1.1732061803340912,1.0489656627178192
2023-08-02,0.673643572628498,1.1758965447545051,1.5145456075668335,1.2216776967048646,1.3367701709270476
2023-08-03,0.6996658891439438,1.2089206025004386,1.5026765584945678,0.7901525497436523,1.2944821774959565
2023-08-04,0.7157211303710938,0.7649676963686943,1.5132000684738158,0.8803514182567597,1.496322464942932
2023-08-07,0.7436544343829155,0.8361666411161423,1.4948485612869262,0.9740141272544861,1.5457481026649476
2023-08-08,0.7578591853380203,0.9028150916099549,1.633293128013611,0.6044406771659852,1.394680666923523
2023-08-09,0.18150176107883453,0.7540255904197692,1.5050240874290466,0.6443909406661987,1.1617489099502563
2023-08-10,0.16585809886455535,0.7469903111457825,1.3984768509864807,0.6050519466400146,1.0897268533706665
2023-08-11,0.1569739133119583,0.8069951295852661,1.2975482106208802,0.5436640977859497,0.9013328790664673
2023-08-14,0.13307891190052032,0.9221421480178833,1.146395194530487,0.4871663272380829,0.8973336100578309
2023-08-15,0.6864248186349868,1.0433889508247376,0.9677011132240295,0.43168333172798157,0.9043181300163269
2023-08-16,0.7088693529367447,1.017920196056366,1.0938591003417968,0.3475420281291008,0.9412834167480468
2023-08-17,0.7864358931779861,1.369292140007019,1.1891854524612426,0.26414157897233964,0.8098077774047852
2023-08-18,0.8683238476514816,1.316586971282959,1.1988587617874145,0.1989905282855034,0.8949664473533631
2023-08-21,0.9350002467632293,1.28122398853302,1.1816197633743286,0.14443680495023728,1.0345456719398498
2023-08-22,0.4333778083324432,1.2518685817718507,1.2254400968551635,0.10296448767185211,0.9239677548408508
2023-08-23,0.7138129293918609,1.0520677328109742,1.224416184425354,0.7391206786036492,0.9291845083236694
2023-08-24,1.0075935900211335,0.9419443845748902,1.234110379219055,0.7383749976754188,0.9019818663597107
2023-08-25,0.9571090757846832,0.9210972130298615,1.2599210023880005,0.7346759289503098,0.9084448456764221
2023-08-28,1.010097122192383,0.936015385389328,1.3430883407592773,0.733024537563324,0.7514947772026062
2023-08-29,1.1563306331634522,0.941110473871231,1.382431721687317,0.7324686005711556,0.8908621788024902
2023-08-30,0.9427033066749573,0.9162940204143524,1.3859424114227294,0.09052554965019226,0.7584184110164642
2023-08-31,0.6159802317619324,0.7805335581302643,1.3533066272735597,0.08705185502767562,0.677212393283844
2023-09-01,0.6291365921497345,0.861675250530243,1.3561860084533692,0.08804134875535966,1.0199276208877563
2023-09-05,0.5375511974096299,0.8282526850700378,1.322700524330139,0.08909410387277603,1.228873872756958
2023-09-06,0.3629601150751114,0.7991074204444886,1.2374492526054381,0.08978172391653061,1.078932636976242
2023-09-07,0.2955821126699448,0.7790892362594605,1.204154860973358,0.0894264116883278,1.193803894519806
2023-09-08,0.26624307334423064,0.7332316637039185,1.1707926392555237,0.08911888152360917,1.2877722084522247
2023-09-11,0.23153197765350342,0.8288226008415223,1.014385426044464,0.08854371756315231,0.9344374239444733
2023-09-12,0.21764720976352692,1.1919034957885741,0.9846768975257874,0.08787287771701813,0.7133676707744598
2023-09-13,0.18949662446975707,1.104889565706253,1.0709496974945067,0.08765902370214462,0.8051141738891602
2023-09-14,0.15657373070716857,1.1009759724140167,1.1571293592453002,0.08729634433984756,0.790418016910553
2023-09-15,0.7020256698131562,1.3581327855587007,1.1269509315490722,0.0869567111134529,0.7727636456489563
2023-09-18,0.7179218411445618,1.1681249260902404,1.1665567398071288,0.0868008092045784,0.7521429181098938
2023-09-19,0.7659101247787475,0.7879531741142273,1.1971469521522522,0.08650195449590684,0.7136740684509277
2023-09-20,0.8307564109563828,1.0502656400203705,1.1185345292091369,0.08594397008419037,0.6328083574771881
2023-09-21,1.2030642837285996,1.3035725057125092,1.034513008594513,0.08535544574260712,0.8996911823749543
2023-09-22,0.6687967568635941,1.0118288099765778,1.220544970035553,0.08488240838050842,0.8092827439308167
2023-09-25,0.7484109044075012,1.131877863407135,1.3173340678215026,0.08448375165462493,1.0190460324287414
2023-09-26,1.032474285364151,1.3150436997413635,1.480518102645874,0.0842686951160431,0.9649052739143371
2023-09-27,1.0084983706474304,1.0810649037361144,1.6165639162063599,0.6733953446149826,1.0493132293224334
2023-09-28,0.7827873706817627,0.8871570944786071,1.620529556274414,0.6998226508498192,0.789810699224472
2023-09-29,0.8906606495380401,0.9979411959648132,1.5204370975494386,1.2110802978277206,0.8870114326477051
2023-10-02,0.9117650806903839,0.9998041868209839,1.441576886177063,1.6579880073666573,0.8723331689834595
2023-10-03,0.9001132309436798,0.9978217124938965,1.2399863243103026,1.746141070127487,1.2883911848068237
2023-10-04,0.9156242430210113,1.1391720533370973,1.2617518901824951,1.3174373805522919,1.357712972164154
2023-10-05,0.9087598264217377,1.0919899940490723,1.1323480367660523,1.4477553606033324,1.346810758113861
2023-10-06,0.9495672643184662,1.0904415249824524,1.0613016128540038,1.0908461809158325,1.5435073137283326
2023-10-09,0.8814627885818481,0.9865662574768066,1.1862908840179442,0.8138619184494018,1.4788021326065064
2023-10-10,0.6625650525093079,0.8031391024589538,1.2956414461135863,0.8077116429805755,1.1428784608840943
2023-10-11,0.6932757556438446,0.6650082349777222,1.2072461366653442,0.7746380984783172,1.1056911110877992
2023-10-12,0.6420030176639557,0.6064123570919037,1.3611157894134522,0.7192683517932892,1.2555306792259215
2023-10-13,0.5135686278343201,0.8543443858623505,1.280808937549591,0.8413634359836578,1.280880057811737
2023-10-16,0.8983131229877472,1.1716668546199798,1.2361945271492005,0.6841128408908844,1.2858449339866638
2023-10-17,0.7886639654636383,1.2046025335788726,1.2886643052101134,0.6110753446817399,1.477609384059906
2023-10-18,1.2477475941181182,1.4092542111873627,1.2376690745353698,1.06668464243412,1.3778555274009705
2023-10-19,1.200186061859131,1.385133570432663,1.1891045212745666,1.6223081737756728,1.359782874584198
2023-10-20,1.473540300130844,1.2608455836772918,1.3055936098098755,1.3514239281415938,1.083027297258377
2023-10-23,1.0691402912139893,0.9303162515163421,1.3424132823944093,1.3446441516280174,0.978093022108078
2023-10-24,1.2066581130027771,0.9411449730396271,1.2479351997375487,1.344400279223919,0.8301826059818268
2023-10-25,0.9610608458518982,0.9470408260822296,1.4031326055526734,0.771145312488079,1.0452477633953094
2023-10-26,1.3033954203128815,1.2589544415473939,1.4341854333877564,0.12228702306747437,1.1254062354564667
2023-10-27,1.0454223215579987,1.041392195224762,1.4322882890701294,0.6679066002368927,1.2237505197525025
2023-10-30,1.166537833213806,1.1502525568008424,1.379709529876709,0.6691783711314201,1.285424029827118
2023-10-31,1.1800546884536742,1.1589191198348998,1.3611244678497314,0.6725927159190178,1.3232375144958497
2023-11-01,1.0398343205451965,1.0294180631637573,1.2309213638305665,0.6758426561951637,1.2036610960960388
2023-11-02,0.884180748462677,0.9054924726486206,1.193138599395752,0.6807072162628174,1.274340283870697
2023-11-03,0.8611646831035614,1.2157796144485473,1.115530014038086,0.14248533248901368,1.130265337228775
2023-11-06,0.8195704996585846,1.065682527422905,1.0620774269104003,0.14771037101745604,0.9916971862316132
2023-11-07,0.7394371807575226,0.9296430438756943,1.1426519393920898,0.14592384397983552,1.1055713832378387
2023-11-08,0.6247985541820527,0.7956868976354599,1.1757057428359985,0.6488402664661408,1.4153299629688263
2023-11-09,0.43216772079467775,0.5934819668531418,1.188770318031311,0.6885098874568939,1.3496510803699493
2023-11-10,0.7603263556957245,0.5202750653028488,1.205919098854065,1.1337684571743012,1.4086240887641908
2023-11-13,0.640259736776352,0.5218405604362488,1.2234218835830688,1.175161647796631,1.410807466506958
2023-11-14,1.1066825568675995,0.9228289484977722,1.1684567213058472,1.281123900413513,1.3470995426177979
2023-11-15,1.0610874205827714,0.9110463112592697,1.0880274176597595,0.8775486588478089,1.238352632522583
2023-11-16,1.0341204226016998,0.8949665367603302,1.1014238238334655,1.0518199384212494,1.2533949375152589
2023-11-17,0.669762372970581,0.6061913222074509,1.1475934386253357,0.6692329585552216,1.2194579184055327
2023-11-20,0.6750402271747589,1.059250494837761,1.251788365840912,0.6977540194988251,1.2179461240768432
2023-11-21,0.14082529842853547,0.645911431312561,1.1859015345573425,0.867467075586319,1.0291952669620514
2023-11-22,0.1473562091588974,0.6589742213487625,1.2990431308746337,0.771972832083702,0.7197479426860809
2023-11-24,0.15198569893836975,0.6715747654438019,1.390122938156128,0.5639068424701691,0.7682545363903046
2023-11-27,0.15586258769035338,0.6772486597299576,1.2995727777481079,0.4967371255159378,1.0578147530555726
2023-11-28,0.159140145778656,0.2398495614528656,1.2192023038864135,1.0595711559057235,1.0451887607574464
2023-11-29,0.15407703220844268,0.2389373868703842,1.215883445739746,0.7772811785340309,1.186773842573166
2023-11-30,0.14495866894721984,0.22503725290298462,1.1531188011169433,0.762824547290802,1.5030607521533965
2023-12-01,0.13396585136651992,0.20479460060596466,1.1122579097747802,1.3639872461557387,1.4647505819797515
2023-12-04,0.11841715574264526,0.17809519171714783,1.2413984537124634,1.886851567029953,1.1528521358966828
2023-12-05,0.10674687176942825,0.15262048542499543,1.2695091485977172,1.2895592331886292,1.283244252204895
2023-12-06,0.100823412835598,0.134127414226532,1.1986659049987793,1.3656649187207222,1.5115160703659059
2023-12-07,0.09583616256713867,0.7274529427289963,1.196828031539917,1.433144110441208,1.1644574701786041
2023-12-08,0.09445621967315673,0.7195589154958725,1.1874122858047484,1.270125550031662,0.8257172524929046
2023-12-11,0.09395948201417922,0.7187331169843674,1.1793402910232544,1.0783030927181243,0.8225100219249726
2023-12-12,0.09174512326717377,0.7170973405241966,1.1633410692214965,1.101355141401291,0.6674375057220459
2023-12-13,0.757249253988266,1.336506040394306,1.1665810644626617,1.1901916205883025,0.5651554107666016
2023-12-14,0.756679791212082,0.7250903069972991,1.119109970331192,1.1926197469234467,0.9903990685939789
2023-12-15,0.7559637427330017,0.7245862931013107,1.0929629623889923,0.8722940623760224,0.9788312017917633
2023-12-18,0.7559352874755859,0.722884364426136,1.1235089123249054,0.6609467804431916,0.9693626433610916
2023-12-19,0.7571947038173675,0.7228976219892502,1.0662444412708283,0.7197315573692322,0.959185054898262
2023-12-20,0.6645398557186126,0.6597054928541184,1.150541090965271,0.6733517527580262,0.6546269744634629
2023-12-21,0.6957465156912803,1.072194729745388,1.1016290426254272,0.7196445226669311,0.24546978771686553
2023-12-22,0.7080087423324585,1.08127773553133,1.1302374601364136,0.6907838225364685,0.2690814405679703
2023-12-26,0.7266911387443542,1.0886901825666429,0.9002706408500671,0.6537047743797302,0.28003914952278136
2023-12-27,0.7425717264413834,1.0958919942378997,0.9773977160453796,0.6139472723007202,0.6943803548812866
2023-12-28,0.1804012507200241,0.5436867713928223,0.8951365351676941,0.5551537930965423,0.6845293134450913
2023-12-29,0.15812925696372987,0.1380820482969284,0.9867872595787048,0.4723609149456024,0.6566176444292069
